transmission_line_id,transmission_circuit_id,owner,province,operating_region,number_of_circuits,current_type,line_segment_length_km,line_segment_length_mi,line_length_km,line_length_mi,voltage,Transmission_Line_Reactance,Transmission_Line_Segment_Reactance,ttc_summer,ttc_winter,network_node_name_starting,network_node_code_starting,network_node_name_ending,network_node_code_ending,notes,starting_node_code,ending_node_code,summer_rating_mw,winter_rating_mw,reactance_ohm,segment_reactance,length_km,voltage_kV,s_nom,name,type,bus0,bus1,length,v_nom
31552,10B,FortisBC,BC,British Columbia,1,ac,2.7,1.667,2.7,1.667,63,1.03,1.03,30,33,Ruckles JCT,BC_RUC_JCT,Bradford,BC_BRA_ISS,,BC_RUC_JCT,BC_BRA_ISS,30,33,1.03,1.03,2.7,63,33.3333,RUC_JCT_BRA_ISS,63kV,63_RUC_JCT,63_BRA_ISS,2.7,63
31553,10C,FortisBC,BC,British Columbia,1,ac,2.0,1.235,2.0,1.235,63,0.76,0.76,30,33,Christina Lake JCT,BC_CHR_JCT,Christina Lake,BC_CHR_DSS,Circuit ID assumed,BC_CHR_JCT,BC_CHR_DSS,30,33,0.76,0.76,2.0,63,33.3333,CHR_JCT_CHR_DSS,63kV,63_CHR_JCT,63_CHR_DSS,2.0,63
31554,10EL,FortisBC,BC,British Columbia,1,ac,4.8,2.963,52.2,32.222,63,19.84,1.82,30,33,Cascade JCT,BC_CSC_JCT,Cascade,BC_CSC_DSS,,BC_CSC_JCT,BC_CSC_DSS,30,33,19.84,1.82,52.2,63,33.3333,CSC_JCT_CSC_DSS,63kV,63_CSC_JCT,63_CSC_DSS,4.8,63
31555,10EL,FortisBC,BC,British Columbia,1,ac,26.6,16.42,52.2,32.222,63,19.84,10.11,30,33,Christina Lake JCT,BC_CHR_JCT,Cascade JCT,BC_CSC_JCT,,BC_CHR_JCT,BC_CSC_JCT,30,33,19.84,10.11,52.2,63,33.3333,CHR_JCT_CSC_JCT,63kV,63_CHR_JCT,63_CSC_JCT,26.6,63
31556,10EL,FortisBC,BC,British Columbia,1,ac,3.1,1.914,52.2,32.222,63,19.84,1.18,30,33,Grand Forks TS,BC_GFT_TSS,Ruckles JCT,BC_RUC_JCT,,BC_GFT_TSS,BC_RUC_JCT,30,33,19.84,1.18,52.2,63,33.3333,GFT_TSS_RUC_JCT,63kV,63_GFT_TSS,63_RUC_JCT,3.1,63
31557,10EL,FortisBC,BC,British Columbia,1,ac,17.7,10.926,52.2,32.222,63,19.84,6.73,30,33,Ruckles JCT,BC_RUC_JCT,Christina Lake JCT,BC_CHR_JCT,,BC_RUC_JCT,BC_CHR_JCT,30,33,19.84,6.73,52.2,63,33.3333,RUC_JCT_CHR_JCT,63kV,63_RUC_JCT,63_CHR_JCT,17.7,63
31558,10L,FortisBC,BC,British Columbia,1,ac,11.0,6.79,11.0,6.79,63,4.18,4.18,30,33,Cascade JCT,BC_CSC_JCT,Warfield TS,BC_WTS_TSS,,BC_CSC_JCT,BC_WTS_TSS,30,33,4.18,4.18,11.0,63,33.3333,CSC_JCT_WTS_TSS,63kV,63_CSC_JCT,63_WTS_TSS,11.0,63
31559,11EL,FortisBC,BC,British Columbia,1,ac,59.6,36.79,59.6,36.79,161,26.82,26.82,193,212,Grand Forks TS,BC_GFT_TSS,AS Mawdsley TS,BC_ASM_TSS,,BC_GFT_TSS,BC_ASM_TSS,193,212,26.82,26.82,59.6,161,214.4444,GFT_TSS_ASM_TSS,161kV,161_GFT_TSS,161_ASM_TSS,59.6,161
31560,11WL,FortisBC,BC,British Columbia,1,ac,34.1,21.049,34.1,21.049,161,15.35,15.35,193,212,Kettle Valley,BC_KET_DSS,Grand Forks TS,BC_GFT_TSS,,BC_KET_DSS,BC_GFT_TSS,193,212,15.35,15.35,34.1,161,214.4444,KET_DSS_GFT_TSS,161kV,161_KET_DSS,161_GFT_TSS,34.1,161
31561,12L,FortisBC,BC,British Columbia,1,ac,0.743,0.459,0.743,0.459,63,0.28,0.28,30,33,Kootenay Canal GS,BC_KCL_GSS,South Slocan GS,BC_SLC_GSS,Also called 60L227,BC_KCL_GSS,BC_SLC_GSS,30,33,0.28,0.28,0.743,63,33.3333,KCL_GSS_SLC_GSS,63kV,63_KCL_GSS,63_SLC_GSS,0.743,63
31562,13L,FortisBC,BC,British Columbia,1,ac,0.429,0.265,0.429,0.265,63,0.16,0.16,30,33,Kootenay Canal GS,BC_KCL_GSS,South Slocan GS,BC_SLC_GSS,Also called 60L225,BC_KCL_GSS,BC_SLC_GSS,30,33,0.16,0.16,0.429,63,33.3333,KCL_GSS_SLC_GSS,63kV,63_KCL_GSS,63_SLC_GSS,0.429,63
31563,14L,FortisBC,BC,British Columbia,1,ac,16.7,10.309,16.95,10.463,63,6.44,6.35,30,33,Emerald SS,BC_ESS_SWS,Waneta TS,BC_WHS_TSS,,BC_ESS_SWS,BC_WHS_TSS,30,33,6.44,6.35,16.95,63,33.3333,ESS_SWS_WHS_TSS,63kV,63_ESS_SWS,63_WHS_TSS,16.7,63
31564,14L,FortisBC,BC,British Columbia,1,ac,0.25,0.154,16.95,10.463,63,6.44,0.1,30,33,Waneta TS,BC_WHS_TSS,Waneta GS,BC_WAN_GSS,,BC_WHS_TSS,BC_WAN_GSS,30,33,6.44,0.1,16.95,63,33.3333,WHS_TSS_WAN_GSS,63kV,63_WHS_TSS,63_WAN_GSS,0.25,63
31565,15L,FortisBC,BC,British Columbia,1,ac,16.7,10.309,16.95,10.463,63,6.44,6.35,30,33,Emerald SS,BC_ESS_SWS,Waneta TS,BC_WHS_TSS,,BC_ESS_SWS,BC_WHS_TSS,30,33,6.44,6.35,16.95,63,33.3333,ESS_SWS_WHS_TSS,63kV,63_ESS_SWS,63_WHS_TSS,16.7,63
31566,15L,FortisBC,BC,British Columbia,1,ac,0.25,0.154,16.95,10.463,63,6.44,0.1,30,33,Waneta TS,BC_WHS_TSS,Waneta GS,BC_WAN_GSS,,BC_WHS_TSS,BC_WAN_GSS,30,33,6.44,0.1,16.95,63,33.3333,WHS_TSS_WAN_GSS,63kV,63_WHS_TSS,63_WAN_GSS,0.25,63
31567,16L,FortisBC,BC,British Columbia,1,ac,16.7,10.309,16.95,10.463,63,6.44,6.35,30,33,Emerald SS,BC_ESS_SWS,Waneta TS,BC_WHS_TSS,,BC_ESS_SWS,BC_WHS_TSS,30,33,6.44,6.35,16.95,63,33.3333,ESS_SWS_WHS_TSS,63kV,63_ESS_SWS,63_WHS_TSS,16.7,63
31568,16L,FortisBC,BC,British Columbia,1,ac,0.25,0.154,16.95,10.463,63,6.44,0.1,30,33,Waneta TS,BC_WHS_TSS,Waneta GS,BC_WAN_GSS,,BC_WHS_TSS,BC_WAN_GSS,30,33,6.44,0.1,16.95,63,33.3333,WHS_TSS_WAN_GSS,63kV,63_WHS_TSS,63_WAN_GSS,0.25,63
31569,17L,FortisBC,BC,British Columbia,1,ac,16.7,10.309,16.95,10.463,63,6.44,6.35,30,33,Emerald SS,BC_ESS_SWS,Waneta TS,BC_WHS_TSS,,BC_ESS_SWS,BC_WHS_TSS,30,33,6.44,6.35,16.95,63,33.3333,ESS_SWS_WHS_TSS,63kV,63_ESS_SWS,63_WHS_TSS,16.7,63
31570,17L,FortisBC,BC,British Columbia,1,ac,0.25,0.154,16.95,10.463,63,6.44,0.1,30,33,Waneta TS,BC_WHS_TSS,Waneta GS,BC_WAN_GSS,,BC_WHS_TSS,BC_WAN_GSS,30,33,6.44,0.1,16.95,63,33.3333,WHS_TSS_WAN_GSS,63kV,63_WHS_TSS,63_WAN_GSS,0.25,63
31571,18L,FortisBC,BC,British Columbia,1,ac,7.7,4.753,7.7,4.753,63,2.93,2.93,30,33,Waneta TS,BC_WHS_TSS,Beaver Park,BC_BEP_DSS,,BC_WHS_TSS,BC_BEP_DSS,30,33,2.93,2.93,7.7,63,33.3333,WHS_TSS_BEP_DSS,63kV,63_WHS_TSS,63_BEP_DSS,7.7,63
31572,19L,FortisBC,BC,British Columbia,1,ac,30.8,19.012,46.2,28.519,63,17.56,11.7,30,33,Passmore,BC_PAS_DSS,Valhalla,BC_VAL_DSS,,BC_PAS_DSS,BC_VAL_DSS,30,33,17.56,11.7,46.2,63,33.3333,PAS_DSS_VAL_DSS,63kV,63_PAS_DSS,63_VAL_DSS,30.8,63
31573,19L,FortisBC,BC,British Columbia,1,ac,15.4,9.506,46.2,28.519,63,17.56,5.85,30,33,South Slocan GS,BC_SLC_GSS,Passmore,BC_PAS_DSS,,BC_SLC_GSS,BC_PAS_DSS,30,33,17.56,5.85,46.2,63,33.3333,SLC_GSS_PAS_DSS,63kV,63_SLC_GSS,63_PAS_DSS,15.4,63
31574,1L,FortisBC,BC,British Columbia,1,ac,0.9,0.556,0.9,0.556,63,0.34,0.34,30,33,Warfield TS,BC_WTS_TSS,Stoney Creek,BC_STY_DSS,STY used for Stoney Creek to avoid confusion with STC - Site C,BC_WTS_TSS,BC_STY_DSS,30,33,0.34,0.34,0.9,63,33.3333,WTS_TSS_STY_DSS,63kV,63_WTS_TSS,63_STY_DSS,0.9,63
31575,1L001,BC Hydro,BC,British Columbia,1,ac,11.3,6.975,102.8,63.457,138,44.57,4.9,129,143,Douglas GS,BC_DGL_GSS,Stokke GS,BC_SKK_GSS,,BC_DGL_GSS,BC_SKK_GSS,129,143,44.57,4.9,102.8,138,143.3333,DGL_GSS_SKK_GSS,138kV,138_DGL_GSS,138_SKK_GSS,11.3,138
31576,1L001,BC Hydro,BC,British Columbia,1,ac,7.6,4.691,102.8,63.457,138,44.57,3.3,129,143,Fire GS,BC_FRE_GSS,Douglas GS,BC_DGL_GSS,,BC_FRE_GSS,BC_DGL_GSS,129,143,44.57,3.3,102.8,138,143.3333,FRE_GSS_DGL_GSS,138kV,138_FRE_GSS,138_DGL_GSS,7.6,138
31577,1L001,BC Hydro,BC,British Columbia,1,ac,3.8,2.346,102.8,63.457,138,44.57,1.65,129,143,Kwalsa TS,BC_KWL_TSS,Fire GS,BC_FRE_GSS,,BC_KWL_TSS,BC_FRE_GSS,129,143,44.57,1.65,102.8,138,143.3333,KWL_TSS_FRE_GSS,138kV,138_KWL_TSS,138_FRE_GSS,3.8,138
31578,1L001,BC Hydro,BC,British Columbia,1,ac,28.1,17.346,102.8,63.457,138,44.57,12.18,129,143,Kwalsa TS,BC_KWL_TSS,Northwest Stave GS,BC_NWS_GSS,,BC_KWL_TSS,BC_NWS_GSS,129,143,44.57,12.18,102.8,138,143.3333,KWL_TSS_NWS_GSS,138kV,138_KWL_TSS,138_NWS_GSS,28.1,138
31579,1L001,BC Hydro,BC,British Columbia,1,ac,0.1,0.062,102.8,63.457,138,44.57,0.04,129,143,Kwalsa TS,BC_KWL_TSS,Upper Harrison,BC_UHT_DSS,,BC_KWL_TSS,BC_UHT_DSS,129,143,44.57,0.04,102.8,138,143.3333,KWL_TSS_UHT_DSS,138kV,138_KWL_TSS,138_UHT_DSS,0.1,138
31580,1L001,BC Hydro,BC,British Columbia,1,ac,12.8,7.901,102.8,63.457,138,44.57,5.55,129,143,Northwest Stave GS,BC_NWS_GSS,Upper Stave River GS,BC_USR_GSS,,BC_NWS_GSS,BC_USR_GSS,129,143,44.57,5.55,102.8,138,143.3333,NWS_GSS_USR_GSS,138kV,138_NWS_GSS,138_USR_GSS,12.8,138
31581,1L001,BC Hydro,BC,British Columbia,1,ac,34.3,21.173,102.8,63.457,138,44.57,14.87,129,143,Tipella GS,BC_TPA_GSS,Big Silver GS,BC_BSV_GSS,,BC_TPA_GSS,BC_BSV_GSS,129,143,44.57,14.87,102.8,138,143.3333,TPA_GSS_BSV_GSS,138kV,138_TPA_GSS,138_BSV_GSS,34.3,138
31582,1L001,BC Hydro,BC,British Columbia,1,ac,4.0,2.469,102.8,63.457,138,44.57,1.73,129,143,Tipella GS,BC_TPA_GSS,Kwalsa TS,BC_KWL_TSS,,BC_TPA_GSS,BC_KWL_TSS,129,143,44.57,1.73,102.8,138,143.3333,TPA_GSS_KWL_TSS,138kV,138_TPA_GSS,138_KWL_TSS,4.0,138
31583,1L001,BC Hydro,BC,British Columbia,1,ac,0.8,0.494,102.8,63.457,138,44.57,0.35,129,143,Upper Stave River GS,BC_USR_GSS,Lamont GS,BC_LMN_GSS,,BC_USR_GSS,BC_LMN_GSS,129,143,44.57,0.35,102.8,138,143.3333,USR_GSS_LMN_GSS,138kV,138_USR_GSS,138_LMN_GSS,0.8,138
31584,1L002,BC Hydro,BC,British Columbia,1,ac,5.5,3.395,23.1,14.259,138,10.02,2.38,141,156,Bremner GS,BC_BRE_GSS,Trio GS,BC_TRE_GSS,Circuit ID assumed,BC_BRE_GSS,BC_TRE_GSS,141,156,10.02,2.38,23.1,138,156.6667,BRE_GSS_TRE_GSS,138kV,138_BRE_GSS,138_TRE_GSS,5.5,138
31585,1L002,BC Hydro,BC,British Columbia,1,ac,6.4,3.951,23.1,14.259,138,10.02,2.77,141,156,Tretheway GS,BC_TWY_GSS,Bremner GS,BC_BRE_GSS,Circuit ID assumed,BC_TWY_GSS,BC_BRE_GSS,141,156,10.02,2.77,23.1,138,156.6667,TWY_GSS_BRE_GSS,138kV,138_TWY_GSS,138_BRE_GSS,6.4,138
31586,1L002,BC Hydro,BC,British Columbia,1,ac,11.2,6.914,23.1,14.259,138,10.02,4.86,141,156,Upper Harrison,BC_UHT_DSS,Tretheway GS,BC_TWY_GSS,Circuit ID assumed,BC_UHT_DSS,BC_TWY_GSS,141,156,10.02,4.86,23.1,138,156.6667,UHT_DSS_TWY_GSS,138kV,138_UHT_DSS,138_TWY_GSS,11.2,138
31587,1L010,BC Hydro,BC,British Columbia,1,ac,30.0,18.519,55.387,34.19,138,24.01,13.01,129,159,Shawnigan JCT,BC_SHA_JCT,Goward,BC_GOW_DSS,,BC_SHA_JCT,BC_GOW_DSS,129,159,24.01,13.01,55.387,138,143.3333,SHA_JCT_GOW_DSS,138kV,138_SHA_JCT,138_GOW_DSS,30.0,138
31588,1L010,BC Hydro,BC,British Columbia,1,ac,25.387,15.671,55.387,34.19,138,24.01,11.01,152,178,Vancouver Island TS,BC_VIT_TSS,Shawnigan JCT,BC_SHA_JCT,,BC_VIT_TSS,BC_SHA_JCT,152,178,24.01,11.01,55.387,138,168.8889,VIT_TSS_SHA_JCT,138kV,138_VIT_TSS,138_SHA_JCT,25.387,138
31589,1L010SHA,BC Hydro,BC,British Columbia,1,ac,0.08,0.049,0.08,0.049,138,0.03,0.03,141,156,Shawnigan JCT,BC_SHA_JCT,Shawnigan,BC_SHA_DSS,,BC_SHA_JCT,BC_SHA_DSS,141,156,0.03,0.03,0.08,138,156.6667,SHA_JCT_SHA_DSS,138kV,138_SHA_JCT,138_SHA_DSS,0.08,138
31590,1L011,BC Hydro,BC,British Columbia,1,ac,40.36,24.914,55.36,34.173,138,24.0,17.5,124,158,Koksilah JCT,BC_KSH_JCT,Goward,BC_GOW_DSS,,BC_KSH_JCT,BC_GOW_DSS,124,158,24.0,17.5,55.36,138,137.7778,KSH_JCT_GOW_DSS,138kV,138_KSH_JCT,138_GOW_DSS,40.36,138
31591,1L011,BC Hydro,BC,British Columbia,1,ac,15.0,9.259,55.36,34.173,138,24.0,6.5,151,178,Vancouver Island TS,BC_VIT_TSS,Koksilah JCT,BC_KSH_JCT,,BC_VIT_TSS,BC_KSH_JCT,151,178,24.0,6.5,55.36,138,167.7778,VIT_TSS_KSH_JCT,138kV,138_VIT_TSS,138_KSH_JCT,15.0,138
31592,1L011KSH,BC Hydro,BC,British Columbia,1,ac,3.189,1.968,3.189,1.968,138,1.38,1.38,165,210,Koksilah JCT,BC_KSH_JCT,Koksilah,BC_KSH_DSS,,BC_KSH_JCT,BC_KSH_DSS,165,210,1.38,1.38,3.189,138,183.3333,KSH_JCT_KSH_DSS,138kV,138_KSH_JCT,138_KSH_DSS,3.189,138
31593,1L012,BC Hydro,BC,British Columbia,1,ac,6.318,3.9,6.318,3.9,138,2.74,2.74,166,199,Goward,BC_GOW_DSS,George Tripp,BC_GTP_DSS,,BC_GOW_DSS,BC_GTP_DSS,166,199,2.74,2.74,6.318,138,184.4444,GOW_DSS_GTP_DSS,138kV,138_GOW_DSS,138_GTP_DSS,6.318,138
31594,1L014,BC Hydro,BC,British Columbia,1,ac,7.0,4.321,62.92,38.84,138,27.28,3.04,167,198,Koksilah JCT,BC_KSH_JCT,Shawnigan JCT,BC_SHA_JCT,,BC_KSH_JCT,BC_SHA_JCT,167,198,27.28,3.04,62.92,138,185.5556,KSH_JCT_SHA_JCT,138kV,138_KSH_JCT,138_SHA_JCT,7.0,138
31595,1L014,BC Hydro,BC,British Columbia,1,ac,40.92,25.259,62.92,38.84,138,27.28,17.74,166,198,Shawnigan JCT,BC_SHA_JCT,George Tripp,BC_GTP_DSS,,BC_SHA_JCT,BC_GTP_DSS,166,198,27.28,17.74,62.92,138,184.4444,SHA_JCT_GTP_DSS,138kV,138_SHA_JCT,138_GTP_DSS,40.92,138
31596,1L014,BC Hydro,BC,British Columbia,1,ac,15.0,9.259,62.92,38.84,138,27.28,6.5,167,198,Vancouver Island TS,BC_VIT_TSS,Koksilah JCT,BC_KSH_JCT,,BC_VIT_TSS,BC_KSH_JCT,167,198,27.28,6.5,62.92,138,185.5556,VIT_TSS_KSH_JCT,138kV,138_VIT_TSS,138_KSH_JCT,15.0,138
31597,1L014KSH,BC Hydro,BC,British Columbia,1,ac,3.223,1.99,3.223,1.99,138,1.4,1.4,165,210,Koksilah JCT,BC_KSH_JCT,Koksilah,BC_KSH_DSS,,BC_KSH_JCT,BC_KSH_DSS,165,210,1.4,1.4,3.223,138,183.3333,KSH_JCT_KSH_DSS,138kV,138_KSH_JCT,138_KSH_DSS,3.223,138
31598,1L014SHA,BC Hydro,BC,British Columbia,1,ac,0.087,0.054,0.087,0.054,138,0.04,0.04,165,210,Shawnigan JCT,BC_SHA_JCT,Shawnigan,BC_SHA_DSS,,BC_SHA_JCT,BC_SHA_DSS,165,210,0.04,0.04,0.087,138,183.3333,SHA_JCT_SHA_DSS,138kV,138_SHA_JCT,138_SHA_DSS,0.087,138
31599,1L017SAL,BC Hydro,BC,British Columbia,1,ac,0.47,0.29,0.47,0.29,138,0.2,0.2,85,146,Saltspring JCT,BC_SAL_JCT,Saltspring,BC_SAL_DSS,,BC_SAL_JCT,BC_SAL_DSS,85,146,0.2,0.2,0.47,138,94.4444,SAL_JCT_SAL_DSS,138kV,138_SAL_JCT,138_SAL_DSS,0.47,138
31600,1L018,BC Hydro,BC,British Columbia,1,ac,11.0,6.79,64.45,39.784,138,27.94,4.77,85,146,Arnott,BC_ARN_DSS,English Bluff TS,BC_EBT_TSS,,BC_ARN_DSS,BC_EBT_TSS,85,146,27.94,4.77,64.45,138,94.4444,ARN_DSS_EBT_TSS,138kV,138_ARN_DSS,138_EBT_TSS,11.0,138
31601,1L018,BC Hydro,BC,British Columbia,1,ac,23.0,14.198,64.45,39.784,138,27.94,9.97,104,120,English Bluff TS,BC_EBT_TSS,Taylor Bay TS,BC_TBY_TSS,,BC_EBT_TSS,BC_TBY_TSS,104,120,27.94,9.97,64.45,138,115.5556,EBT_TSS_TBY_TSS,138kV,138_EBT_TSS,138_TBY_TSS,23.0,138
31602,1L018,BC Hydro,BC,British Columbia,1,ac,5.0,3.086,64.45,39.784,138,27.94,2.17,85,146,Galiano JCT,BC_GLS_JCT,Montague TS,BC_MTG_TSS,,BC_GLS_JCT,BC_MTG_TSS,85,146,27.94,2.17,64.45,138,94.4444,GLS_JCT_MTG_TSS,138kV,138_GLS_JCT,138_MTG_TSS,5.0,138
31603,1L018,BC Hydro,BC,British Columbia,1,ac,5.8,3.58,64.45,39.784,138,27.94,2.51,85,146,Maracaibo TS,BC_MBO_TSS,Saltspring JCT,BC_SAL_JCT,,BC_MBO_TSS,BC_SAL_JCT,85,146,27.94,2.51,64.45,138,94.4444,MBO_TSS_SAL_JCT,138kV,138_MBO_TSS,138_SAL_JCT,5.8,138
31604,1L018,BC Hydro,BC,British Columbia,1,ac,3.8,2.346,64.45,39.784,138,27.94,1.65,104,120,Montague TS,BC_MTG_TSS,Maracaibo TS,BC_MBO_TSS,,BC_MTG_TSS,BC_MBO_TSS,104,120,27.94,1.65,64.45,138,115.5556,MTG_TSS_MBO_TSS,138kV,138_MTG_TSS,138_MBO_TSS,3.8,138
31605,1L018,BC Hydro,BC,British Columbia,1,ac,15.8,9.753,64.45,39.784,138,27.94,6.85,85,146,Saltspring JCT,BC_SAL_JCT,Vancouver Island TS,BC_VIT_TSS,,BC_SAL_JCT,BC_VIT_TSS,85,146,27.94,6.85,64.45,138,94.4444,SAL_JCT_VIT_TSS,138kV,138_SAL_JCT,138_VIT_TSS,15.8,138
31606,1L018,BC Hydro,BC,British Columbia,1,ac,0.05,0.031,64.45,39.784,138,27.94,0.02,85,146,Taylor Bay TS,BC_TBY_TSS,Galiano JCT,BC_GLS_JCT,,BC_TBY_TSS,BC_GLS_JCT,85,146,27.94,0.02,64.45,138,94.4444,TBY_TSS_GLS_JCT,138kV,138_TBY_TSS,138_GLS_JCT,0.05,138
31607,1L018GLS,BC Hydro,BC,British Columbia,1,ac,0.115,0.071,0.115,0.071,138,0.05,0.05,162,155,Galiano JCT,BC_GLS_JCT,Galiano,BC_GLS_DSS,,BC_GLS_JCT,BC_GLS_DSS,162,155,0.05,0.05,0.115,138,180.0,GLS_JCT_GLS_DSS,138kV,138_GLS_JCT,138_GLS_DSS,0.115,138
31608,1L018SAL,BC Hydro,BC,British Columbia,1,ac,0.48,0.296,0.48,0.296,138,0.21,0.21,85,146,Saltspring JCT,BC_SAL_JCT,Saltspring,BC_SAL_DSS,,BC_SAL_JCT,BC_SAL_DSS,85,146,0.21,0.21,0.48,138,94.4444,SAL_JCT_SAL_DSS,138kV,138_SAL_JCT,138_SAL_DSS,0.48,138
31609,1L031,BC Hydro,BC,British Columbia,1,ac,28.04,17.309,63.04,38.914,138,27.33,12.16,63,102,Box Canyon JCT,BC_BOX_JCT,Gibsons,BC_GIB_DSS,,BC_BOX_JCT,BC_GIB_DSS,63,102,27.33,12.16,63.04,138,70.0,BOX_JCT_GIB_DSS,138kV,138_BOX_JCT,138_GIB_DSS,28.04,138
31610,1L031,BC Hydro,BC,British Columbia,1,ac,20.0,12.346,63.04,38.914,138,27.33,8.67,116,138,Cheekye,BC_CKY_DSS,Woodfibre JCT,BC_WFR_JCT,,BC_CKY_DSS,BC_WFR_JCT,116,138,27.33,8.67,63.04,138,128.8889,CKY_DSS_WFR_JCT,138kV,138_CKY_DSS,138_WFR_JCT,20.0,138
31611,1L031,BC Hydro,BC,British Columbia,1,ac,15.0,9.259,63.04,38.914,138,27.33,6.5,116,138,Woodfibre JCT,BC_WFR_JCT,Box Canyon JCT,BC_BOX_JCT,,BC_WFR_JCT,BC_BOX_JCT,116,138,27.33,6.5,63.04,138,128.8889,WFR_JCT_BOX_JCT,138kV,138_WFR_JCT,138_BOX_JCT,15.0,138
31612,1L031BOX,BC Hydro,BC,British Columbia,1,ac,2.9,1.79,2.9,1.79,138,1.26,1.26,130,156,Box Canyon JCT,BC_BOX_JCT,Box Canyon GS,BC_BOX_GSS,,BC_BOX_JCT,BC_BOX_GSS,130,156,1.26,1.26,2.9,138,144.4444,BOX_JCT_BOX_GSS,138kV,138_BOX_JCT,138_BOX_GSS,2.9,138
31613,1L031WFR,BC Hydro,BC,British Columbia,1,ac,0.655,0.405,0.655,0.405,138,0.28,0.28,141,156,Woodfibre JCT,BC_WFR_JCT,Woodfibre,BC_WFR_DSS,,BC_WFR_JCT,BC_WFR_DSS,141,156,0.28,0.28,0.655,138,156.6667,WFR_JCT_WFR_DSS,138kV,138_WFR_JCT,138_WFR_DSS,0.655,138
31614,1L032,BC Hydro,BC,British Columbia,1,ac,20.679,12.765,20.679,12.765,138,8.97,8.97,110,132,Sechelt,BC_SEC_DSS,Gibsons,BC_GIB_DSS,,BC_SEC_DSS,BC_GIB_DSS,110,132,8.97,8.97,20.679,138,122.2222,SEC_DSS_GIB_DSS,138kV,138_SEC_DSS,138_GIB_DSS,20.679,138
31615,1L033,BC Hydro,BC,British Columbia,1,ac,3.59,2.216,32.59,20.117,138,14.13,1.56,114,136,Forest View JCT,BC_FVW_JCT,Powell,BC_POW_DSS,,BC_FVW_JCT,BC_POW_DSS,114,136,14.13,1.56,32.59,138,126.6667,FVW_JCT_POW_DSS,138kV,138_FVW_JCT,138_POW_DSS,3.59,138
31616,1L033,BC Hydro,BC,British Columbia,1,ac,4.0,2.469,32.59,20.117,138,14.13,1.73,114,136,Grief Point JCT,BC_GPT_JCT,Forest View JCT,BC_FVW_JCT,,BC_GPT_JCT,BC_FVW_JCT,114,136,14.13,1.73,32.59,138,126.6667,GPT_JCT_FVW_JCT,138kV,138_GPT_JCT,138_FVW_JCT,4.0,138
31617,1L033,BC Hydro,BC,British Columbia,1,ac,25.0,15.432,32.59,20.117,138,14.13,10.84,114,136,Saltery Bay,BC_SAY_DSS,Grief Point JCT,BC_GPT_JCT,,BC_SAY_DSS,BC_GPT_JCT,114,136,14.13,10.84,32.59,138,126.6667,SAY_DSS_GPT_JCT,138kV,138_SAY_DSS,138_GPT_JCT,25.0,138
31618,1L033FVW,BC Hydro,BC,British Columbia,1,ac,0.032,0.02,0.032,0.02,138,0.01,0.01,141,156,Forest View JCT,BC_FVW_JCT,Forest View,BC_FVW_DSS,,BC_FVW_JCT,BC_FVW_DSS,141,156,0.01,0.01,0.032,138,156.6667,FVW_JCT_FVW_DSS,138kV,138_FVW_JCT,138_FVW_DSS,0.032,138
31619,1L033GPT,BC Hydro,BC,British Columbia,1,ac,3.969,2.45,3.969,2.45,138,1.72,1.72,141,156,Grief Point JCT,BC_GPT_JCT,Grief Point,BC_GPT_DSS,,BC_GPT_JCT,BC_GPT_DSS,141,156,1.72,1.72,3.969,138,156.6667,GPT_JCT_GPT_DSS,138kV,138_GPT_JCT,138_GPT_DSS,3.969,138
31620,1L035,BC Hydro,BC,British Columbia,1,ac,5.6,3.457,30.6,18.889,138,13.27,2.43,111,134,Pender Harbour,BC_PHR_DSS,Malaspina,BC_MSA_DSS,,BC_PHR_DSS,BC_MSA_DSS,111,134,13.27,2.43,30.6,138,123.3333,PHR_DSS_MSA_DSS,138kV,138_PHR_DSS,138_MSA_DSS,5.6,138
31621,1L035,BC Hydro,BC,British Columbia,1,ac,25.0,15.432,30.6,18.889,138,13.27,10.84,111,134,Sechelt,BC_SEC_DSS,Pender Harbour,BC_PHR_DSS,,BC_SEC_DSS,BC_PHR_DSS,111,134,13.27,10.84,30.6,138,123.3333,SEC_DSS_PHR_DSS,138kV,138_SEC_DSS,138_PHR_DSS,25.0,138
31622,1L037,BC Hydro,BC,British Columbia,1,ac,3.0,1.852,27.6,17.037,138,11.97,1.3,114,136,Malaspina,BC_MSA_DSS,Narrows Inlet JCT,BC_NIT_JCT,,BC_MSA_DSS,BC_NIT_JCT,114,136,11.97,1.3,27.6,138,126.6667,MSA_DSS_NIT_JCT,138kV,138_MSA_DSS,138_NIT_JCT,3.0,138
31623,1L037,BC Hydro,BC,British Columbia,1,ac,24.6,15.185,27.6,17.037,138,11.97,10.67,114,136,Narrows Inlet JCT,BC_NIT_JCT,Saltery Bay,BC_SAY_DSS,,BC_NIT_JCT,BC_SAY_DSS,114,136,11.97,10.67,27.6,138,126.6667,NIT_JCT_SAY_DSS,138kV,138_NIT_JCT,138_SAY_DSS,24.6,138
31624,1L037NIT,BC Hydro,BC,British Columbia,1,ac,11.937,7.368,11.937,7.368,138,5.18,5.18,141,156,Narrows Inlet JCT,BC_NIT_JCT,Narrows Inlet GS,BC_NIT_GSS,,BC_NIT_JCT,BC_NIT_GSS,141,156,5.18,5.18,11.937,138,156.6667,NIT_JCT_NIT_GSS,138kV,138_NIT_JCT,138_NIT_GSS,11.937,138
31625,1L038,BC Hydro,BC,British Columbia,1,ac,1.426,0.88,1.426,0.88,138,0.62,0.62,141,156,Cheekye,BC_CKY_DSS,Skookum Creek GS,BC_SKO_GSS,,BC_CKY_DSS,BC_SKO_GSS,141,156,0.62,0.62,1.426,138,156.6667,CKY_DSS_SKO_GSS,138kV,138_CKY_DSS,138_SKO_GSS,1.426,138
31626,1L044,BC Hydro,BC,British Columbia,1,ac,8.0,4.938,50.31,31.056,138,21.81,3.47,114,136,Bear Creek,BC_BRK_DSS,Lower Clowhom GS,BC_LCH_GSS,Circuit ID assumed,BC_BRK_DSS,BC_LCH_GSS,114,136,21.81,3.47,50.31,138,126.6667,BRK_DSS_LCH_GSS,138kV,138_BRK_DSS,138_LCH_GSS,8.0,138
31627,1L044,BC Hydro,BC,British Columbia,1,ac,3.0,1.852,50.31,31.056,138,21.81,1.3,114,136,Clowhom GS,BC_COM_GSS,Lower Bear GS,BC_BHL_GSS,Circuit ID assumed,BC_COM_GSS,BC_BHL_GSS,114,136,21.81,1.3,50.31,138,126.6667,COM_GSS_BHL_GSS,138kV,138_COM_GSS,138_BHL_GSS,3.0,138
31628,1L044,BC Hydro,BC,British Columbia,1,ac,2.81,1.735,50.31,31.056,138,21.81,1.22,114,136,Clowhom GS,BC_COM_GSS,Sechelt Creek GS JCT,BC_SCG_JCT,,BC_COM_GSS,BC_SCG_JCT,114,136,21.81,1.22,50.31,138,126.6667,COM_GSS_SCG_JCT,138kV,138_COM_GSS,138_SCG_JCT,2.81,138
31629,1L044,BC Hydro,BC,British Columbia,1,ac,0.5,0.309,50.31,31.056,138,21.81,0.22,114,136,Lower Bear GS,BC_BHL_GSS,Bear Creek,BC_BRK_DSS,Circuit ID assumed,BC_BHL_GSS,BC_BRK_DSS,114,136,21.81,0.22,50.31,138,126.6667,BHL_GSS_BRK_DSS,138kV,138_BHL_GSS,138_BRK_DSS,0.5,138
31630,1L044,BC Hydro,BC,British Columbia,1,ac,1.0,0.617,50.31,31.056,138,21.81,0.43,114,136,Lower Clowhom GS,BC_LCH_GSS,Upper Clowhom GS,BC_UCH_GSS,Circuit ID assumed,BC_LCH_GSS,BC_UCH_GSS,114,136,21.81,0.43,50.31,138,126.6667,LCH_GSS_UCH_GSS,138kV,138_LCH_GSS,138_UCH_GSS,1.0,138
31631,1L044,BC Hydro,BC,British Columbia,1,ac,35.0,21.605,50.31,31.056,138,21.81,15.18,114,136,Sechelt Creek GS JCT,BC_SCG_JCT,Sechelt,BC_SEC_DSS,,BC_SCG_JCT,BC_SEC_DSS,114,136,21.81,15.18,50.31,138,126.6667,SCG_JCT_SEC_DSS,138kV,138_SCG_JCT,138_SEC_DSS,35.0,138
31632,1L044BHU,BC Hydro,BC,British Columbia,1,ac,5.0,3.086,5.0,3.086,138,2.17,2.17,114,136,Lower Bear GS,BC_BHL_GSS,Upper Bear GS,BC_BHU_GSS,Circuit ID assumed,BC_BHL_GSS,BC_BHU_GSS,114,136,2.17,2.17,5.0,138,126.6667,BHL_GSS_BHU_GSS,138kV,138_BHL_GSS,138_BHU_GSS,5.0,138
31633,1L044SCG,BC Hydro,BC,British Columbia,1,ac,0.26,0.161,0.26,0.161,138,0.11,0.11,114,136,Sechelt Creek GS JCT,BC_SCG_JCT,Sechelt Creek GS,BC_SCG_GSS,,BC_SCG_JCT,BC_SCG_GSS,114,136,0.11,0.11,0.26,138,126.6667,SCG_JCT_SCG_GSS,138kV,138_SCG_JCT,138_SCG_GSS,0.26,138
31634,1L048,BC Hydro,BC,British Columbia,1,ac,3.59,2.216,32.59,20.117,138,14.13,1.56,143,184,Forest View JCT,BC_FVW_JCT,Powell,BC_POW_DSS,,BC_FVW_JCT,BC_POW_DSS,143,184,14.13,1.56,32.59,138,158.8889,FVW_JCT_POW_DSS,138kV,138_FVW_JCT,138_POW_DSS,3.59,138
31635,1L048,BC Hydro,BC,British Columbia,1,ac,4.0,2.469,32.59,20.117,138,14.13,1.73,182,207,Grief Point JCT,BC_GPT_JCT,Forest View JCT,BC_FVW_JCT,,BC_GPT_JCT,BC_FVW_JCT,182,207,14.13,1.73,32.59,138,202.2222,GPT_JCT_FVW_JCT,138kV,138_GPT_JCT,138_FVW_JCT,4.0,138
31636,1L048,BC Hydro,BC,British Columbia,1,ac,25.0,15.432,32.59,20.117,138,14.13,10.84,253,293,Saltery Bay,BC_SAY_DSS,Grief Point JCT,BC_GPT_JCT,,BC_SAY_DSS,BC_GPT_JCT,253,293,14.13,10.84,32.59,138,281.1111,SAY_DSS_GPT_JCT,138kV,138_SAY_DSS,138_GPT_JCT,25.0,138
31637,1L048GPT,BC Hydro,BC,British Columbia,1,ac,4.185,2.584,4.185,2.584,138,1.81,1.81,141,156,Grief Point JCT,BC_GPT_JCT,Grief Point,BC_GPT_DSS,,BC_GPT_JCT,BC_GPT_DSS,141,156,1.81,1.81,4.185,138,156.6667,GPT_JCT_GPT_DSS,138kV,138_GPT_JCT,138_GPT_DSS,4.185,138
31638,1L055,BC Hydro,BC,British Columbia,1,ac,17.0,10.494,47.85,29.537,138,20.75,7.37,58,111,Cominco Copper Division JCT,BC_CCD_JCT,Lornex Low Level Dam,BC_LLD_ISS,,BC_CCD_JCT,BC_LLD_ISS,58,111,20.75,7.37,47.85,138,64.4444,CCD_JCT_LLD_ISS,138kV,138_CCD_JCT,138_LLD_ISS,17.0,138
31639,1L055,BC Hydro,BC,British Columbia,1,ac,8.7,5.37,47.85,29.537,138,20.75,3.77,193,248,Highland,BC_HLD_DSS,Highland Valley Copper JCT,BC_HVC_JCT,,BC_HLD_DSS,BC_HVC_JCT,193,248,20.75,3.77,47.85,138,214.4444,HLD_DSS_HVC_JCT,138kV,138_HLD_DSS,138_HVC_JCT,8.7,138
31640,1L055,BC Hydro,BC,British Columbia,1,ac,9.3,5.741,47.85,29.537,138,20.75,4.03,58,111,Highland Valley Copper JCT,BC_HVC_JCT,Cominco Copper Division JCT,BC_CCD_JCT,,BC_HVC_JCT,BC_CCD_JCT,58,111,20.75,4.03,47.85,138,64.4444,HVC_JCT_CCD_JCT,138kV,138_HVC_JCT,138_CCD_JCT,9.3,138
31641,1L055,BC Hydro,BC,British Columbia,1,ac,12.85,7.932,47.85,29.537,138,20.75,5.57,58,111,Lornex Low Level Dam,BC_LLD_ISS,Spatsum,BC_STL_DSS,,BC_LLD_ISS,BC_STL_DSS,58,111,20.75,5.57,47.85,138,64.4444,LLD_ISS_STL_DSS,138kV,138_LLD_ISS,138_STL_DSS,12.85,138
31642,1L055CCD,BC Hydro,BC,British Columbia,1,ac,2.0,1.235,2.0,1.235,138,0.87,0.87,193,248,Cominco Copper Division JCT,BC_CCD_JCT,Cominco Copper Division,BC_CCD_ISS,,BC_CCD_JCT,BC_CCD_ISS,193,248,0.87,0.87,2.0,138,214.4444,CCD_JCT_CCD_ISS,138kV,138_CCD_JCT,138_CCD_ISS,2.0,138
31643,1L055HVC,BC Hydro,BC,British Columbia,1,ac,9.9,6.111,9.9,6.111,138,4.29,4.29,193,248,Highland Valley Copper JCT,BC_HVC_JCT,Highland Valley Copper,BC_HVC_ISS,,BC_HVC_JCT,BC_HVC_ISS,193,248,4.29,4.29,9.9,138,214.4444,HVC_JCT_HVC_ISS,138kV,138_HVC_JCT,138_HVC_ISS,9.9,138
31644,1L057,BC Hydro,BC,British Columbia,1,ac,72.241,44.593,72.241,44.593,138,31.32,31.32,141,156,Highland,BC_HLD_DSS,Kwoiek Creek GS,BC_KCH_GSS,Line may not be currently energized,BC_HLD_DSS,BC_KCH_GSS,141,156,31.32,31.32,72.241,138,156.6667,HLD_DSS_KCH_GSS,138kV,138_HLD_DSS,138_KCH_GSS,72.241,138
31645,1L101,BC Hydro,BC,British Columbia,1,ac,20.0,12.346,88.74,54.778,138,38.48,8.67,142,183,Buckley Bay JCT,BC_BKB_JCT,Comox JCT,BC_CMX_JCT,,BC_BKB_JCT,BC_CMX_JCT,142,183,38.48,8.67,88.74,138,157.7778,BKB_JCT_CMX_JCT,138kV,138_BKB_JCT,138_CMX_JCT,20.0,138
31646,1L101,BC Hydro,BC,British Columbia,1,ac,30.0,18.519,88.74,54.778,138,38.48,13.01,142,183,Comox JCT,BC_CMX_JCT,Oyster River JCT,BC_OYR_JCT,,BC_CMX_JCT,BC_OYR_JCT,142,183,38.48,13.01,88.74,138,157.7778,CMX_JCT_OYR_JCT,138kV,138_CMX_JCT,138_OYR_JCT,30.0,138
31647,1L101,BC Hydro,BC,British Columbia,1,ac,20.0,12.346,88.74,54.778,138,38.48,8.67,142,183,Dunsmuir,BC_DMR_DSS,Buckley Bay JCT,BC_BKB_JCT,,BC_DMR_DSS,BC_BKB_JCT,142,183,38.48,8.67,88.74,138,157.7778,DMR_DSS_BKB_JCT,138kV,138_DMR_DSS,138_BKB_JCT,20.0,138
31648,1L101,BC Hydro,BC,British Columbia,1,ac,18.74,11.568,88.74,54.778,138,38.48,8.13,142,183,Oyster River JCT,BC_OYR_JCT,John Hart GS,BC_JHT_GSS,,BC_OYR_JCT,BC_JHT_GSS,142,183,38.48,8.13,88.74,138,157.7778,OYR_JCT_JHT_GSS,138kV,138_OYR_JCT,138_JHT_GSS,18.74,138
31649,1L101BKB,BC Hydro,BC,British Columbia,1,ac,0.089,0.055,0.089,0.055,138,0.04,0.04,141,156,Buckley Bay JCT,BC_BKB_JCT,Buckley Bay,BC_BKB_DSS,,BC_BKB_JCT,BC_BKB_DSS,141,156,0.04,0.04,0.089,138,156.6667,BKB_JCT_BKB_DSS,138kV,138_BKB_JCT,138_BKB_DSS,0.089,138
31650,1L101CMX,BC Hydro,BC,British Columbia,1,ac,7.747,4.782,7.747,4.782,138,3.36,3.36,242,312,Comox JCT,BC_CMX_JCT,Comox,BC_CMX_DSS,,BC_CMX_JCT,BC_CMX_DSS,242,312,3.36,3.36,7.747,138,268.8889,CMX_JCT_CMX_DSS,138kV,138_CMX_JCT,138_CMX_DSS,7.747,138
31651,1L101OYR,BC Hydro,BC,British Columbia,1,ac,0.478,0.295,0.478,0.295,138,0.21,0.21,144,184,Oyster River JCT,BC_OYR_JCT,Oyster River,BC_OYR_DSS,,BC_OYR_JCT,BC_OYR_DSS,144,184,0.21,0.21,0.478,138,160.0,OYR_JCT_OYR_DSS,138kV,138_OYR_JCT,138_OYR_DSS,0.478,138
31652,1L102,BC Hydro,BC,British Columbia,1,ac,3.0,1.852,45.56,28.123,138,19.75,1.3,156,167,Campbell River JCT,BC_CBL_JCT,John Hart GS,BC_JHT_GSS,,BC_CBL_JCT,BC_JHT_GSS,156,167,19.75,1.3,45.56,138,173.3333,CBL_JCT_JHT_GSS,138kV,138_CBL_JCT,138_JHT_GSS,3.0,138
31653,1L102,BC Hydro,BC,British Columbia,1,ac,42.4,26.173,45.56,28.123,138,19.75,18.38,151,178,Comox JCT,BC_CMX_JCT,Campbell River JCT,BC_CBL_JCT,,BC_CMX_JCT,BC_CBL_JCT,151,178,19.75,18.38,45.56,138,167.7778,CMX_JCT_CBL_JCT,138kV,138_CMX_JCT,138_CBL_JCT,42.4,138
31654,1L102,BC Hydro,BC,British Columbia,1,ac,0.16,0.099,45.56,28.123,138,19.75,0.07,151,178,Puntledge JCT,BC_PUN_JCT,Comox JCT,BC_CMX_JCT,,BC_PUN_JCT,BC_CMX_JCT,151,178,19.75,0.07,45.56,138,167.7778,PUN_JCT_CMX_JCT,138kV,138_PUN_JCT,138_CMX_JCT,0.16,138
31655,1L102CBL,BC Hydro,BC,British Columbia,1,ac,5.187,3.202,5.187,3.202,138,2.25,2.25,73,146,Campbell River JCT,BC_CBL_JCT,Campbell River,BC_CBL_DSS,,BC_CBL_JCT,BC_CBL_DSS,73,146,2.25,2.25,5.187,138,81.1111,CBL_JCT_CBL_DSS,138kV,138_CBL_JCT,138_CBL_DSS,5.187,138
31656,1L102CMX,BC Hydro,BC,British Columbia,1,ac,7.767,4.794,7.767,4.794,138,3.37,3.37,242,312,Comox JCT,BC_CMX_JCT,Comox,BC_CMX_DSS,,BC_CMX_JCT,BC_CMX_DSS,242,312,3.37,3.37,7.767,138,268.8889,CMX_JCT_CMX_DSS,138kV,138_CMX_JCT,138_CMX_DSS,7.767,138
31657,1L102PUN,BC Hydro,BC,British Columbia,1,ac,0.81,0.5,0.81,0.5,138,0.35,0.35,141,156,Puntledge JCT,BC_PUN_JCT,Puntledge GS,BC_PUN_GSS,,BC_PUN_JCT,BC_PUN_GSS,141,156,0.35,0.35,0.81,138,156.6667,PUN_JCT_PUN_GSS,138kV,138_PUN_JCT,138_PUN_GSS,0.81,138
31658,1L103,BC Hydro,BC,British Columbia,1,ac,2.0,1.235,3.81,2.352,138,1.65,0.87,303,362,Island GS JCT,BC_ICG_JCT,Elk Falls Mill,BC_EFM_ISS,,BC_ICG_JCT,BC_EFM_ISS,303,362,1.65,0.87,3.81,138,336.6667,ICG_JCT_EFM_ISS,138kV,138_ICG_JCT,138_EFM_ISS,2.0,138
31659,1L103,BC Hydro,BC,British Columbia,1,ac,1.81,1.117,3.81,2.352,138,1.65,0.78,156,167,John Hart GS,BC_JHT_GSS,Island GS JCT,BC_ICG_JCT,,BC_JHT_GSS,BC_ICG_JCT,156,167,1.65,0.78,3.81,138,173.3333,JHT_GSS_ICG_JCT,138kV,138_JHT_GSS,138_ICG_JCT,1.81,138
31660,1L103ICG,BC Hydro,BC,British Columbia,1,ac,0.079,0.049,0.079,0.049,138,0.03,0.03,297,297,Island GS JCT,BC_ICG_JCT,Island GS,BC_ICG_GSS,,BC_ICG_JCT,BC_ICG_GSS,297,297,0.03,0.03,0.079,138,330.0,ICG_JCT_ICG_GSS,138kV,138_ICG_JCT,138_ICG_GSS,0.079,138
31661,1L104,BC Hydro,BC,British Columbia,1,ac,2.0,1.235,3.82,2.358,138,1.66,0.87,302,362,Island GS JCT,BC_ICG_JCT,Elk Falls Mill,BC_EFM_ISS,,BC_ICG_JCT,BC_EFM_ISS,302,362,1.66,0.87,3.82,138,335.5556,ICG_JCT_EFM_ISS,138kV,138_ICG_JCT,138_EFM_ISS,2.0,138
31662,1L104,BC Hydro,BC,British Columbia,1,ac,1.82,1.123,3.82,2.358,138,1.66,0.79,150,178,John Hart GS,BC_JHT_GSS,Island GS JCT,BC_ICG_JCT,,BC_JHT_GSS,BC_ICG_JCT,150,178,1.66,0.79,3.82,138,166.6667,JHT_GSS_ICG_JCT,138kV,138_JHT_GSS,138_ICG_JCT,1.82,138
31663,1L104ICG,BC Hydro,BC,British Columbia,1,ac,0.075,0.046,0.075,0.046,138,0.03,0.03,297,297,Island GS JCT,BC_ICG_JCT,Island GS,BC_ICG_GSS,,BC_ICG_JCT,BC_ICG_GSS,297,297,0.03,0.03,0.075,138,330.0,ICG_JCT_ICG_GSS,138kV,138_ICG_JCT,138_ICG_GSS,0.075,138
31664,1L105,BC Hydro,BC,British Columbia,1,ac,20.845,12.867,20.845,12.867,138,9.04,9.04,148,152,Dunsmuir,BC_DMR_DSS,Port Alberni,BC_PAL_DSS,,BC_DMR_DSS,BC_PAL_DSS,148,152,9.04,9.04,20.845,138,164.4444,DMR_DSS_PAL_DSS,138kV,138_DMR_DSS,138_PAL_DSS,20.845,138
31665,1L106,BC Hydro,BC,British Columbia,1,ac,42.891,26.476,42.891,26.476,138,18.6,18.6,148,176,Dunsmuir,BC_DMR_DSS,Puntledge GS,BC_PUN_GSS,,BC_DMR_DSS,BC_PUN_GSS,148,176,18.6,18.6,42.891,138,164.4444,DMR_DSS_PUN_GSS,138kV,138_DMR_DSS,138_PUN_GSS,42.891,138
31666,1L106PUN,BC Hydro,BC,British Columbia,1,ac,0.866,0.535,0.866,0.535,138,0.38,0.38,141,156,Dunsmuir,BC_DMR_DSS,Puntledge GS,BC_PUN_GSS,,BC_DMR_DSS,BC_PUN_GSS,141,156,0.38,0.38,0.866,138,156.6667,DMR_DSS_PUN_GSS,138kV,138_DMR_DSS,138_PUN_GSS,0.866,138
31667,1L109,BC Hydro,BC,British Columbia,1,ac,7.0,4.321,41.57,25.66,138,18.02,3.04,126,159,Harewood West,BC_HWW_DSS,South Wellington JCT,BC_SWN_JCT,,BC_HWW_DSS,BC_SWN_JCT,126,159,18.02,3.04,41.57,138,140.0,HWW_DSS_SWN_JCT,138kV,138_HWW_DSS,138_SWN_JCT,7.0,138
31668,1L109,BC Hydro,BC,British Columbia,1,ac,4.57,2.821,41.57,25.66,138,18.02,1.98,244,293,Prevost,BC_PVO_DSS,Vancouver Island TS,BC_VIT_TSS,,BC_PVO_DSS,BC_VIT_TSS,244,293,18.02,1.98,41.57,138,271.1111,PVO_DSS_VIT_TSS,138kV,138_PVO_DSS,138_VIT_TSS,4.57,138
31669,1L109,BC Hydro,BC,British Columbia,1,ac,30.0,18.519,41.57,25.66,138,18.02,13.01,126,159,South Wellington JCT,BC_SWN_JCT,Prevost,BC_PVO_DSS,,BC_SWN_JCT,BC_PVO_DSS,126,159,18.02,13.01,41.57,138,140.0,SWN_JCT_PVO_DSS,138kV,138_SWN_JCT,138_PVO_DSS,30.0,138
31670,1L109SWN,BC Hydro,BC,British Columbia,1,ac,0.16,0.099,0.16,0.099,138,0.07,0.07,148,177,South Wellington JCT,BC_SWN_JCT,South Wellington,BC_SWN_DSS,,BC_SWN_JCT,BC_SWN_DSS,148,177,0.07,0.07,0.16,138,164.4444,SWN_JCT_SWN_DSS,138kV,138_SWN_JCT,138_SWN_DSS,0.16,138
31671,1L110,BC Hydro,BC,British Columbia,1,ac,3.046,1.88,3.046,1.88,138,1.32,1.32,243,347,Jinglepot,BC_JPT_DSS,Northfield,BC_NFD_DSS,,BC_JPT_DSS,BC_NFD_DSS,243,347,1.32,1.32,3.046,138,270.0,JPT_DSS_NFD_DSS,138kV,138_JPT_DSS,138_NFD_DSS,3.046,138
31672,1L112,BC Hydro,BC,British Columbia,1,ac,4.0,2.469,15.0,9.259,138,6.5,1.73,129,166,Harewood JCT,BC_HWD_JCT,Nexen JCT,BC_NEX_JCT,,BC_HWD_JCT,BC_NEX_JCT,129,166,6.5,1.73,15.0,138,143.3333,HWD_JCT_NEX_JCT,138kV,138_HWD_JCT,138_NEX_JCT,4.0,138
31673,1L112,BC Hydro,BC,British Columbia,1,ac,10.0,6.173,15.0,9.259,138,6.5,4.34,129,166,Jinglepot,BC_JPT_DSS,Harewood JCT,BC_HWD_JCT,,BC_JPT_DSS,BC_HWD_JCT,129,166,6.5,4.34,15.0,138,143.3333,JPT_DSS_HWD_JCT,138kV,138_JPT_DSS,138_HWD_JCT,10.0,138
31674,1L112,BC Hydro,BC,British Columbia,1,ac,1.0,0.617,15.0,9.259,138,6.5,0.43,129,166,Nexen JCT,BC_NEX_JCT,Harmac Pacific,BC_HMC_ISS,,BC_NEX_JCT,BC_HMC_ISS,129,166,6.5,0.43,15.0,138,143.3333,NEX_JCT_HMC_ISS,138kV,138_NEX_JCT,138_HMC_ISS,1.0,138
31675,1L112HWD,BC Hydro,BC,British Columbia,1,ac,0.17,0.105,0.17,0.105,138,0.07,0.07,238,307,Harewood JCT,BC_HWD_JCT,Harewood,BC_HWD_DSS,Ampacity presumed sames as 1L123HWD,BC_HWD_JCT,BC_HWD_DSS,238,307,0.07,0.07,0.17,138,264.4444,HWD_JCT_HWD_DSS,138kV,138_HWD_JCT,138_HWD_DSS,0.17,138
31676,1L112NEX,BC Hydro,BC,British Columbia,1,ac,0.707,0.436,0.707,0.436,138,0.31,0.31,69,130,Nexen JCT,BC_NEX_JCT,Nexen JCT,BC_NEX_ISS,,BC_NEX_JCT,BC_NEX_ISS,69,130,0.31,0.31,0.707,138,76.6667,NEX_JCT_NEX_ISS,138kV,138_NEX_JCT,138_NEX_ISS,0.707,138
31677,1L114,BC Hydro,BC,British Columbia,1,ac,20.806,12.843,20.806,12.843,138,9.02,9.02,148,176,Dunsmuir,BC_DMR_DSS,Port Alberni,BC_PAL_DSS,,BC_DMR_DSS,BC_PAL_DSS,148,176,9.02,9.02,20.806,138,164.4444,DMR_DSS_PAL_DSS,138kV,138_DMR_DSS,138_PAL_DSS,20.806,138
31678,1L115,BC Hydro,BC,British Columbia,1,ac,13.0,8.025,55.19,34.068,138,23.93,5.64,144,184,Dunsmuir,BC_DMR_DSS,Qualicum JCT,BC_QLC_JCT,,BC_DMR_DSS,BC_QLC_JCT,144,184,23.93,5.64,55.19,138,160.0,DMR_DSS_QLC_JCT,138kV,138_DMR_DSS,138_QLC_JCT,13.0,138
31679,1L115,BC Hydro,BC,British Columbia,1,ac,9.19,5.673,55.19,34.068,138,23.93,3.98,144,184,Lantzville JCT,BC_LTZ_JCT,Jinglepot,BC_JPT_DSS,,BC_LTZ_JCT,BC_JPT_DSS,144,184,23.93,3.98,55.19,138,160.0,LTZ_JCT_JPT_DSS,138kV,138_LTZ_JCT,138_JPT_DSS,9.19,138
31680,1L115,BC Hydro,BC,British Columbia,1,ac,20.0,12.346,55.19,34.068,138,23.93,8.67,144,184,Parksville JCT,BC_PVL_JCT,Lantzville JCT,BC_LTZ_JCT,,BC_PVL_JCT,BC_LTZ_JCT,144,184,23.93,8.67,55.19,138,160.0,PVL_JCT_LTZ_JCT,138kV,138_PVL_JCT,138_LTZ_JCT,20.0,138
31681,1L115,BC Hydro,BC,British Columbia,1,ac,13.0,8.025,55.19,34.068,138,23.93,5.64,144,184,Qualicum JCT,BC_QLC_JCT,Parksville JCT,BC_PVL_JCT,,BC_QLC_JCT,BC_PVL_JCT,144,184,23.93,5.64,55.19,138,160.0,QLC_JCT_PVL_JCT,138kV,138_QLC_JCT,138_PVL_JCT,13.0,138
31682,1L115LTZ,BC Hydro,BC,British Columbia,1,ac,0.057,0.035,0.057,0.035,138,0.02,0.02,141,156,Lantzville JCT,BC_LTZ_JCT,Lantzville,BC_LTZ_DSS,,BC_LTZ_JCT,BC_LTZ_DSS,141,156,0.02,0.02,0.057,138,156.6667,LTZ_JCT_LTZ_DSS,138kV,138_LTZ_JCT,138_LTZ_DSS,0.057,138
31683,1L115PVL,BC Hydro,BC,British Columbia,1,ac,0.133,0.082,0.133,0.082,138,0.06,0.06,77,144,Parksville JCT,BC_PVL_JCT,Parksville,BC_PVL_DSS,,BC_PVL_JCT,BC_PVL_DSS,77,144,0.06,0.06,0.133,138,85.5556,PVL_JCT_PVL_DSS,138kV,138_PVL_JCT,138_PVL_DSS,0.133,138
31684,1L115QLC,BC Hydro,BC,British Columbia,1,ac,0.057,0.035,0.057,0.035,138,0.02,0.02,144,184,Qualicum JCT,BC_QLC_JCT,Qualicum,BC_QLC_DSS,,BC_QLC_JCT,BC_QLC_DSS,144,184,0.02,0.02,0.057,138,160.0,QLC_JCT_QLC_DSS,138kV,138_QLC_JCT,138_QLC_DSS,0.057,138
31685,1L116,BC Hydro,BC,British Columbia,1,ac,13.0,8.025,55.16,34.049,138,23.92,5.64,144,184,Dunsmuir,BC_DMR_DSS,Qualicum JCT,BC_QLC_JCT,,BC_DMR_DSS,BC_QLC_JCT,144,184,23.92,5.64,55.16,138,160.0,DMR_DSS_QLC_JCT,138kV,138_DMR_DSS,138_QLC_JCT,13.0,138
31686,1L116,BC Hydro,BC,British Columbia,1,ac,9.16,5.654,55.16,34.049,138,23.92,3.97,144,184,Lantzville JCT,BC_LTZ_JCT,Jinglepot,BC_JPT_DSS,,BC_LTZ_JCT,BC_JPT_DSS,144,184,23.92,3.97,55.16,138,160.0,LTZ_JCT_JPT_DSS,138kV,138_LTZ_JCT,138_JPT_DSS,9.16,138
31687,1L116,BC Hydro,BC,British Columbia,1,ac,20.0,12.346,55.16,34.049,138,23.92,8.67,144,184,Parksville JCT,BC_PVL_JCT,Lantzville JCT,BC_LTZ_JCT,,BC_PVL_JCT,BC_LTZ_JCT,144,184,23.92,8.67,55.16,138,160.0,PVL_JCT_LTZ_JCT,138kV,138_PVL_JCT,138_LTZ_JCT,20.0,138
31688,1L116,BC Hydro,BC,British Columbia,1,ac,13.0,8.025,55.16,34.049,138,23.92,5.64,144,184,Qualicum JCT,BC_QLC_JCT,Parksville JCT,BC_PVL_JCT,,BC_QLC_JCT,BC_PVL_JCT,144,184,23.92,5.64,55.16,138,160.0,QLC_JCT_PVL_JCT,138kV,138_QLC_JCT,138_PVL_JCT,13.0,138
31689,1L116LTZ,BC Hydro,BC,British Columbia,1,ac,0.057,0.035,0.057,0.035,138,0.02,0.02,141,156,Lantzville JCT,BC_LTZ_JCT,Lantzville,BC_LTZ_DSS,,BC_LTZ_JCT,BC_LTZ_DSS,141,156,0.02,0.02,0.057,138,156.6667,LTZ_JCT_LTZ_DSS,138kV,138_LTZ_JCT,138_LTZ_DSS,0.057,138
31690,1L116PVL,BC Hydro,BC,British Columbia,1,ac,0.137,0.085,0.137,0.085,138,0.06,0.06,77,144,Parksville JCT,BC_PVL_JCT,Parksville,BC_PVL_DSS,,BC_PVL_JCT,BC_PVL_DSS,77,144,0.06,0.06,0.137,138,85.5556,PVL_JCT_PVL_DSS,138kV,138_PVL_JCT,138_PVL_DSS,0.137,138
31691,1L116QLC,BC Hydro,BC,British Columbia,1,ac,0.049,0.03,0.049,0.03,138,0.02,0.02,144,184,Qualicum JCT,BC_QLC_JCT,Qualicum,BC_QLC_DSS,,BC_QLC_JCT,BC_QLC_DSS,144,184,0.02,0.02,0.049,138,160.0,QLC_JCT_QLC_DSS,138kV,138_QLC_JCT,138_QLC_DSS,0.049,138
31692,1L117,BC Hydro,BC,British Columbia,1,ac,6.494,4.009,6.494,4.009,138,2.82,2.82,203,240,John Hart GS,BC_JHT_GSS,Ladore Falls GS,BC_LDR_GSS,,BC_JHT_GSS,BC_LDR_GSS,203,240,2.82,2.82,6.494,138,225.5556,JHT_GSS_LDR_GSS,138kV,138_JHT_GSS,138_LDR_GSS,6.494,138
31693,1L118,BC Hydro,BC,British Columbia,1,ac,6.507,4.017,6.507,4.017,138,2.82,2.82,203,240,John Hart GS,BC_JHT_GSS,Ladore Falls GS,BC_LDR_GSS,,BC_JHT_GSS,BC_LDR_GSS,203,240,2.82,2.82,6.507,138,225.5556,JHT_GSS_LDR_GSS,138kV,138_JHT_GSS,138_LDR_GSS,6.507,138
31694,1L119,BC Hydro,BC,British Columbia,1,ac,50.0,30.864,88.47,54.611,138,38.36,21.68,148,171,Buckley Bay JCT,BC_BKB_JCT,Oyster River JCT,BC_OYR_JCT,,BC_BKB_JCT,BC_OYR_JCT,148,171,38.36,21.68,88.47,138,164.4444,BKB_JCT_OYR_JCT,138kV,138_BKB_JCT,138_OYR_JCT,50.0,138
31695,1L119,BC Hydro,BC,British Columbia,1,ac,3.0,1.852,88.47,54.611,138,38.36,1.3,148,171,Campbell River JCT,BC_CBL_JCT,John Hart GS,BC_JHT_GSS,,BC_CBL_JCT,BC_JHT_GSS,148,171,38.36,1.3,88.47,138,164.4444,CBL_JCT_JHT_GSS,138kV,138_CBL_JCT,138_JHT_GSS,3.0,138
31696,1L119,BC Hydro,BC,British Columbia,1,ac,20.0,12.346,88.47,54.611,138,38.36,8.67,148,171,Dunsmuir,BC_DMR_DSS,Buckley Bay JCT,BC_BKB_JCT,,BC_DMR_DSS,BC_BKB_JCT,148,171,38.36,8.67,88.47,138,164.4444,DMR_DSS_BKB_JCT,138kV,138_DMR_DSS,138_BKB_JCT,20.0,138
31697,1L119,BC Hydro,BC,British Columbia,1,ac,15.47,9.549,88.47,54.611,138,38.36,6.71,148,171,Oyster River JCT,BC_OYR_JCT,Campbell River JCT,BC_CBL_JCT,,BC_OYR_JCT,BC_CBL_JCT,148,171,38.36,6.71,88.47,138,164.4444,OYR_JCT_CBL_JCT,138kV,138_OYR_JCT,138_CBL_JCT,15.47,138
31698,1L119BKB,BC Hydro,BC,British Columbia,1,ac,0.177,0.109,0.177,0.109,138,0.08,0.08,148,177,Buckley Bay JCT,BC_BKB_JCT,Buckley Bay,BC_BKB_DSS,,BC_BKB_JCT,BC_BKB_DSS,148,177,0.08,0.08,0.177,138,164.4444,BKB_JCT_BKB_DSS,138kV,138_BKB_JCT,138_BKB_DSS,0.177,138
31699,1L119CBL,BC Hydro,BC,British Columbia,1,ac,5.204,3.212,5.204,3.212,138,2.26,2.26,73,146,Campbell River JCT,BC_CBL_JCT,Campbell River,BC_CBL_DSS,,BC_CBL_JCT,BC_CBL_DSS,73,146,2.26,2.26,5.204,138,81.1111,CBL_JCT_CBL_DSS,138kV,138_CBL_JCT,138_CBL_DSS,5.204,138
31700,1L119OYR,BC Hydro,BC,British Columbia,1,ac,0.476,0.294,0.476,0.294,138,0.21,0.21,144,184,Oyster River JCT,BC_OYR_JCT,Oyster River,BC_OYR_DSS,,BC_OYR_JCT,BC_OYR_DSS,144,184,0.21,0.21,0.476,138,160.0,OYR_JCT_OYR_DSS,138kV,138_OYR_JCT,138_OYR_DSS,0.476,138
31701,1L120,BC Hydro,BC,British Columbia,1,ac,47.588,29.375,47.588,29.375,138,20.63,20.63,144,174,Strathcona GS,BC_SCA_GSS,Gold River,BC_GLD_DSS,,BC_SCA_GSS,BC_GLD_DSS,144,174,20.63,20.63,47.588,138,160.0,SCA_GSS_GLD_DSS,138kV,138_SCA_GSS,138_GLD_DSS,47.588,138
31702,1L121,BC Hydro,BC,British Columbia,1,ac,15.722,9.705,15.722,9.705,138,6.82,6.82,145,168,Ladore Falls GS,BC_LDR_GSS,Strathcona GS,BC_SCA_GSS,,BC_LDR_GSS,BC_SCA_GSS,145,168,6.82,6.82,15.722,138,161.1111,LDR_GSS_SCA_GSS,138kV,138_LDR_GSS,138_SCA_GSS,15.722,138
31703,1L122,BC Hydro,BC,British Columbia,1,ac,19.0,11.728,41.56,25.654,138,18.02,8.24,148,176,Harewood West,BC_HWW_DSS,Ladysmith JCT,BC_LDY_JCT,,BC_HWW_DSS,BC_LDY_JCT,148,176,18.02,8.24,41.56,138,164.4444,HWW_DSS_LDY_JCT,138kV,138_HWW_DSS,138_LDY_JCT,19.0,138
31704,1L122,BC Hydro,BC,British Columbia,1,ac,18.0,11.111,41.56,25.654,138,18.02,7.8,148,176,Ladysmith JCT,BC_LDY_JCT,Prevost,BC_PVO_DSS,,BC_LDY_JCT,BC_PVO_DSS,148,176,18.02,7.8,41.56,138,164.4444,LDY_JCT_PVO_DSS,138kV,138_LDY_JCT,138_PVO_DSS,18.0,138
31705,1L122,BC Hydro,BC,British Columbia,1,ac,4.56,2.815,41.56,25.654,138,18.02,1.98,222,266,Prevost,BC_PVO_DSS,Vancouver Island TS,BC_VIT_TSS,,BC_PVO_DSS,BC_VIT_TSS,222,266,18.02,1.98,41.56,138,246.6667,PVO_DSS_VIT_TSS,138kV,138_PVO_DSS,138_VIT_TSS,4.56,138
31706,1L122LDY,BC Hydro,BC,British Columbia,1,ac,0.927,0.572,0.927,0.572,138,0.4,0.4,142,183,Ladysmith JCT,BC_LDY_JCT,Ladysmith,BC_LDY_DSS,,BC_LDY_JCT,BC_LDY_DSS,142,183,0.4,0.4,0.927,138,157.7778,LDY_JCT_LDY_DSS,138kV,138_LDY_JCT,138_LDY_DSS,0.927,138
31707,1L123,BC Hydro,BC,British Columbia,1,ac,4.91,3.031,7.91,4.883,138,3.43,2.13,141,169,Harewood JCT,BC_HWD_JCT,Jinglepot,BC_JPT_DSS,,BC_HWD_JCT,BC_JPT_DSS,141,169,3.43,2.13,7.91,138,156.6667,HWD_JCT_JPT_DSS,138kV,138_HWD_JCT,138_JPT_DSS,4.91,138
31708,1L123,BC Hydro,BC,British Columbia,1,ac,3.0,1.852,7.91,4.883,138,3.43,1.3,141,169,Harewood West,BC_HWW_DSS,Harewood JCT,BC_HWD_JCT,,BC_HWW_DSS,BC_HWD_JCT,141,169,3.43,1.3,7.91,138,156.6667,HWW_DSS_HWD_JCT,138kV,138_HWW_DSS,138_HWD_JCT,3.0,138
31709,1L123HWD,BC Hydro,BC,British Columbia,1,ac,2.976,1.837,2.976,1.837,138,1.29,1.29,238,307,Harewood JCT,BC_HWD_JCT,Harewood,BC_HWD_DSS,,BC_HWD_JCT,BC_HWD_DSS,238,307,1.29,1.29,2.976,138,264.4444,HWD_JCT_HWD_DSS,138kV,138_HWD_JCT,138_HWD_DSS,2.976,138
31710,1L124,BC Hydro,BC,British Columbia,1,ac,7.915,4.886,7.915,4.886,138,3.43,3.43,127,159,Harewood West,BC_HWW_DSS,Jinglepot,BC_JPT_DSS,,BC_HWW_DSS,BC_JPT_DSS,127,159,3.43,3.43,7.915,138,141.1111,HWW_DSS_JPT_DSS,138kV,138_HWW_DSS,138_JPT_DSS,7.915,138
31711,1L125,BC Hydro,BC,British Columbia,1,ac,18.27,11.278,33.27,20.537,138,14.42,7.92,150,219,Kokish TS,BC_KTS_TSS,Port McNeil JCT,BC_PML_JCT,,BC_KTS_TSS,BC_PML_JCT,150,219,14.42,7.92,33.27,138,166.6667,KTS_TSS_PML_JCT,138kV,138_KTS_TSS,138_PML_JCT,18.27,138
31712,1L125,BC Hydro,BC,British Columbia,1,ac,15.0,9.259,33.27,20.537,138,14.42,6.5,150,219,Port McNeil JCT,BC_PML_JCT,Keogh,BC_KGH_DSS,,BC_PML_JCT,BC_KGH_DSS,150,219,14.42,6.5,33.27,138,166.6667,PML_JCT_KGH_DSS,138kV,138_PML_JCT,138_KGH_DSS,15.0,138
31713,1L125PML,BC Hydro,BC,British Columbia,2,ac,0.157,0.097,0.157,0.097,138,0.07,0.07,238,307,Port McNeil JCT,BC_PML_JCT,Port McNeil,BC_PML_DSS,,BC_PML_JCT,BC_PML_DSS,238,307,0.07,0.07,0.157,138,264.4444,PML_JCT_PML_DSS,138kV,138_PML_JCT,138_PML_DSS,0.157,138
31714,1L127,BC Hydro,BC,British Columbia,1,ac,14.675,9.059,14.675,9.059,138,6.36,6.36,81,113,Port Alberni,BC_PAL_DSS,Great Central,BC_GCL_DSS,,BC_PAL_DSS,BC_GCL_DSS,81,113,6.36,6.36,14.675,138,90.0,PAL_DSS_GCL_DSS,138kV,138_PAL_DSS,138_GCL_DSS,14.675,138
31715,1L128,BC Hydro,BC,British Columbia,1,ac,7.892,4.872,7.892,4.872,138,3.42,3.42,127,159,Harewood West,BC_HWW_DSS,Jinglepot,BC_JPT_DSS,,BC_HWW_DSS,BC_JPT_DSS,127,159,3.42,3.42,7.892,138,141.1111,HWW_DSS_JPT_DSS,138kV,138_HWW_DSS,138_JPT_DSS,7.892,138
31716,1L130,BC Hydro,BC,British Columbia,1,ac,14.0,8.642,28.06,17.321,138,12.17,6.07,79,132,Keogh,BC_KGH_DSS,Marble River Hatchery JCT,BC_MRH_JCT,,BC_KGH_DSS,BC_MRH_JCT,79,132,12.17,6.07,28.06,138,87.7778,KGH_DSS_MRH_JCT,138kV,138_KGH_DSS,138_MRH_JCT,14.0,138
31717,1L130,BC Hydro,BC,British Columbia,1,ac,14.06,8.679,28.06,17.321,138,12.17,6.1,79,132,Marble River Hatchery JCT,BC_MRH_JCT,Jeune Landing,BC_JUL_DSS,,BC_MRH_JCT,BC_JUL_DSS,79,132,12.17,6.1,28.06,138,87.7778,MRH_JCT_JUL_DSS,138kV,138_MRH_JCT,138_JUL_DSS,14.06,138
31718,1L130MRH,BC Hydro,BC,British Columbia,1,ac,0.012,0.008,0.012,0.008,138,0.01,0.01,34,62,Marble River Hatchery JCT,BC_MRH_JCT,Marble River Hatchery,BC_MRH_ISS,,BC_MRH_JCT,BC_MRH_ISS,34,62,0.01,0.01,0.012,138,37.7778,MRH_JCT_MRH_ISS,138kV,138_MRH_JCT,138_MRH_ISS,0.012,138
31719,1L131,BC Hydro,BC,British Columbia,1,ac,3.43,2.117,73.43,45.327,138,31.84,1.49,133,177,Conuma Hatchery JCT,BC_CMH_JCT,Moutcha Bay JCT,BC_MBF_JCT,,BC_CMH_JCT,BC_MBF_JCT,133,177,31.84,1.49,73.43,138,147.7778,CMH_JCT_MBF_JCT,138kV,138_CMH_JCT,138_MBF_JCT,3.43,138
31720,1L131,BC Hydro,BC,British Columbia,1,ac,28.0,17.284,73.43,45.327,138,31.84,12.14,133,177,Gold River,BC_GLD_DSS,Conuma Hatchery JCT,BC_CMH_JCT,,BC_GLD_DSS,BC_CMH_JCT,133,177,31.84,12.14,73.43,138,147.7778,GLD_DSS_CMH_JCT,138kV,138_GLD_DSS,138_CMH_JCT,28.0,138
31721,1L131,BC Hydro,BC,British Columbia,1,ac,26.0,16.049,73.43,45.327,138,31.84,11.27,133,177,Moutcha Bay JCT,BC_MBF_JCT,Tahsis Village,BC_TSV_DSS,,BC_MBF_JCT,BC_TSV_DSS,133,177,31.84,11.27,73.43,138,147.7778,MBF_JCT_TSV_DSS,138kV,138_MBF_JCT,138_TSV_DSS,26.0,138
31722,1L131,BC Hydro,BC,British Columbia,1,ac,1.0,0.617,73.43,45.327,138,31.84,0.43,133,177,Tahsis Village,BC_TSV_DSS,Zeballos Lake TS,BC_ZBT_TSS,,BC_TSV_DSS,BC_ZBT_TSS,133,177,31.84,0.43,73.43,138,147.7778,TSV_DSS_ZBT_TSS,138kV,138_TSV_DSS,138_ZBT_TSS,1.0,138
31723,1L131,BC Hydro,BC,British Columbia,1,ac,15.0,9.259,73.43,45.327,138,31.84,6.5,133,177,Zeballos Lake TS,BC_ZBT_TSS,Zeballos Lake GS,BC_ZBL_GSS,,BC_ZBT_TSS,BC_ZBL_GSS,133,177,31.84,6.5,73.43,138,147.7778,ZBT_TSS_ZBL_GSS,138kV,138_ZBT_TSS,138_ZBL_GSS,15.0,138
31724,1L131CMH,BC Hydro,BC,British Columbia,1,ac,0.058,0.036,0.058,0.036,138,0.03,0.03,112,143,Conuma Hatchery JCT,BC_CMH_JCT,Conuma Hatchery,BC_CMH_ISS,,BC_CMH_JCT,BC_CMH_ISS,112,143,0.03,0.03,0.058,138,124.4444,CMH_JCT_CMH_ISS,138kV,138_CMH_JCT,138_CMH_ISS,0.058,138
31725,1L131MBF,BC Hydro,BC,British Columbia,1,ac,0.058,0.036,0.058,0.036,138,0.03,0.03,144,171,Moutcha Bay JCT,BC_MBF_JCT,Moutcha Bay,BC_MBF_ISS,,BC_MBF_JCT,BC_MBF_ISS,144,171,0.03,0.03,0.058,138,160.0,MBF_JCT_MBF_ISS,138kV,138_MBF_JCT,138_MBF_ISS,0.058,138
31726,1L134,BC Hydro,BC,British Columbia,1,ac,13.836,8.541,13.836,8.541,138,6.0,6.0,77,144,Gold River,BC_GLD_DSS,Gold River Pulp,BC_GRP_ISS,,BC_GLD_DSS,BC_GRP_ISS,77,144,6.0,6.0,13.836,138,85.5556,GLD_DSS_GRP_ISS,138kV,138_GLD_DSS,138_GRP_ISS,13.836,138
31727,1L137,BC Hydro,BC,British Columbia,1,ac,22.635,13.972,22.635,13.972,138,9.81,9.81,144,184,Keogh,BC_KGH_DSS,Port Hardy,BC_PHY_DSS,,BC_KGH_DSS,BC_PHY_DSS,144,184,9.81,9.81,22.635,138,160.0,KGH_DSS_PHY_DSS,138kV,138_KGH_DSS,138_PHY_DSS,22.635,138
31728,1L138,BC Hydro,BC,British Columbia,1,ac,7.0,4.321,40.67,25.105,138,17.63,3.04,141,171,Harewood West,BC_HWW_DSS,South Wellington JCT,BC_SWN_JCT,,BC_HWW_DSS,BC_SWN_JCT,141,171,17.63,3.04,40.67,138,156.6667,HWW_DSS_SWN_JCT,138kV,138_HWW_DSS,138_SWN_JCT,7.0,138
31729,1L138,BC Hydro,BC,British Columbia,1,ac,21.67,13.377,40.67,25.105,138,17.63,9.4,141,171,Ladysmith JCT,BC_LDY_JCT,Vancouver Island TS,BC_VIT_TSS,,BC_LDY_JCT,BC_VIT_TSS,141,171,17.63,9.4,40.67,138,156.6667,LDY_JCT_VIT_TSS,138kV,138_LDY_JCT,138_VIT_TSS,21.67,138
31730,1L138,BC Hydro,BC,British Columbia,1,ac,8.0,4.938,40.67,25.105,138,17.63,3.47,141,171,Mount Hayes JCT,BC_MHY_JCT,Ladysmith JCT,BC_LDY_JCT,,BC_MHY_JCT,BC_LDY_JCT,141,171,17.63,3.47,40.67,138,156.6667,MHY_JCT_LDY_JCT,138kV,138_MHY_JCT,138_LDY_JCT,8.0,138
31731,1L138,BC Hydro,BC,British Columbia,1,ac,4.0,2.469,40.67,25.105,138,17.63,1.73,141,171,South Wellington JCT,BC_SWN_JCT,Mount Hayes JCT,BC_MHY_JCT,,BC_SWN_JCT,BC_MHY_JCT,141,171,17.63,1.73,40.67,138,156.6667,SWN_JCT_MHY_JCT,138kV,138_SWN_JCT,138_MHY_JCT,4.0,138
31732,1L138LDY,BC Hydro,BC,British Columbia,1,ac,0.929,0.573,0.929,0.573,138,0.4,0.4,142,183,Ladysmith JCT,BC_LDY_JCT,Ladysmith,BC_LDY_DSS,,BC_LDY_JCT,BC_LDY_DSS,142,183,0.4,0.4,0.929,138,157.7778,LDY_JCT_LDY_DSS,138kV,138_LDY_JCT,138_LDY_DSS,0.929,138
31733,1L138MHY,BC Hydro,BC,British Columbia,1,ac,0.05,0.031,0.05,0.031,138,0.02,0.02,200,248,Mount Hayes JCT,BC_MHY_JCT,Mount Hayes,BC_MHY_DSS,,BC_MHY_JCT,BC_MHY_DSS,200,248,0.02,0.02,0.05,138,222.2222,MHY_JCT_MHY_DSS,138kV,138_MHY_JCT,138_MHY_DSS,0.05,138
31734,1L138SWN,BC Hydro,BC,British Columbia,1,ac,0.16,0.099,0.16,0.099,138,0.07,0.07,148,177,South Wellington JCT,BC_SWN_JCT,South Wellington,BC_SWN_DSS,,BC_SWN_JCT,BC_SWN_DSS,148,177,0.07,0.07,0.16,138,164.4444,SWN_JCT_SWN_DSS,138kV,138_SWN_JCT,138_SWN_DSS,0.16,138
31735,1L139,BC Hydro,BC,British Columbia,1,ac,8.983,5.545,8.983,5.545,138,3.89,3.89,144,184,Vancouver Island TS,BC_VIT_TSS,Catalyst Paper Crofton GS,BC_CFT_GSS,,BC_VIT_TSS,BC_CFT_GSS,144,184,3.89,3.89,8.983,138,160.0,VIT_TSS_CFT_GSS,138kV,138_VIT_TSS,138_CFT_GSS,8.983,138
31736,1L140,BC Hydro,BC,British Columbia,1,ac,8.956,5.528,8.956,5.528,138,3.88,3.88,144,184,Vancouver Island TS,BC_VIT_TSS,Catalyst Paper Crofton GS,BC_CFT_GSS,,BC_VIT_TSS,BC_CFT_GSS,144,184,3.88,3.88,8.956,138,160.0,VIT_TSS_CFT_GSS,138kV,138_VIT_TSS,138_CFT_GSS,8.956,138
31737,1L141,BC Hydro,BC,British Columbia,1,ac,40.2,24.815,40.2,24.815,138,17.43,17.43,242,242,Cape Scott GS,BC_CSS_GSS,Port Hardy,BC_PHY_DSS,,BC_CSS_GSS,BC_PHY_DSS,242,242,17.43,17.43,40.2,138,268.8889,CSS_GSS_PHY_DSS,138kV,138_CSS_GSS,138_PHY_DSS,40.2,138
31738,1L142,BC Hydro,BC,British Columbia,1,ac,16.179,9.987,16.179,9.987,138,7.01,7.01,87,120,Great Central,BC_GCL_DSS,Ash River GS,BC_ASH_GSS,,BC_GCL_DSS,BC_ASH_GSS,87,120,7.01,7.01,16.179,138,96.6667,GCL_DSS_ASH_GSS,138kV,138_GCL_DSS,138_ASH_GSS,16.179,138
31739,1L143,BC Hydro,BC,British Columbia,1,ac,22.0,13.58,45.01,27.784,138,19.52,9.54,198,237,Jordan River GS,BC_JOR_GSS,Sooke JCT,BC_SOO_JCT,,BC_JOR_GSS,BC_SOO_JCT,198,237,19.52,9.54,45.01,138,220.0,JOR_GSS_SOO_JCT,138kV,138_JOR_GSS,138_SOO_JCT,22.0,138
31740,1L143,BC Hydro,BC,British Columbia,1,ac,23.01,14.204,45.01,27.784,138,19.52,9.98,198,237,Sooke JCT,BC_SOO_JCT,Colwood,BC_CLD_DSS,,BC_SOO_JCT,BC_CLD_DSS,198,237,19.52,9.98,45.01,138,220.0,SOO_JCT_CLD_DSS,138kV,138_SOO_JCT,138_CLD_DSS,23.01,138
31741,1L143SOO,BC Hydro,BC,British Columbia,1,ac,2.501,1.544,2.501,1.544,138,1.08,1.08,193,248,Sooke JCT,BC_SOO_JCT,Sooke,BC_SOO_DSS,,BC_SOO_JCT,BC_SOO_DSS,193,248,1.08,1.08,2.501,138,214.4444,SOO_JCT_SOO_DSS,138kV,138_SOO_JCT,138_SOO_DSS,2.501,138
31742,1L146,BC Hydro,BC,British Columbia,1,ac,15.242,9.409,15.242,9.409,138,6.61,6.61,193,235,Goward,BC_GOW_DSS,Colwood,BC_CLD_DSS,,BC_GOW_DSS,BC_CLD_DSS,193,235,6.61,6.61,15.242,138,214.4444,GOW_DSS_CLD_DSS,138kV,138_GOW_DSS,138_CLD_DSS,15.242,138
31743,1L152,BC Hydro,BC,British Columbia,1,ac,3.092,1.908,3.092,1.908,138,1.34,1.34,243,347,Jinglepot,BC_JPT_DSS,Northfield,BC_NFD_DSS,,BC_JPT_DSS,BC_NFD_DSS,243,347,1.34,1.34,3.092,138,270.0,JPT_DSS_NFD_DSS,138kV,138_JPT_DSS,138_NFD_DSS,3.092,138
31744,1L157,BC Hydro,BC,British Columbia,1,ac,3.0,1.852,109.94,67.864,138,47.67,1.3,141,218,Beaver Cove JCT,BC_BVC_JCT,Kokish TS,BC_KTS_TSS,,BC_BVC_JCT,BC_KTS_TSS,141,218,47.67,1.3,109.94,138,156.6667,BVC_JCT_KTS_TSS,138kV,138_BVC_JCT,138_KTS_TSS,3.0,138
31745,1L157,BC Hydro,BC,British Columbia,1,ac,69.94,43.173,109.94,67.864,138,47.67,30.32,141,218,Gold River,BC_GLD_DSS,Woss JCT,BC_WOS_JCT,,BC_GLD_DSS,BC_WOS_JCT,141,218,47.67,30.32,109.94,138,156.6667,GLD_DSS_WOS_JCT,138kV,138_GLD_DSS,138_WOS_JCT,69.94,138
31746,1L157,BC Hydro,BC,British Columbia,1,ac,37.0,22.84,109.94,67.864,138,47.67,16.04,141,218,Woss JCT,BC_WOS_JCT,Beaver Cove JCT,BC_BVC_JCT,,BC_WOS_JCT,BC_BVC_JCT,141,218,47.67,16.04,109.94,138,156.6667,WOS_JCT_BVC_JCT,138kV,138_WOS_JCT,138_BVC_JCT,37.0,138
31747,1L157BVC,BC Hydro,BC,British Columbia,1,ac,0.061,0.037,0.061,0.037,138,0.03,0.03,189,229,Beaver Cove JCT,BC_BVC_JCT,Beaver Cove,BC_BVC_DSS,,BC_BVC_JCT,BC_BVC_DSS,189,229,0.03,0.03,0.061,138,210.0,BVC_JCT_BVC_DSS,138kV,138_BVC_JCT,138_BVC_DSS,0.061,138
31748,1L157KKS,BC Hydro,BC,British Columbia,1,ac,0.05,0.031,0.05,0.031,138,0.02,0.02,141,156,Kokish TS,BC_KTS_TSS,Kokish GS,BC_KKS_GSS,,BC_KTS_TSS,BC_KKS_GSS,141,156,0.02,0.02,0.05,138,156.6667,KTS_TSS_KKS_GSS,138kV,138_KTS_TSS,138_KKS_GSS,0.05,138
31749,1L157WOS,BC Hydro,BC,British Columbia,1,ac,0.078,0.048,0.078,0.048,138,0.03,0.03,141,156,Woss JCT,BC_WOS_JCT,Woss,BC_WOS_DSS,,BC_WOS_JCT,BC_WOS_DSS,141,156,0.03,0.03,0.078,138,156.6667,WOS_JCT_WOS_DSS,138kV,138_WOS_JCT,138_WOS_DSS,0.078,138
31750,1L201,BC Hydro,BC,British Columbia,1,ac,8.0,4.938,102.32,63.16,138,44.36,3.47,106,138,Lumby #2 JCT,BC_LU2_JCT,Tolko Industries Lavington JCT,BC_TIL_JCT,,BC_LU2_JCT,BC_TIL_JCT,106,138,44.36,3.47,102.32,138,117.7778,LU2_JCT_TIL_JCT,138kV,138_LU2_JCT,138_TIL_JCT,8.0,138
31751,1L201,BC Hydro,BC,British Columbia,1,ac,85.0,52.469,102.32,63.16,138,44.36,36.85,101,137,Monashee,BC_MON_DSS,Lumby #2 JCT,BC_LU2_JCT,,BC_MON_DSS,BC_LU2_JCT,101,137,44.36,36.85,102.32,138,112.2222,MON_DSS_LU2_JCT,138kV,138_MON_DSS,138_LU2_JCT,85.0,138
31752,1L201,BC Hydro,BC,British Columbia,1,ac,9.32,5.753,102.32,63.16,138,44.36,4.04,106,138,Tolko Industries Lavington JCT,BC_TIL_JCT,Vernon TS,BC_VNT_TSS,,BC_TIL_JCT,BC_VNT_TSS,106,138,44.36,4.04,102.32,138,117.7778,TIL_JCT_VNT_TSS,138kV,138_TIL_JCT,138_VNT_TSS,9.32,138
31753,1L201LU2,BC Hydro,BC,British Columbia,1,ac,0.032,0.02,0.032,0.02,138,0.01,0.01,93,142,Lumby #2 JCT,BC_LU2_JCT,Lumby #2,BC_LU2_ISS,,BC_LU2_JCT,BC_LU2_ISS,93,142,0.01,0.01,0.032,138,103.3333,LU2_JCT_LU2_ISS,138kV,138_LU2_JCT,138_LU2_ISS,0.032,138
31754,1L201TIL,BC Hydro,BC,British Columbia,1,ac,0.318,0.196,0.318,0.196,138,0.14,0.14,130,165,Tolko Industries Lavington JCT,BC_TIL_JCT,Tolko Industries Lavington,BC_TIL_DSS,,BC_TIL_JCT,BC_TIL_DSS,130,165,0.14,0.14,0.318,138,144.4444,TIL_JCT_TIL_DSS,138kV,138_TIL_JCT,138_TIL_DSS,0.318,138
31755,1L202,BC Hydro,BC,British Columbia,1,ac,17.25,10.648,102.25,63.117,138,44.33,7.48,104,134,Lumby #2 JCT,BC_LU2_JCT,Vernon TS,BC_VNT_TSS,,BC_LU2_JCT,BC_VNT_TSS,104,134,44.33,7.48,102.25,138,115.5556,LU2_JCT_VNT_TSS,138kV,138_LU2_JCT,138_VNT_TSS,17.25,138
31756,1L202,BC Hydro,BC,British Columbia,1,ac,85.0,52.469,102.25,63.117,138,44.33,36.85,93,142,Monashee,BC_MON_DSS,Lumby #2 JCT,BC_LU2_JCT,,BC_MON_DSS,BC_LU2_JCT,93,142,44.33,36.85,102.25,138,103.3333,MON_DSS_LU2_JCT,138kV,138_MON_DSS,138_LU2_JCT,85.0,138
31757,1L202LU2,BC Hydro,BC,British Columbia,1,ac,0.045,0.028,0.045,0.028,138,0.02,0.02,93,142,Lumby #2 JCT,BC_LU2_JCT,Lumby #2,BC_LU2_ISS,,BC_LU2_JCT,BC_LU2_ISS,93,142,0.02,0.02,0.045,138,103.3333,LU2_JCT_LU2_ISS,138kV,138_LU2_JCT,138_LU2_ISS,0.045,138
31758,1L203,BC Hydro,BC,British Columbia,1,ac,42.039,25.95,42.039,25.95,138,18.23,18.23,164,196,Savona,BC_SVA_DSS,Highland,BC_HLD_DSS,,BC_SVA_DSS,BC_HLD_DSS,164,196,18.23,18.23,42.039,138,182.2222,SVA_DSS_HLD_DSS,138kV,138_SVA_DSS,138_HLD_DSS,42.039,138
31759,1L204,BC Hydro,BC,British Columbia,1,ac,5.0,3.086,39.12,24.148,138,16.96,2.17,171,198,Afton Mine JCT,BC_AFN_JCT,TransMountain Kamloops JCT,BC_TMT_JCT,,BC_AFN_JCT,BC_TMT_JCT,171,198,16.96,2.17,39.12,138,190.0,AFN_JCT_TMT_JCT,138kV,138_AFN_JCT,138_TMT_JCT,5.0,138
31760,1L204,BC Hydro,BC,British Columbia,1,ac,25.0,15.432,39.12,24.148,138,16.96,10.84,171,198,Savona,BC_SVA_DSS,Afton Mine JCT,BC_AFN_JCT,,BC_SVA_DSS,BC_AFN_JCT,171,198,16.96,10.84,39.12,138,190.0,SVA_DSS_AFN_JCT,138kV,138_SVA_DSS,138_AFN_JCT,25.0,138
31761,1L204,BC Hydro,BC,British Columbia,1,ac,9.12,5.63,39.12,24.148,138,16.96,3.95,166,198,TransMountain Kamloops JCT,BC_TMT_JCT,Douglas Street,BC_DUG_DSS,,BC_TMT_JCT,BC_DUG_DSS,166,198,16.96,3.95,39.12,138,184.4444,TMT_JCT_DUG_DSS,138kV,138_TMT_JCT,138_DUG_DSS,9.12,138
31762,1L204AFN,BC Hydro,BC,British Columbia,1,ac,0.92,0.568,0.92,0.568,138,0.4,0.4,141,156,Afton Mine JCT,BC_AFN_JCT,Afton Mine,BC_AFN_ISS,,BC_AFN_JCT,BC_AFN_ISS,141,156,0.4,0.4,0.92,138,156.6667,AFN_JCT_AFN_ISS,138kV,138_AFN_JCT,138_AFN_ISS,0.92,138
31763,1L204TMT,BC Hydro,BC,British Columbia,1,ac,0.909,0.561,0.909,0.561,138,0.39,0.39,112,142,TransMountain Kamloops JCT,BC_TMT_JCT,TransMountain Kamloops,BC_TMT_DSS,,BC_TMT_JCT,BC_TMT_DSS,112,142,0.39,0.39,0.909,138,124.4444,TMT_JCT_TMT_DSS,138kV,138_TMT_JCT,138_TMT_DSS,0.909,138
31764,1L205,BC Hydro,BC,British Columbia,1,ac,42.069,25.968,42.069,25.968,138,18.24,18.24,113,134,Savona,BC_SVA_DSS,Highland,BC_HLD_DSS,,BC_SVA_DSS,BC_HLD_DSS,113,134,18.24,18.24,42.069,138,125.5556,SVA_DSS_HLD_DSS,138kV,138_SVA_DSS,138_HLD_DSS,42.069,138
31765,1L206,BC Hydro,BC,British Columbia,1,ac,35.0,21.605,35.0,21.605,138,15.18,15.18,160,192,Savona,BC_SVA_DSS,West Kamloops,BC_WKA_DSS,,BC_SVA_DSS,BC_WKA_DSS,160,192,15.18,15.18,35.0,138,177.7778,SVA_DSS_WKA_DSS,138kV,138_SVA_DSS,138_WKA_DSS,35.0,138
31766,1L209,BC Hydro,BC,British Columbia,1,ac,18.89,11.66,108.89,67.216,138,47.21,8.19,114,142,Chase,BC_CHS_DSS,Sorrento JCT,BC_STO_JCT,,BC_CHS_DSS,BC_STO_JCT,114,142,47.21,8.19,108.89,138,126.6667,CHS_DSS_STO_JCT,138kV,138_CHS_DSS,138_STO_JCT,18.89,138
31767,1L209,BC Hydro,BC,British Columbia,1,ac,42.0,25.926,108.89,67.216,138,47.21,18.21,114,142,Lafarge #2 JCT,BC_LF2_JCT,Chase,BC_CHS_DSS,,BC_LF2_JCT,BC_CHS_DSS,114,142,47.21,18.21,108.89,138,126.6667,LF2_JCT_CHS_DSS,138kV,138_LF2_JCT,138_CHS_DSS,42.0,138
31768,1L209,BC Hydro,BC,British Columbia,1,ac,40.0,24.691,108.89,67.216,138,47.21,17.34,114,142,Sorrento JCT,BC_STO_JCT,Salmon Arm,BC_SAM_DSS,,BC_STO_JCT,BC_SAM_DSS,114,142,47.21,17.34,108.89,138,126.6667,STO_JCT_SAM_DSS,138kV,138_STO_JCT,138_SAM_DSS,40.0,138
31769,1L209,BC Hydro,BC,British Columbia,1,ac,8.0,4.938,108.89,67.216,138,47.21,3.47,114,142,Valleyview,BC_VVW_DSS,Lafarge #2 JCT,BC_LF2_JCT,,BC_VVW_DSS,BC_LF2_JCT,114,142,47.21,3.47,108.89,138,126.6667,VVW_DSS_LF2_JCT,138kV,138_VVW_DSS,138_LF2_JCT,8.0,138
31770,1L209LF2,BC Hydro,BC,British Columbia,1,ac,0.255,0.157,0.255,0.157,138,0.11,0.11,66,129,Lafarge #2 JCT,BC_LF2_JCT,Lafarge #2,BC_LF2_ISS,,BC_LF2_JCT,BC_LF2_ISS,66,129,0.11,0.11,0.255,138,73.3333,LF2_JCT_LF2_ISS,138kV,138_LF2_JCT,138_LF2_ISS,0.255,138
31771,1L210,BC Hydro,BC,British Columbia,1,ac,25.0,15.432,192.5,118.827,138,83.46,10.84,110,141,Barriere JCT,BC_BAR_JCT,Darfield JCT,BC_DFD_JCT,,BC_BAR_JCT,BC_DFD_JCT,110,141,83.46,10.84,192.5,138,122.2222,BAR_JCT_DFD_JCT,138kV,138_BAR_JCT,138_DFD_JCT,25.0,138
31772,1L210,BC Hydro,BC,British Columbia,1,ac,20.0,12.346,192.5,118.827,138,83.46,8.67,112,142,Blackpool JCT,BC_BLP_JCT,Clearwater JCT,BC_CLW_JCT,,BC_BLP_JCT,BC_CLW_JCT,112,142,83.46,8.67,192.5,138,124.4444,BLP_JCT_CLW_JCT,138kV,138_BLP_JCT,138_CLW_JCT,20.0,138
31773,1L210,BC Hydro,BC,British Columbia,1,ac,17.0,10.494,192.5,118.827,138,83.46,7.37,112,142,Brocklehurst,BC_BKL_DSS,Tolko Industries Heffley JCT,BC_TOK_JCT,,BC_BKL_DSS,BC_TOK_JCT,112,142,83.46,7.37,192.5,138,124.4444,BKL_DSS_TOK_JCT,138kV,138_BKL_DSS,138_TOK_JCT,17.0,138
31774,1L210,BC Hydro,BC,British Columbia,1,ac,25.0,15.432,192.5,118.827,138,83.46,10.84,112,142,Clearwater JCT,BC_CLW_JCT,Vavenby JCT,BC_VBY_JCT,,BC_CLW_JCT,BC_VBY_JCT,112,142,83.46,10.84,192.5,138,124.4444,CLW_JCT_VBY_JCT,138kV,138_CLW_JCT,138_VBY_JCT,25.0,138
31775,1L210,BC Hydro,BC,British Columbia,1,ac,25.0,15.432,192.5,118.827,138,83.46,10.84,110,141,Darfield JCT,BC_DFD_JCT,Blackpool JCT,BC_BLP_JCT,,BC_DFD_JCT,BC_BLP_JCT,110,141,83.46,10.84,192.5,138,122.2222,DFD_JCT_BLP_JCT,138kV,138_DFD_JCT,138_BLP_JCT,25.0,138
31776,1L210,BC Hydro,BC,British Columbia,1,ac,35.0,21.605,192.5,118.827,138,83.46,15.18,110,141,Heffley JCT,BC_HFY_JCT,Barriere JCT,BC_BAR_JCT,,BC_HFY_JCT,BC_BAR_JCT,110,141,83.46,15.18,192.5,138,122.2222,HFY_JCT_BAR_JCT,138kV,138_HFY_JCT,138_BAR_JCT,35.0,138
31777,1L210,BC Hydro,BC,British Columbia,1,ac,0.5,0.309,192.5,118.827,138,83.46,0.22,112,142,Tolko Industries Heffley JCT,BC_TOK_JCT,Heffley JCT,BC_HFY_JCT,,BC_TOK_JCT,BC_HFY_JCT,112,142,83.46,0.22,192.5,138,124.4444,TOK_JCT_HFY_JCT,138kV,138_TOK_JCT,138_HFY_JCT,0.5,138
31778,1L210,BC Hydro,BC,British Columbia,1,ac,25.0,15.432,192.5,118.827,138,83.46,10.84,58,111,TransMountain McMurphy JCT,BC_TMM_JCT,Avola JCT,BC_AVO_JCT,,BC_TMM_JCT,BC_AVO_JCT,58,111,83.46,10.84,192.5,138,64.4444,TMM_JCT_AVO_JCT,138kV,138_TMM_JCT,138_AVO_JCT,25.0,138
31779,1L210,BC Hydro,BC,British Columbia,1,ac,20.0,12.346,192.5,118.827,138,83.46,8.67,58,111,Vavenby JCT,BC_VBY_JCT,TransMountain McMurphy JCT,BC_TMM_JCT,,BC_VBY_JCT,BC_TMM_JCT,58,111,83.46,8.67,192.5,138,64.4444,VBY_JCT_TMM_JCT,138kV,138_VBY_JCT,138_TMM_JCT,20.0,138
31780,1L210AVO,BC Hydro,BC,British Columbia,2,ac,0.04,0.025,0.04,0.025,138,0.02,0.02,141,156,Avola JCT,BC_AVO_JCT,Avola,BC_AVO_DSS,,BC_AVO_JCT,BC_AVO_DSS,141,156,0.02,0.02,0.04,138,156.6667,AVO_JCT_AVO_DSS,138kV,138_AVO_JCT,138_AVO_DSS,0.04,138
31781,1L210BAR,BC Hydro,BC,British Columbia,1,ac,0.16,0.099,0.16,0.099,138,0.07,0.07,112,142,Barriere JCT,BC_BAR_JCT,Barriere,BC_BAR_DSS,,BC_BAR_JCT,BC_BAR_DSS,112,142,0.07,0.07,0.16,138,124.4444,BAR_JCT_BAR_DSS,138kV,138_BAR_JCT,138_BAR_DSS,0.16,138
31782,1L210BLP,BC Hydro,BC,British Columbia,1,ac,0.474,0.293,0.474,0.293,138,0.21,0.21,58,111,Blackpool JCT,BC_BLP_JCT,Blackpool,BC_BLP_DSS,,BC_BLP_JCT,BC_BLP_DSS,58,111,0.21,0.21,0.474,138,64.4444,BLP_JCT_BLP_DSS,138kV,138_BLP_JCT,138_BLP_DSS,0.474,138
31783,1L210CLW,BC Hydro,BC,British Columbia,1,ac,1.287,0.794,1.287,0.794,138,0.56,0.56,110,141,Clearwater JCT,BC_CLW_JCT,Clearwater,BC_CLW_DSS,,BC_CLW_JCT,BC_CLW_DSS,110,141,0.56,0.56,1.287,138,122.2222,CLW_JCT_CLW_DSS,138kV,138_CLW_JCT,138_CLW_DSS,1.287,138
31784,1L210DFD,BC Hydro,BC,British Columbia,1,ac,1.098,0.678,1.098,0.678,138,0.48,0.48,112,142,Darfield JCT,BC_DFD_JCT,Darfield,BC_DFD_DSS,,BC_DFD_JCT,BC_DFD_DSS,112,142,0.48,0.48,1.098,138,124.4444,DFD_JCT_DFD_DSS,138kV,138_DFD_JCT,138_DFD_DSS,1.098,138
31785,1L210HFY,BC Hydro,BC,British Columbia,1,ac,0.082,0.051,0.082,0.051,138,0.04,0.04,58,111,Heffley JCT,BC_HFY_JCT,Heffley,BC_HFY_DSS,,BC_HFY_JCT,BC_HFY_DSS,58,111,0.04,0.04,0.082,138,64.4444,HFY_JCT_HFY_DSS,138kV,138_HFY_JCT,138_HFY_DSS,0.082,138
31786,1L210TMM,BC Hydro,BC,British Columbia,1,ac,0.117,0.072,0.117,0.072,138,0.05,0.05,58,111,TransMountain McMurphy JCT,BC_TMM_JCT,TransMountain McMurphy,BC_TMM_DSS,,BC_TMM_JCT,BC_TMM_DSS,58,111,0.05,0.05,0.117,138,64.4444,TMM_JCT_TMM_DSS,138kV,138_TMM_JCT,138_TMM_DSS,0.117,138
31787,1L210TOK,BC Hydro,BC,British Columbia,1,ac,0.25,0.154,0.25,0.154,138,0.11,0.11,112,142,Tolko Industries Heffley JCT,BC_TOK_JCT,Tolko Industries Heffley,BC_TOK_DSS,,BC_TOK_JCT,BC_TOK_DSS,112,142,0.11,0.11,0.25,138,124.4444,TOK_JCT_TOK_DSS,138kV,138_TOK_JCT,138_TOK_DSS,0.25,138
31788,1L210VBY,BC Hydro,BC,British Columbia,1,ac,0.048,0.03,0.048,0.03,138,0.02,0.02,58,111,Vavenby JCT,BC_VBY_JCT,Vavenby,BC_VBY_DSS,,BC_VBY_JCT,BC_VBY_DSS,58,111,0.02,0.02,0.048,138,64.4444,VBY_JCT_VBY_DSS,138kV,138_VBY_JCT,138_VBY_DSS,0.048,138
31789,1L211,BC Hydro,BC,British Columbia,1,ac,19.0,11.728,62.44,38.543,138,27.07,8.24,110,141,Avola JCT,BC_AVO_JCT,Finn Pumping Station JCT,BC_FPS_JCT,,BC_AVO_JCT,BC_FPS_JCT,110,141,27.07,8.24,62.44,138,122.2222,AVO_JCT_FPS_JCT,138kV,138_AVO_JCT,138_FPS_JCT,19.0,138
31790,1L211,BC Hydro,BC,British Columbia,1,ac,22.0,13.58,62.44,38.543,138,27.07,9.54,239,306,Blue River JCT,BC_BLU_JCT,Bone Creek,BC_BET_DSS,,BC_BLU_JCT,BC_BET_DSS,239,306,27.07,9.54,62.44,138,265.5556,BLU_JCT_BET_DSS,138kV,138_BLU_JCT,138_BET_DSS,22.0,138
31791,1L211,BC Hydro,BC,British Columbia,1,ac,2.44,1.506,62.44,38.543,138,27.07,1.06,110,141,Blue River Pumping Station JCT,BC_BLE_JCT,Blue River JCT,BC_BLU_JCT,,BC_BLE_JCT,BC_BLU_JCT,110,141,27.07,1.06,62.44,138,122.2222,BLE_JCT_BLU_JCT,138kV,138_BLE_JCT,138_BLU_JCT,2.44,138
31792,1L211,BC Hydro,BC,British Columbia,1,ac,19.0,11.728,62.44,38.543,138,27.07,8.24,110,141,Finn Pumping Station JCT,BC_FPS_JCT,Blue River Pumping Station JCT,BC_BLE_JCT,,BC_FPS_JCT,BC_BLE_JCT,110,141,27.07,8.24,62.44,138,122.2222,FPS_JCT_BLE_JCT,138kV,138_FPS_JCT,138_BLE_JCT,19.0,138
31793,1L211BLE,BC Hydro,BC,British Columbia,1,ac,2.154,1.33,2.154,1.33,138,0.93,0.93,141,156,Blue River Pumping Station JCT,BC_BLE_JCT,Blue River Pumping Station,BC_BLE_DSS,,BC_BLE_JCT,BC_BLE_DSS,141,156,0.93,0.93,2.154,138,156.6667,BLE_JCT_BLE_DSS,138kV,138_BLE_JCT,138_BLE_DSS,2.154,138
31794,1L211BLU,BC Hydro,BC,British Columbia,1,ac,0.102,0.063,0.102,0.063,138,0.04,0.04,115,307,Blue River JCT,BC_BLU_JCT,Blue River,BC_BLU_DSS,,BC_BLU_JCT,BC_BLU_DSS,115,307,0.04,0.04,0.102,138,127.7778,BLU_JCT_BLU_DSS,138kV,138_BLU_JCT,138_BLU_DSS,0.102,138
31795,1L211FPS,BC Hydro,BC,British Columbia,1,ac,2.702,1.668,2.702,1.668,138,1.17,1.17,141,156,Finn Pumping Station JCT,BC_FPS_JCT,Finn Pumping Station,BC_FPS_DSS,,BC_FPS_JCT,BC_FPS_DSS,141,156,1.17,1.17,2.702,138,156.6667,FPS_JCT_FPS_DSS,138kV,138_FPS_JCT,138_FPS_DSS,2.702,138
31796,1L212,BC Hydro,BC,British Columbia,1,ac,27.706,17.102,27.706,17.102,138,12.01,12.01,58,111,Valemount,BC_VLM_DSS,Rearguard Pumping Station,BC_REG_DSS,,BC_VLM_DSS,BC_REG_DSS,58,111,12.01,12.01,27.706,138,64.4444,VLM_DSS_REG_DSS,138kV,138_VLM_DSS,138_REG_DSS,27.706,138
31797,1L214,BC Hydro,BC,British Columbia,1,ac,111.569,68.87,111.569,68.87,138,48.37,48.37,100,136,Vernon TS,BC_VNT_TSS,Valleyview,BC_VVW_DSS,,BC_VNT_TSS,BC_VVW_DSS,100,136,48.37,48.37,111.569,138,111.1111,VNT_TSS_VVW_DSS,138kV,138_VNT_TSS,138_VVW_DSS,111.569,138
31798,1L218,BC Hydro,BC,British Columbia,1,ac,3.0,1.852,57.93,35.759,138,25.12,1.3,135,158,Armstrong,BC_ARM_DSS,Riverside JCT,BC_RVS_JCT,,BC_ARM_DSS,BC_RVS_JCT,135,158,25.12,1.3,57.93,138,150.0,ARM_DSS_RVS_JCT,138kV,138_ARM_DSS,138_RVS_JCT,3.0,138
31799,1L218,BC Hydro,BC,British Columbia,1,ac,12.0,7.407,57.93,35.759,138,25.12,5.2,135,158,Enderby JCT,BC_END_JCT,Armstrong,BC_ARM_DSS,,BC_END_JCT,BC_ARM_DSS,135,158,25.12,5.2,57.93,138,150.0,END_JCT_ARM_DSS,138kV,138_END_JCT,138_ARM_DSS,12.0,138
31800,1L218,BC Hydro,BC,British Columbia,1,ac,20.0,12.346,57.93,35.759,138,25.12,8.67,135,158,Riverside JCT,BC_RVS_JCT,Vernon TS,BC_VNT_TSS,,BC_RVS_JCT,BC_VNT_TSS,135,158,25.12,8.67,57.93,138,150.0,RVS_JCT_VNT_TSS,138kV,138_RVS_JCT,138_VNT_TSS,20.0,138
31801,1L218,BC Hydro,BC,British Columbia,1,ac,20.0,12.346,57.93,35.759,138,25.12,8.67,133,158,Salmon Arm,BC_SAM_DSS,Enderby JCT,BC_END_JCT,,BC_SAM_DSS,BC_END_JCT,133,158,25.12,8.67,57.93,138,147.7778,SAM_DSS_END_JCT,138kV,138_SAM_DSS,138_END_JCT,20.0,138
31802,1L218,BC Hydro,BC,British Columbia,1,ac,2.93,1.809,57.93,35.759,138,25.12,1.27,135,158,Tolko Armstrong GS,BC_RVG_GSS,Riverside JCT,BC_RVS_JCT,,BC_RVG_GSS,BC_RVS_JCT,135,158,25.12,1.27,57.93,138,150.0,RVG_GSS_RVS_JCT,138kV,138_RVG_GSS,138_RVS_JCT,2.93,138
31803,1L218END,BC Hydro,BC,British Columbia,1,ac,0.38,0.235,0.38,0.235,138,0.16,0.16,141,156,Enderby JCT,BC_END_JCT,Enderby,BC_END_DSS,,BC_END_JCT,BC_END_DSS,141,156,0.16,0.16,0.38,138,156.6667,END_JCT_END_DSS,138kV,138_END_JCT,138_END_DSS,0.38,138
31804,1L218RVS,BC Hydro,BC,British Columbia,1,ac,0.046,0.028,0.046,0.028,138,0.02,0.02,135,158,Riverside JCT,BC_RVS_JCT,Riverside,BC_RVS_DSS,,BC_RVS_JCT,BC_RVS_DSS,135,158,0.02,0.02,0.046,138,150.0,RVS_JCT_RVS_DSS,138kV,138_RVS_JCT,138_RVS_DSS,0.046,138
31805,1L219,BC Hydro,BC,British Columbia,1,ac,1.4,0.864,14.806,9.139,138,6.42,0.61,166,186,Kamwood JCT,BC_KWD_JCT,Douglas Street,BC_DUG_DSS,,BC_KWD_JCT,BC_DUG_DSS,166,186,6.42,0.61,14.806,138,184.4444,KWD_JCT_DUG_DSS,138kV,138_KWD_JCT,138_DUG_DSS,1.4,138
31806,1L219,BC Hydro,BC,British Columbia,1,ac,8.3,5.123,14.806,9.139,138,6.42,3.6,166,186,Kamwood JCT,BC_KWD_JCT,Kamwood,BC_KWD_DSS,,BC_KWD_JCT,BC_KWD_DSS,166,186,6.42,3.6,14.806,138,184.4444,KWD_JCT_KWD_DSS,138kV,138_KWD_JCT,138_KWD_DSS,8.3,138
31807,1L219,BC Hydro,BC,British Columbia,1,ac,5.106,3.152,14.806,9.139,138,6.42,2.21,165,186,Valleyview,BC_VVW_DSS,Kamwood JCT,BC_KWD_JCT,,BC_VVW_DSS,BC_KWD_JCT,165,186,6.42,2.21,14.806,138,183.3333,VVW_DSS_KWD_JCT,138kV,138_VVW_DSS,138_KWD_JCT,5.106,138
31808,1L220,BC Hydro,BC,British Columbia,1,ac,3.7,2.284,3.7,2.284,138,1.6,1.6,165,190,West Kamloops,BC_WKA_DSS,Brocklehurst,BC_BKL_DSS,,BC_WKA_DSS,BC_BKL_DSS,165,190,1.6,1.6,3.7,138,183.3333,WKA_DSS_BKL_DSS,138kV,138_WKA_DSS,138_BKL_DSS,3.7,138
31809,1L225,BC Hydro,BC,British Columbia,1,ac,20.0,12.346,65.42,40.383,138,28.36,8.67,240,307,Albreda JCT,BC_ABA_JCT,Valemount,BC_VLM_DSS,,BC_ABA_JCT,BC_VLM_DSS,240,307,28.36,8.67,65.42,138,266.6667,ABA_JCT_VLM_DSS,138kV,138_ABA_JCT,138_VLM_DSS,20.0,138
31810,1L225,BC Hydro,BC,British Columbia,1,ac,20.0,12.346,65.42,40.383,138,28.36,8.67,244,294,Bone Creek,BC_BET_DSS,Chappell Pumping Station JCT,BC_CPL_JCT,,BC_BET_DSS,BC_CPL_JCT,244,294,28.36,8.67,65.42,138,271.1111,BET_DSS_CPL_JCT,138kV,138_BET_DSS,138_CPL_JCT,20.0,138
31811,1L225,BC Hydro,BC,British Columbia,1,ac,25.42,15.691,65.42,40.383,138,28.36,11.02,244,307,Chappell Pumping Station JCT,BC_CPL_JCT,Albreda JCT,BC_ABA_JCT,,BC_CPL_JCT,BC_ABA_JCT,244,307,28.36,11.02,65.42,138,271.1111,CPL_JCT_ABA_JCT,138kV,138_CPL_JCT,138_ABA_JCT,25.42,138
31812,1L225ABA,BC Hydro,BC,British Columbia,1,ac,0.767,0.473,0.767,0.473,138,0.33,0.33,141,156,Albreda JCT,BC_ABA_JCT,Albreda,BC_ABA_DSS,,BC_ABA_JCT,BC_ABA_DSS,141,156,0.33,0.33,0.767,138,156.6667,ABA_JCT_ABA_DSS,138kV,138_ABA_JCT,138_ABA_DSS,0.767,138
31813,1L225BNC,BC Hydro,BC,British Columbia,1,ac,0.05,0.031,0.05,0.031,138,0.02,0.02,141,156,Bone Creek,BC_BET_DSS,Bone Creek GS,BC_BNC_GSS,,BC_BET_DSS,BC_BNC_GSS,141,156,0.02,0.02,0.05,138,156.6667,BET_DSS_BNC_GSS,138kV,138_BET_DSS,138_BNC_GSS,0.05,138
31814,1L225CPL,BC Hydro,BC,British Columbia,1,ac,1.612,0.995,1.612,0.995,138,0.7,0.7,141,156,Chappell Pumping Station JCT,BC_CPL_JCT,Chappell Pumping Station,BC_CPL_DSS,,BC_CPL_JCT,BC_CPL_DSS,141,156,0.7,0.7,1.612,138,156.6667,CPL_JCT_CPL_DSS,138kV,138_CPL_JCT,138_CPL_DSS,1.612,138
31815,1L241,BC Hydro,BC,British Columbia,1,ac,13.269,8.191,13.269,8.191,138,5.75,5.75,166,199,Valleyview,BC_VVW_DSS,Brocklehurst,BC_BKL_DSS,,BC_VVW_DSS,BC_BKL_DSS,166,199,5.75,5.75,13.269,138,184.4444,VVW_DSS_BKL_DSS,138kV,138_VVW_DSS,138_BKL_DSS,13.269,138
31816,1L242,BC Hydro,BC,British Columbia,1,ac,5.106,3.152,5.106,3.152,138,2.21,2.21,166,199,Douglas Street,BC_DUG_DSS,Valleyview,BC_VVW_DSS,,BC_DUG_DSS,BC_VVW_DSS,166,199,2.21,2.21,5.106,138,184.4444,DUG_DSS_VVW_DSS,138kV,138_DUG_DSS,138_VVW_DSS,5.106,138
31817,1L243,BC Hydro,BC,British Columbia,1,ac,30.0,18.519,42.88,26.469,138,18.59,13.01,166,194,Highland,BC_HLD_DSS,Stump JCT,BC_STM_JCT,,BC_HLD_DSS,BC_STM_JCT,166,194,18.59,13.01,42.88,138,184.4444,HLD_DSS_STM_JCT,138kV,138_HLD_DSS,138_STM_JCT,30.0,138
31818,1L243,BC Hydro,BC,British Columbia,1,ac,12.88,7.951,42.88,26.469,138,18.59,5.58,160,192,Stump JCT,BC_STM_JCT,Nicola TS,BC_NIC_TSS,,BC_STM_JCT,BC_NIC_TSS,160,192,18.59,5.58,42.88,138,177.7778,STM_JCT_NIC_TSS,138kV,138_STM_JCT,138_NIC_TSS,12.88,138
31819,1L243STM,BC Hydro,BC,British Columbia,1,ac,2.0,1.235,2.0,1.235,138,0.87,0.87,162,210,Stump JCT,BC_STM_JCT,Stump,BC_STM_ISS,,BC_STM_JCT,BC_STM_ISS,162,210,0.87,0.87,2.0,138,180.0,STM_JCT_STM_ISS,138kV,138_STM_JCT,138_STM_ISS,2.0,138
31820,1L244,BC Hydro,BC,British Columbia,1,ac,32.0,19.753,77.23,47.673,138,33.48,13.87,161,209,Brenda Mines JCT,BC_BDM_JCT,Westbank,BC_WBK_DSS,,BC_BDM_JCT,BC_WBK_DSS,161,209,33.48,13.87,77.23,138,178.8889,BDM_JCT_WBK_DSS,138kV,138_BDM_JCT,138_WBK_DSS,32.0,138
31821,1L244,BC Hydro,BC,British Columbia,1,ac,32.0,19.753,77.23,47.673,138,33.48,13.87,161,209,Nicola TS,BC_NIC_TSS,Pennask JCT,BC_PSW_JCT,,BC_NIC_TSS,BC_PSW_JCT,161,209,33.48,13.87,77.23,138,178.8889,NIC_TSS_PSW_JCT,138kV,138_NIC_TSS,138_PSW_JCT,32.0,138
31822,1L244,BC Hydro,BC,British Columbia,1,ac,13.23,8.167,77.23,47.673,138,33.48,5.74,161,209,Pennask JCT,BC_PSW_JCT,Brenda Mines JCT,BC_BDM_JCT,,BC_PSW_JCT,BC_BDM_JCT,161,209,33.48,5.74,77.23,138,178.8889,PSW_JCT_BDM_JCT,138kV,138_PSW_JCT,138_BDM_JCT,13.23,138
31823,1L244BDM,BC Hydro,BC,British Columbia,1,ac,0.729,0.45,0.729,0.45,138,0.32,0.32,161,209,Brenda Mines JCT,BC_BDM_JCT,Brenda Mines,BC_BDM_ISS,,BC_BDM_JCT,BC_BDM_ISS,161,209,0.32,0.32,0.729,138,178.8889,BDM_JCT_BDM_ISS,138kV,138_BDM_JCT,138_BDM_ISS,0.729,138
31824,1L244PSW,BC Hydro,BC,British Columbia,1,ac,0.12,0.074,0.12,0.074,138,0.05,0.05,141,156,Pennask JCT,BC_PSW_JCT,Pennask GS,BC_PSW_GSS,,BC_PSW_JCT,BC_PSW_GSS,141,156,0.05,0.05,0.12,138,156.6667,PSW_JCT_PSW_GSS,138kV,138_PSW_JCT,138_PSW_GSS,0.12,138
31825,1L246,BC Hydro,BC,British Columbia,1,ac,6.269,3.87,6.269,3.87,138,2.72,2.72,148,176,Monashee,BC_MON_DSS,Whatshan GS,BC_WGS_GSS,,BC_MON_DSS,BC_WGS_GSS,148,176,2.72,2.72,6.269,138,164.4444,MON_DSS_WGS_GSS,138kV,138_MON_DSS,138_WGS_GSS,6.269,138
31826,1L249,BC Hydro,BC,British Columbia,1,ac,3.9,2.407,3.9,2.407,138,1.69,1.69,47,47,Merritt Green GS,BC_MIG_GSS,Merritt,BC_MRT_DSS,,BC_MIG_GSS,BC_MRT_DSS,47,47,1.69,1.69,3.9,138,52.2222,MIG_GSS_MRT_DSS,138kV,138_MIG_GSS,138_MRT_DSS,3.9,138
31827,1L251,BC Hydro,BC,British Columbia,1,ac,3.0,1.852,99.42,61.37,138,43.11,1.3,114,136,Copper Mountain JCT,BC_CUM_JCT,Similco,BC_SCO_DSS,,BC_CUM_JCT,BC_SCO_DSS,114,136,43.11,1.3,99.42,138,126.6667,CUM_JCT_SCO_DSS,138kV,138_CUM_JCT,138_SCO_DSS,3.0,138
31828,1L251,BC Hydro,BC,British Columbia,1,ac,29.42,18.16,99.42,61.37,138,43.11,12.76,184,248,Kingsvale Pumping Station JCT,BC_KPS_JCT,Princeton JCT,BC_PRI_JCT,,BC_KPS_JCT,BC_PRI_JCT,184,248,43.11,12.76,99.42,138,204.4444,KPS_JCT_PRI_JCT,138kV,138_KPS_JCT,138_PRI_JCT,29.42,138
31829,1L251,BC Hydro,BC,British Columbia,1,ac,60.0,37.037,99.42,61.37,138,43.11,26.01,184,248,Nicola TS,BC_NIC_TSS,Kingsvale Pumping Station JCT,BC_KPS_JCT,,BC_NIC_TSS,BC_KPS_JCT,184,248,43.11,26.01,99.42,138,204.4444,NIC_TSS_KPS_JCT,138kV,138_NIC_TSS,138_KPS_JCT,60.0,138
31830,1L251,BC Hydro,BC,British Columbia,1,ac,7.0,4.321,99.42,61.37,138,43.11,3.04,114,136,Princeton JCT,BC_PRI_JCT,Copper Mountain JCT,BC_CUM_JCT,,BC_PRI_JCT,BC_CUM_JCT,114,136,43.11,3.04,99.42,138,126.6667,PRI_JCT_CUM_JCT,138kV,138_PRI_JCT,138_CUM_JCT,7.0,138
31831,1L251CUM,BC Hydro,BC,British Columbia,1,ac,3.0,1.852,3.0,1.852,138,1.3,1.3,141,156,Copper Mountain JCT,BC_CUM_JCT,Copper Mountain,BC_CUM_DSS,,BC_CUM_JCT,BC_CUM_DSS,141,156,1.3,1.3,3.0,138,156.6667,CUM_JCT_CUM_DSS,138kV,138_CUM_JCT,138_CUM_DSS,3.0,138
31832,1L251KPS,BC Hydro,BC,British Columbia,1,ac,22.7,14.012,22.7,24.0,138,9.84,9.84,113,134,Kingsvale Pumping Station JCT,BC_KPS_JCT,Kingsvale Pumping Station,BC_KPS_ISS,,BC_KPS_JCT,BC_KPS_ISS,113,134,9.84,9.84,22.7,138,125.5556,KPS_JCT_KPS_ISS,138kV,138_KPS_JCT,138_KPS_ISS,22.7,138
31833,1L254,BC Hydro,BC,British Columbia,1,ac,35.648,22.005,35.648,22.005,138,15.46,15.46,163,195,Highland,BC_HLD_DSS,Merritt,BC_MRT_DSS,,BC_HLD_DSS,BC_MRT_DSS,163,195,15.46,15.46,35.648,138,181.1111,HLD_DSS_MRT_DSS,138kV,138_HLD_DSS,138_MRT_DSS,35.648,138
31834,1L274,BC Hydro,BC,British Columbia,1,ac,45.0,27.778,103.5,63.889,138,44.87,19.51,88,144,Britt Creek,BC_BCK_ISS,IPT Natal Pocaterra,BC_ABBC03_IPT,,BC_BCK_ISS,BC_ABBC03_IPT,88,144,44.87,19.51,103.5,138,97.7778,BCK_ISS_ABBC03_IPT,138kV,138_BCK_ISS,138_ABBC03_IPT,45.0,138
31835,1L274,BC Hydro,BC,British Columbia,1,ac,1.0,0.617,103.5,63.889,138,44.87,0.43,62,100,Elkford JCT,BC_EFD_JCT,Greenhills JCT,BC_GRH_JCT,,BC_EFD_JCT,BC_GRH_JCT,62,100,44.87,0.43,103.5,138,68.8889,EFD_JCT_GRH_JCT,138kV,138_EFD_JCT,138_GRH_JCT,1.0,138
31836,1L274,BC Hydro,BC,British Columbia,1,ac,27.5,16.975,103.5,63.889,138,44.87,11.92,62,100,Greenhills JCT,BC_GRH_JCT,Britt Creek,BC_BCK_ISS,,BC_GRH_JCT,BC_BCK_ISS,62,100,44.87,11.92,103.5,138,68.8889,GRH_JCT_BCK_ISS,138kV,138_GRH_JCT,138_BCK_ISS,27.5,138
31837,1L274,BC Hydro,BC,British Columbia,1,ac,19.0,11.728,103.5,63.889,138,44.87,8.24,62,100,Line Creek Coal JCT,BC_LCC_JCT,Elkford JCT,BC_EFD_JCT,,BC_LCC_JCT,BC_EFD_JCT,62,100,44.87,8.24,103.5,138,68.8889,LCC_JCT_EFD_JCT,138kV,138_LCC_JCT,138_EFD_JCT,19.0,138
31838,1L274,BC Hydro,BC,British Columbia,1,ac,11.0,6.79,103.5,63.889,138,44.87,4.77,98,123,Natal,BC_NTL_DSS,Line Creek Coal JCT,BC_LCC_JCT,,BC_NTL_DSS,BC_LCC_JCT,98,123,44.87,4.77,103.5,138,108.8889,NTL_DSS_LCC_JCT,138kV,138_NTL_DSS,138_LCC_JCT,11.0,138
31839,1L274EFD,BC Hydro,BC,British Columbia,1,ac,1.068,0.659,1.068,0.659,138,0.46,0.46,60,100,Elkford JCT,BC_EFD_JCT,Elkford,BC_EFD_DSS,,BC_EFD_JCT,BC_EFD_DSS,60,100,0.46,0.46,1.068,138,66.6667,EFD_JCT_EFD_DSS,138kV,138_EFD_JCT,138_EFD_DSS,1.068,138
31840,1L274FOR,BC Hydro,BC,British Columbia,1,ac,6.0,3.704,6.0,3.704,138,2.6,2.6,60,100,Britt Creek,BC_BCK_ISS,Fording Coal,BC_FRO_ISS,,BC_BCK_ISS,BC_FRO_ISS,60,100,2.6,2.6,6.0,138,66.6667,BCK_ISS_FRO_ISS,138kV,138_BCK_ISS,138_FRO_ISS,6.0,138
31841,1L274GRH,BC Hydro,BC,British Columbia,1,ac,5.167,3.19,5.167,3.19,138,2.24,2.24,238,289,Greenhills JCT,BC_GRH_JCT,Greenhills,BC_GRH_ISS,,BC_GRH_JCT,BC_GRH_ISS,238,289,2.24,2.24,5.167,138,264.4444,GRH_JCT_GRH_ISS,138kV,138_GRH_JCT,138_GRH_ISS,5.167,138
31842,1L274LCC,BC Hydro,BC,British Columbia,1,ac,3.061,1.89,3.061,1.89,138,1.33,1.33,112,134,Line Creek Coal JCT,BC_LCC_JCT,Line Creek Coal,BC_LCC_ISS,,BC_LCC_JCT,BC_LCC_ISS,112,134,1.33,1.33,3.061,138,124.4444,LCC_JCT_LCC_ISS,138kV,138_LCC_JCT,138_LCC_ISS,3.061,138
31843,1L275,BC Hydro,BC,British Columbia,1,ac,18.586,11.473,18.586,11.473,138,8.06,8.06,94,125,Natal,BC_NTL_DSS,IPT Natal Coleman,BC_ABBC01_IPT,,BC_NTL_DSS,BC_ABBC01_IPT,94,125,8.06,8.06,18.586,138,104.4444,NTL_DSS_ABBC01_IPT,138kV,138_NTL_DSS,138_ABBC01_IPT,18.586,138
31844,1L340,BC Hydro,BC,British Columbia,1,ac,2.36,1.457,9.36,5.778,138,4.06,1.02,135,162,Encana 15-27 JCT,BC_E15_JCT,Encana 9-27,BC_KIS_ISS,,BC_E15_JCT,BC_KIS_ISS,135,162,4.06,1.02,9.36,138,150.0,E15_JCT_KIS_ISS,138kV,138_E15_JCT,138_KIS_ISS,2.36,138
31845,1L340,BC Hydro,BC,British Columbia,1,ac,7.0,4.321,9.36,5.778,138,4.06,3.04,135,162,Encana 4-26 JCT,BC_E42_JCT,Encana 15-27 JCT,BC_E15_JCT,,BC_E42_JCT,BC_E15_JCT,135,162,4.06,3.04,9.36,138,150.0,E42_JCT_E15_JCT,138kV,138_E42_JCT,138_E15_JCT,7.0,138
31846,1L340E15,BC Hydro,BC,British Columbia,1,ac,1.0,0.617,1.0,0.617,138,0.43,0.43,141,156,Encana 15-27 JCT,BC_E15_JCT,Encana 15-27,BC_E15_ISS,,BC_E15_JCT,BC_E15_ISS,141,156,0.43,0.43,1.0,138,156.6667,E15_JCT_E15_ISS,138kV,138_E15_JCT,138_E15_ISS,1.0,138
31847,1L340E42,BC Hydro,BC,British Columbia,1,ac,1.0,0.617,1.0,0.617,138,0.43,0.43,141,156,Encana 4-26 JCT,BC_E42_JCT,Encana 4-26,BC_E42_ISS,,BC_E42_JCT,BC_E42_ISS,141,156,0.43,0.43,1.0,138,156.6667,E42_JCT_E42_ISS,138kV,138_E42_JCT,138_E42_ISS,1.0,138
31848,1L348,BC Hydro,BC,British Columbia,1,ac,13.787,8.51,13.787,8.51,138,5.98,5.98,236,270,Bear Mountain,BC_BMT_DSS,Dawson Creek,BC_DAW_DSS,,BC_BMT_DSS,BC_DAW_DSS,236,270,5.98,5.98,13.787,138,262.2222,BMT_DSS_DAW_DSS,138kV,138_BMT_DSS,138_DAW_DSS,13.787,138
31849,1L349,BC Hydro,BC,British Columbia,1,ac,20.388,12.585,20.388,12.585,138,8.84,8.84,133,158,Chetwynd,BC_CWD_DSS,Sundance Lake,BC_SLS_DSS,,BC_CWD_DSS,BC_SLS_DSS,133,158,8.84,8.84,20.388,138,147.7778,CWD_DSS_SLS_DSS,138kV,138_CWD_DSS,138_SLS_DSS,20.388,138
31850,1L350,BC Hydro,BC,British Columbia,1,ac,13.826,8.535,13.826,8.535,138,5.99,5.99,222,266,Bear Mountain,BC_BMT_DSS,Dawson Creek,BC_DAW_DSS,,BC_BMT_DSS,BC_DAW_DSS,222,266,5.99,5.99,13.826,138,246.6667,BMT_DSS_DAW_DSS,138kV,138_BMT_DSS,138_DAW_DSS,13.826,138
31851,1L351,BC Hydro,BC,British Columbia,1,ac,15.9,9.815,15.9,9.815,138,6.89,6.89,132,157,Bear Mountain,BC_BMT_DSS,Tupper West,BC_TPW_ISS,,BC_BMT_DSS,BC_TPW_ISS,132,157,6.89,6.89,15.9,138,146.6667,BMT_DSS_TPW_ISS,138kV,138_BMT_DSS,138_TPW_ISS,15.9,138
31852,1L354,BC Hydro,BC,British Columbia,1,ac,7.5,4.63,7.5,4.63,138,3.25,3.25,115,141,Bear Mountain,BC_BMT_DSS,Bear Mountain GS,BC_BMW_GSS,,BC_BMT_DSS,BC_BMW_GSS,115,141,3.25,3.25,7.5,138,127.7778,BMT_DSS_BMW_GSS,138kV,138_BMT_DSS,138_BMW_GSS,7.5,138
31853,1L355,BC Hydro,BC,British Columbia,1,ac,45.0,27.778,69.28,42.765,138,30.04,19.51,141,156,Bear Mountain,BC_BMT_DSS,BP Noel 5 JCT,BC_NL5_JCT,,BC_BMT_DSS,BC_NL5_JCT,141,156,30.04,19.51,69.28,138,156.6667,BMT_DSS_NL5_JCT,138kV,138_BMT_DSS,138_NL5_JCT,45.0,138
31854,1L355,BC Hydro,BC,British Columbia,1,ac,15.0,9.259,69.28,42.765,138,30.04,6.5,141,156,BP Noel 3 JCT,BC_NL3_JCT,BP Noel 2,BC_NL2_ISS,,BC_NL3_JCT,BC_NL2_ISS,141,156,30.04,6.5,69.28,138,156.6667,NL3_JCT_NL2_ISS,138kV,138_NL3_JCT,138_NL2_ISS,15.0,138
31855,1L355,BC Hydro,BC,British Columbia,1,ac,9.28,5.728,69.28,42.765,138,30.04,4.02,141,156,BP Noel 5 JCT,BC_NL5_JCT,BP Noel 3 JCT,BC_NL3_JCT,,BC_NL5_JCT,BC_NL3_JCT,141,156,30.04,4.02,69.28,138,156.6667,NL5_JCT_NL3_JCT,138kV,138_NL5_JCT,138_NL3_JCT,9.28,138
31856,1L355NL3,BC Hydro,BC,British Columbia,1,ac,0.331,0.204,0.331,0.204,138,0.14,0.14,141,156,BP Noel 3 JCT,BC_NL3_JCT,BP Noel 3,BC_NL3_ISS,,BC_NL3_JCT,BC_NL3_ISS,141,156,0.14,0.14,0.331,138,156.6667,NL3_JCT_NL3_ISS,138kV,138_NL3_JCT,138_NL3_ISS,0.331,138
31857,1L355NL5,BC Hydro,BC,British Columbia,1,ac,0.379,0.234,0.379,0.234,138,0.16,0.16,141,156,BP Noel 5 JCT,BC_NL5_JCT,BP Noel 5,BC_NL5_ISS,,BC_NL5_JCT,BC_NL5_ISS,141,156,0.16,0.16,0.379,138,156.6667,NL5_JCT_NL5_ISS,138kV,138_NL5_JCT,138_NL5_ISS,0.379,138
31858,1L357,BC Hydro,BC,Alberta,1,ac,11.242,6.94,11.242,6.94,138,4.87,4.87,162,184,Fort Nelson GS,BC_FNG_GSS,Wescup,BC_WSP_DSS,,BC_FNG_GSS,BC_WSP_DSS,162,184,4.87,4.87,11.242,138,180.0,FNG_GSS_WSP_DSS,138kV,138_FNG_GSS,138_WSP_DSS,11.242,138
31859,1L358,BC Hydro,BC,British Columbia,1,ac,15.13,9.34,15.13,9.34,138,6.56,6.56,135,162,Bear Mountain,BC_BMT_DSS,Encana 4-26 JCT,BC_E42_JCT,,BC_BMT_DSS,BC_E42_JCT,135,162,6.56,6.56,15.13,138,150.0,BMT_DSS_E42_JCT,138kV,138_BMT_DSS,138_E42_JCT,15.13,138
31860,1L358KIS,BC Hydro,BC,British Columbia,1,ac,6.0,3.704,6.0,3.704,138,2.6,2.6,135,162,Encana 4-26 JCT,BC_E42_JCT,Sunrise Gas Plant,BC_SGP_ISS,,BC_E42_JCT,BC_SGP_ISS,135,162,2.6,2.6,6.0,138,150.0,E42_JCT_SGP_ISS,138kV,138_E42_JCT,138_SGP_ISS,6.0,138
31861,1L359,BC Hydro,BC,Alberta,1,ac,26.6,16.42,161.9,99.938,138,70.2,11.53,166,199,Fort Nelson GS,BC_FNG_GSS,PetroCan JCT,BC_KLC_JCT,,BC_FNG_GSS,BC_KLC_JCT,166,199,70.2,11.53,161.9,138,184.4444,FNG_GSS_KLC_JCT,138kV,138_FNG_GSS,138_KLC_JCT,26.6,138
31862,1L359,BC Hydro,BC,Alberta,1,ac,5.3,3.272,161.9,99.938,138,70.2,2.3,166,199,Harvest Energy JCT,BC_FNC_JCT,IPT Nelson Rainbow,BC_ABBC04_IPT,,BC_FNC_JCT,BC_ABBC04_IPT,166,199,70.2,2.3,161.9,138,184.4444,FNC_JCT_ABBC04_IPT,138kV,138_FNC_JCT,138_ABBC04_IPT,5.3,138
31863,1L359,BC Hydro,BC,Alberta,1,ac,130.0,80.247,161.9,99.938,138,70.2,56.36,166,199,PetroCan JCT,BC_KLC_JCT,Harvest Energy JCT,BC_FNC_JCT,,BC_KLC_JCT,BC_FNC_JCT,166,199,70.2,56.36,161.9,138,184.4444,KLC_JCT_FNC_JCT,138kV,138_KLC_JCT,138_FNC_JCT,130.0,138
31864,1L359FNC,BC Hydro,BC,Alberta,1,ac,10.5,6.481,10.5,6.481,138,4.55,4.55,141,156,Harvest Energy JCT,BC_FNC_JCT,Harvest Energy,BC_FNC_ISS,,BC_FNC_JCT,BC_FNC_ISS,141,156,4.55,4.55,10.5,138,156.6667,FNC_JCT_FNC_ISS,138kV,138_FNC_JCT,138_FNC_ISS,10.5,138
31865,1L359KLC,BC Hydro,BC,Alberta,1,ac,0.05,0.031,0.05,0.031,138,0.02,0.02,141,156,PetroCan JCT,BC_KLC_JCT,PetroCan,BC_KLC_DSS,,BC_KLC_JCT,BC_KLC_DSS,141,156,0.02,0.02,0.05,138,156.6667,KLC_JCT_KLC_DSS,138kV,138_KLC_JCT,138_KLC_DSS,0.05,138
31866,1L360,BC Hydro,BC,British Columbia,1,ac,10.0,6.173,10.0,6.173,138,4.34,4.34,132,154,South Bank,BC_SBK_DSS,Taylor,BC_TAY_DSS,,BC_SBK_DSS,BC_TAY_DSS,132,154,4.34,4.34,10.0,138,146.6667,SBK_DSS_TAY_DSS,138kV,138_SBK_DSS,138_TAY_DSS,10.0,138
31867,1L361,BC Hydro,BC,British Columbia,1,ac,65.627,40.51,65.627,40.51,138,28.45,28.45,134,154,GM Shrum GS,BC_GMS_GSS,Chetwynd,BC_CWD_DSS,,BC_GMS_GSS,BC_CWD_DSS,134,154,28.45,28.45,65.627,138,148.8889,GMS_GSS_CWD_DSS,138kV,138_GMS_GSS,138_CWD_DSS,65.627,138
31868,1L363,BC Hydro,BC,British Columbia,1,ac,6.71,4.142,6.71,4.142,138,2.91,2.91,127,153,GM Shrum GS,BC_GMS_GSS,Portage Pass,BC_PPS_DSS,,BC_GMS_GSS,BC_PPS_DSS,127,153,2.91,2.91,6.71,138,141.1111,GMS_GSS_PPS_DSS,138kV,138_GMS_GSS,138_PPS_DSS,6.71,138
31869,1L364,BC Hydro,BC,British Columbia,1,ac,18.0,11.111,88.77,54.796,138,38.49,7.8,131,152,Fox Creek JCT,BC_FOX_JCT,Fort St John,BC_FJN_DSS,,BC_FOX_JCT,BC_FJN_DSS,131,152,38.49,7.8,88.77,138,145.5556,FOX_JCT_FJN_DSS,138kV,138_FOX_JCT,138_FJN_DSS,18.0,138
31870,1L364,BC Hydro,BC,British Columbia,1,ac,6.71,4.142,88.77,54.796,138,38.49,2.91,132,154,GM Shrum GS,BC_GMS_GSS,Portage Pass JCT,BC_PPS_JCT,,BC_GMS_GSS,BC_PPS_JCT,132,154,38.49,2.91,88.77,138,146.6667,GMS_GSS_PPS_JCT,138kV,138_GMS_GSS,138_PPS_JCT,6.71,138
31871,1L364,BC Hydro,BC,British Columbia,1,ac,64.06,39.543,88.77,54.796,138,38.49,27.77,129,155,Portage Pass JCT,BC_PPS_JCT,Fox Creek JCT,BC_FOX_JCT,,BC_PPS_JCT,BC_FOX_JCT,129,155,38.49,27.77,88.77,138,143.3333,PPS_JCT_FOX_JCT,138kV,138_PPS_JCT,138_FOX_JCT,64.06,138
31872,1L364FOX,BC Hydro,BC,British Columbia,1,ac,56.663,34.977,56.663,34.977,138,24.57,24.57,129,165,Fox Creek JCT,BC_FOX_JCT,Fox Creek,BC_FOX_DSS,,BC_FOX_JCT,BC_FOX_DSS,129,165,24.57,24.57,56.663,138,143.3333,FOX_JCT_FOX_DSS,138kV,138_FOX_JCT,138_FOX_DSS,56.663,138
31873,1L364PPS,BC Hydro,BC,British Columbia,1,ac,0.1,0.062,0.1,0.062,138,0.04,0.04,66,112,Portage Pass JCT,BC_PPS_JCT,Portage Pass,BC_PPS_DSS,,BC_PPS_JCT,BC_PPS_DSS,66,112,0.04,0.04,0.1,138,73.3333,PPS_JCT_PPS_DSS,138kV,138_PPS_JCT,138_PPS_DSS,0.1,138
31874,1L365,BC Hydro,BC,British Columbia,1,ac,65.0,40.123,105.91,65.377,138,45.92,28.18,65,102,McEwan JCT,BC_MWN_JCT,Kennedy,BC_KDS_DSS,,BC_MWN_JCT,BC_KDS_DSS,65,102,45.92,28.18,105.91,138,72.2222,MWN_JCT_KDS_DSS,138kV,138_MWN_JCT,138_KDS_DSS,65.0,138
31875,1L365,BC Hydro,BC,British Columbia,1,ac,40.91,25.253,105.91,65.377,138,45.92,17.74,65,102,Salmon Valley,BC_SVY_DSS,McEwan JCT,BC_MWN_JCT,,BC_SVY_DSS,BC_MWN_JCT,65,102,45.92,17.74,105.91,138,72.2222,SVY_DSS_MWN_JCT,138kV,138_SVY_DSS,138_MWN_JCT,40.91,138
31876,1L365MWN,BC Hydro,BC,British Columbia,1,ac,2.646,1.633,2.646,1.633,138,1.15,1.15,0,0,McEwan JCT,BC_MWN_JCT,McEwan,BC_MWN_DSS,,BC_MWN_JCT,BC_MWN_DSS,0,0,1.15,1.15,2.646,138,0.0,MWN_JCT_MWN_DSS,138kV,138_MWN_JCT,138_MWN_DSS,2.646,138
31877,1L366,BC Hydro,BC,British Columbia,1,ac,1.3,0.802,4.3,2.654,138,1.86,0.56,114,135,Mackenzie JCT,BC_MKZ_JCT,Timbernorth JCT,BC_TBN_JCT,,BC_MKZ_JCT,BC_TBN_JCT,114,135,1.86,0.56,4.3,138,126.6667,MKZ_JCT_TBN_JCT,138kV,138_MKZ_JCT,138_TBN_JCT,1.3,138
31878,1L366,BC Hydro,BC,British Columbia,1,ac,2.6,1.605,4.3,2.654,138,1.86,1.13,114,135,Morfee,BC_MFE_DSS,Mackenzie JCT,BC_MKZ_JCT,,BC_MFE_DSS,BC_MKZ_JCT,114,135,1.86,1.13,4.3,138,126.6667,MFE_DSS_MKZ_JCT,138kV,138_MFE_DSS,138_MKZ_JCT,2.6,138
31879,1L366,BC Hydro,BC,British Columbia,1,ac,0.4,0.247,4.3,2.654,138,1.86,0.17,114,135,Timbernorth JCT,BC_TBN_JCT,Fletcher Challenge,BC_FCC_ISS,,BC_TBN_JCT,BC_FCC_ISS,114,135,1.86,0.17,4.3,138,126.6667,TBN_JCT_FCC_ISS,138kV,138_TBN_JCT,138_FCC_ISS,0.4,138
31880,1L366MKZ,BC Hydro,BC,British Columbia,1,ac,0.1,0.062,0.1,0.062,138,0.04,0.04,170,208,Mackenzie JCT,BC_MKZ_JCT,Mackenzie,BC_MKZ_ISS,,BC_MKZ_JCT,BC_MKZ_ISS,170,208,0.04,0.04,0.1,138,188.8889,MKZ_JCT_MKZ_ISS,138kV,138_MKZ_JCT,138_MKZ_ISS,0.1,138
31881,1L366TBN,BC Hydro,BC,British Columbia,1,ac,0.402,0.248,0.402,0.248,138,0.17,0.17,141,156,Timbernorth JCT,BC_TBN_JCT,Timbernorth,BC_TBN_DSS,,BC_TBN_JCT,BC_TBN_DSS,141,156,0.17,0.17,0.402,138,156.6667,TBN_JCT_TBN_DSS,138kV,138_TBN_JCT,138_TBN_DSS,0.402,138
31882,1L367,BC Hydro,BC,British Columbia,1,ac,3.62,2.235,11.12,6.864,138,4.82,1.57,128,154,Fort St John,BC_FJN_DSS,Lousiana Pacific Canada JCT,BC_SLO_JCT,,BC_FJN_DSS,BC_SLO_JCT,128,154,4.82,1.57,11.12,138,142.2222,FJN_DSS_SLO_JCT,138kV,138_FJN_DSS,138_SLO_JCT,3.62,138
31883,1L367,BC Hydro,BC,British Columbia,1,ac,7.5,4.63,11.12,6.864,138,4.82,3.25,128,154,Lousiana Pacific Canada JCT,BC_SLO_JCT,Taylor,BC_TAY_DSS,,BC_SLO_JCT,BC_TAY_DSS,128,154,4.82,3.25,11.12,138,142.2222,SLO_JCT_TAY_DSS,138kV,138_SLO_JCT,138_TAY_DSS,7.5,138
31884,1L367SLO,BC Hydro,BC,British Columbia,1,ac,3.0,1.852,3.0,1.852,138,1.3,1.3,68,114,Lousiana Pacific Canada JCT,BC_SLO_JCT,Lousiana Pacific Canada,BC_SLO_ISS,,BC_SLO_JCT,BC_SLO_ISS,68,114,1.3,1.3,3.0,138,75.5556,SLO_JCT_SLO_ISS,138kV,138_SLO_JCT,138_SLO_ISS,3.0,138
31885,1L368,BC Hydro,BC,British Columbia,1,ac,4.0,2.469,6.0,3.704,138,2.6,1.73,79,112,Morfee,BC_MFE_DSS,Parsnip JCT,BC_PRS_JCT,,BC_MFE_DSS,BC_PRS_JCT,79,112,2.6,1.73,6.0,138,87.7778,MFE_DSS_PRS_JCT,138kV,138_MFE_DSS,138_PRS_JCT,4.0,138
31886,1L368,BC Hydro,BC,British Columbia,1,ac,2.0,1.235,6.0,3.704,138,2.6,0.87,79,112,Parsnip JCT,BC_PRS_JCT,Finlay Forest Industries,BC_FFI_ISS,,BC_PRS_JCT,BC_FFI_ISS,79,112,2.6,0.87,6.0,138,87.7778,PRS_JCT_FFI_ISS,138kV,138_PRS_JCT,138_FFI_ISS,2.0,138
31887,1L368PRS,BC Hydro,BC,British Columbia,1,ac,0.271,0.167,0.271,0.167,138,0.12,0.12,141,156,Parsnip JCT,BC_PRS_JCT,Parsnip,BC_PRS_DSS,,BC_PRS_JCT,BC_PRS_DSS,141,156,0.12,0.12,0.271,138,156.6667,PRS_JCT_PRS_DSS,138kV,138_PRS_JCT,138_PRS_DSS,0.271,138
31888,1L371,BC Hydro,BC,British Columbia,1,ac,47.212,29.143,47.212,29.143,138,20.47,20.47,118,148,Fort St John,BC_FJN_DSS,Texaco,BC_TXB_DSS,,BC_FJN_DSS,BC_TXB_DSS,118,148,20.47,20.47,47.212,138,131.1111,FJN_DSS_TXB_DSS,138kV,138_FJN_DSS,138_TXB_DSS,47.212,138
31889,1L373,BC Hydro,BC,British Columbia,1,ac,42.994,26.54,42.994,26.54,138,18.64,18.64,116,139,Kennedy,BC_KDS_DSS,Morfee,BC_MFE_DSS,,BC_KDS_DSS,BC_MFE_DSS,116,139,18.64,18.64,42.994,138,128.8889,KDS_DSS_MFE_DSS,138kV,138_KDS_DSS,138_MFE_DSS,42.994,138
31890,1L374,BC Hydro,BC,British Columbia,1,ac,10.0,6.173,10.0,6.173,138,4.34,4.34,131,152,South Bank,BC_SBK_DSS,Fort St John,BC_FJN_DSS,,BC_SBK_DSS,BC_FJN_DSS,131,152,4.34,4.34,10.0,138,145.5556,SBK_DSS_FJN_DSS,138kV,138_SBK_DSS,138_FJN_DSS,10.0,138
31891,1L375,BC Hydro,BC,British Columbia,1,ac,1.0,0.617,6.16,3.802,138,2.67,0.43,134,155,Solex Gas JCT,BC_NGL_JCT,Solex Gas,BC_NGL_ISS,,BC_NGL_JCT,BC_NGL_ISS,134,155,2.67,0.43,6.16,138,148.8889,NGL_JCT_NGL_ISS,138kV,138_NGL_JCT,138_NGL_ISS,1.0,138
31892,1L375,BC Hydro,BC,British Columbia,1,ac,5.16,3.185,6.16,3.802,138,2.67,2.24,133,155,Taylor,BC_TAY_DSS,Solex Gas JCT,BC_NGL_JCT,,BC_TAY_DSS,BC_NGL_JCT,133,155,2.67,2.24,6.16,138,147.7778,TAY_DSS_NGL_JCT,138kV,138_TAY_DSS,138_NGL_JCT,5.16,138
31893,1L375FBC,BC Hydro,BC,British Columbia,1,ac,1.7,1.049,1.7,1.049,138,0.74,0.74,127,153,Solex Gas JCT,BC_NGL_JCT,Fiberco,BC_FBC_DSS,,BC_NGL_JCT,BC_FBC_DSS,127,153,0.74,0.74,1.7,138,141.1111,NGL_JCT_FBC_DSS,138kV,138_NGL_JCT,138_FBC_DSS,1.7,138
31894,1L375MCM,BC Hydro,BC,British Columbia,1,ac,2.109,1.302,3.109,1.919,138,1.35,0.91,137,173,McMahon JCT,BC_MCM_JCT,McMahon GS,BC_MCM_GSS,,BC_MCM_JCT,BC_MCM_GSS,137,173,1.35,0.91,3.109,138,152.2222,MCM_JCT_MCM_GSS,138kV,138_MCM_JCT,138_MCM_GSS,2.109,138
31895,1L375MCM,BC Hydro,BC,British Columbia,1,ac,1.0,0.617,3.109,1.919,138,1.35,0.43,133,155,Solex Gas JCT,BC_NGL_JCT,McMahon JCT,BC_MCM_JCT,,BC_NGL_JCT,BC_MCM_JCT,133,155,1.35,0.43,3.109,138,147.7778,NGL_JCT_MCM_JCT,138kV,138_NGL_JCT,138_MCM_JCT,1.0,138
31896,1L375MGP,BC Hydro,BC,British Columbia,1,ac,0.3,0.3,0.3,0.185,138,0.13,0.13,133,155,McMahon JCT,BC_MCM_JCT,McMahon Gas Plant,BC_MGP_ISS,,BC_MCM_JCT,BC_MGP_ISS,133,155,0.13,0.13,0.3,138,147.7778,MCM_JCT_MGP_ISS,138kV,138_MCM_JCT,138_MGP_ISS,0.3,138
31897,1L377,BC Hydro,BC,British Columbia,1,ac,12.36,7.63,55.56,34.296,138,24.09,5.36,131,154,Arc Dawson JCT,BC_DSN_JCT,Dawson Creek,BC_DAW_DSS,,BC_DSN_JCT,BC_DAW_DSS,131,154,24.09,5.36,55.56,138,145.5556,DSN_JCT_DAW_DSS,138kV,138_DSN_JCT,138_DAW_DSS,12.36,138
31898,1L377,BC Hydro,BC,British Columbia,1,ac,8.0,4.938,55.56,34.296,138,24.09,3.47,131,154,Encana Tower JCT,BC_ET3_JCT,Parkland JCT,BC_PLD_JCT,,BC_ET3_JCT,BC_PLD_JCT,131,154,24.09,3.47,55.56,138,145.5556,ET3_JCT_PLD_JCT,138kV,138_ET3_JCT,138_PLD_JCT,8.0,138
31899,1L377,BC Hydro,BC,British Columbia,1,ac,8.2,5.062,55.56,34.296,138,24.09,3.56,131,154,Parkland JCT,BC_PLD_JCT,Arc Dawson JCT,BC_DSN_JCT,,BC_PLD_JCT,BC_DSN_JCT,131,154,24.09,3.56,55.56,138,145.5556,PLD_JCT_DSN_JCT,138kV,138_PLD_JCT,138_DSN_JCT,8.2,138
31900,1L377,BC Hydro,BC,British Columbia,1,ac,7.0,4.321,55.56,34.296,138,24.09,3.03,131,154,Septimus JCT,BC_SEP_JCT,Encana Tower JCT,BC_ET3_JCT,,BC_SEP_JCT,BC_ET3_JCT,131,154,24.09,3.03,55.56,138,145.5556,SEP_JCT_ET3_JCT,138kV,138_SEP_JCT,138_ET3_JCT,7.0,138
31901,1L377,BC Hydro,BC,British Columbia,1,ac,20.0,12.346,55.56,34.296,138,24.09,8.67,131,154,Taylor,BC_TAY_DSS,Septimus JCT,BC_SEP_JCT,,BC_TAY_DSS,BC_SEP_JCT,131,154,24.09,8.67,55.56,138,145.5556,TAY_DSS_SEP_JCT,138kV,138_TAY_DSS,138_SEP_JCT,20.0,138
31902,1L377DSN,BC Hydro,BC,British Columbia,1,ac,19.2,11.852,19.2,11.852,138,8.32,8.32,116,116,Arc Dawson JCT,BC_DSN_JCT,Arc Dawson,BC_DSN_ISS,,BC_DSN_JCT,BC_DSN_ISS,116,116,8.32,8.32,19.2,138,128.8889,DSN_JCT_DSN_ISS,138kV,138_DSN_JCT,138_DSN_ISS,19.2,138
31903,1L377ET3,BC Hydro,BC,British Columbia,1,ac,8.0,4.938,8.0,4.938,138,3.47,3.47,141,156,Encana Tower JCT,BC_ET3_JCT,Encana Tower,BC_ET3_ISS,,BC_ET3_JCT,BC_ET3_ISS,141,156,3.47,3.47,8.0,138,156.6667,ET3_JCT_ET3_ISS,138kV,138_ET3_JCT,138_ET3_ISS,8.0,138
31904,1L377PLD,BC Hydro,BC,British Columbia,1,ac,0.17,0.105,0.17,0.105,138,0.07,0.07,141,156,Parkland JCT,BC_PLD_JCT,Parkland,BC_PLD_DSS,,BC_PLD_JCT,BC_PLD_DSS,141,156,0.07,0.07,0.17,138,156.6667,PLD_JCT_PLD_DSS,138kV,138_PLD_JCT,138_PLD_DSS,0.17,138
31905,1L377SEP,BC Hydro,BC,British Columbia,1,ac,18.4,11.358,18.4,11.358,138,7.98,7.98,141,156,Septimus JCT,BC_SEP_JCT,Septimus,BC_SEP_DSS,,BC_SEP_JCT,BC_SEP_DSS,141,156,7.98,7.98,18.4,138,156.6667,SEP_JCT_SEP_DSS,138kV,138_SEP_JCT,138_SEP_DSS,18.4,138
31906,1L381,BC Hydro,BC,British Columbia,1,ac,110.0,67.901,167.33,103.29,138,72.55,47.69,98,124,Aiyansh,BC_AYH_DSS,Ellsworth JCT,BC_EWL_JCT,,BC_AYH_DSS,BC_EWL_JCT,98,124,72.55,47.69,167.33,138,108.8889,AYH_DSS_EWL_JCT,138kV,138_AYH_DSS,138_EWL_JCT,110.0,138
31907,1L381,BC Hydro,BC,British Columbia,1,ac,20.0,12.346,167.33,103.29,138,72.55,8.67,98,124,Ellsworth JCT,BC_EWL_JCT,Meziadin JCT,BC_MEZ_JCT,,BC_EWL_JCT,BC_MEZ_JCT,98,124,72.55,8.67,167.33,138,108.8889,EWL_JCT_MEZ_JCT,138kV,138_EWL_JCT,138_MEZ_JCT,20.0,138
31908,1L381,BC Hydro,BC,British Columbia,1,ac,37.33,23.043,167.33,103.29,138,72.55,16.19,98,124,Meziadin JCT,BC_MEZ_JCT,Long Lake,BC_LNT_DSS,,BC_MEZ_JCT,BC_LNT_DSS,98,124,72.55,16.19,167.33,138,108.8889,MEZ_JCT_LNT_DSS,138kV,138_MEZ_JCT,138_LNT_DSS,37.33,138
31909,1L381EWL,BC Hydro,BC,British Columbia,1,ac,0.068,0.042,0.068,0.042,138,0.03,0.03,141,156,Ellsworth JCT,BC_EWL_JCT,Ellsworth,BC_EWL_DSS,,BC_EWL_JCT,BC_EWL_DSS,141,156,0.03,0.03,0.068,138,156.6667,EWL_JCT_EWL_DSS,138kV,138_EWL_JCT,138_EWL_DSS,0.068,138
31910,1L381MEZ,BC Hydro,BC,British Columbia,1,ac,0.104,0.064,0.104,0.064,138,0.05,0.05,141,156,Meziadin JCT,BC_MEZ_JCT,Meziadin,BC_MEZ_DSS,,BC_MEZ_JCT,BC_MEZ_DSS,141,156,0.05,0.05,0.104,138,156.6667,MEZ_JCT_MEZ_DSS,138kV,138_MEZ_JCT,138_MEZ_DSS,0.104,138
31911,1L384,BC Hydro,BC,British Columbia,1,ac,50.0,30.864,102.82,63.469,138,44.58,21.68,64,102,Burns Lake JCT,BC_BRN_JCT,Topley,BC_TPY_DSS,,BC_BRN_JCT,BC_TPY_DSS,64,102,44.58,21.68,102.82,138,71.1111,BRN_JCT_TPY_DSS,138kV,138_BRN_JCT,138_TPY_DSS,50.0,138
31912,1L384,BC Hydro,BC,British Columbia,1,ac,40.0,24.691,102.82,63.469,138,44.58,17.34,64,102,Glenannan,BC_GLN_DSS,Pinnacle Pellets JCT,BC_PBL_JCT,,BC_GLN_DSS,BC_PBL_JCT,64,102,44.58,17.34,102.82,138,71.1111,GLN_DSS_PBL_JCT,138kV,138_GLN_DSS,138_PBL_JCT,40.0,138
31913,1L384,BC Hydro,BC,British Columbia,1,ac,12.82,7.914,102.82,63.469,138,44.58,5.56,64,102,Pinnacle Pellets JCT,BC_PBL_JCT,Burns Lake JCT,BC_BRN_JCT,,BC_PBL_JCT,BC_BRN_JCT,64,102,44.58,5.56,102.82,138,71.1111,PBL_JCT_BRN_JCT,138kV,138_PBL_JCT,138_BRN_JCT,12.82,138
31914,1L384BRN,BC Hydro,BC,British Columbia,1,ac,2.651,1.637,2.651,1.637,138,1.15,1.15,64,102,Burns Lake JCT,BC_BRN_JCT,Burns Lake,BC_BRN_DSS,,BC_BRN_JCT,BC_BRN_DSS,64,102,1.15,1.15,2.651,138,71.1111,BRN_JCT_BRN_DSS,138kV,138_BRN_JCT,138_BRN_DSS,2.651,138
31915,1L384PBL,BC Hydro,BC,British Columbia,1,ac,0.107,0.066,0.107,0.066,138,0.05,0.05,141,156,Pinnacle Pellets JCT,BC_PBL_JCT,Pinnacle Pellets,BC_PBL_ISS,,BC_PBL_JCT,BC_PBL_ISS,141,156,0.05,0.05,0.107,138,156.6667,PBL_JCT_PBL_ISS,138kV,138_PBL_JCT,138_PBL_ISS,0.107,138
31916,1L385,BC Hydro,BC,British Columbia,1,ac,40.116,24.763,40.116,24.763,138,17.39,17.39,64,102,Telkwa,BC_TKW_DSS,Smithers,BC_SRS_DSS,,BC_TKW_DSS,BC_SRS_DSS,64,102,17.39,17.39,40.116,138,71.1111,TKW_DSS_SRS_DSS,138kV,138_TKW_DSS,138_SRS_DSS,40.116,138
31917,1L387,BC Hydro,BC,British Columbia,1,ac,105.743,65.274,105.743,65.274,138,45.85,45.85,60,100,Skeena,BC_SKA_DSS,Aiyansh,BC_AYH_DSS,,BC_SKA_DSS,BC_AYH_DSS,60,100,45.85,45.85,105.743,138,66.6667,SKA_DSS_AYH_DSS,138kV,138_SKA_DSS,138_AYH_DSS,105.743,138
31918,1L390,BC Hydro,BC,British Columbia,1,ac,43.245,26.695,43.245,26.695,138,18.75,18.75,64,102,Topley,BC_TPY_DSS,Babine Lake,BC_BAB_DSS,,BC_TPY_DSS,BC_BAB_DSS,64,102,18.75,18.75,43.245,138,71.1111,TPY_DSS_BAB_DSS,138kV,138_TPY_DSS,138_BAB_DSS,43.245,138
31919,1L391,BC Hydro,BC,British Columbia,1,ac,4.3,2.654,94.3,58.21,138,40.89,1.86,111,135,Houston,BC_HUS_DSS,Houston Forest Products,BC_HFP_ISS,,BC_HUS_DSS,BC_HFP_ISS,111,135,40.89,1.86,94.3,138,123.3333,HUS_DSS_HFP_ISS,138kV,138_HUS_DSS,138_HFP_ISS,4.3,138
31920,1L391,BC Hydro,BC,British Columbia,1,ac,90.0,55.556,94.3,58.21,138,40.89,39.02,111,135,Houston Forest Products,BC_HFP_ISS,Huckleberry,BC_HML_DSS,,BC_HFP_ISS,BC_HML_DSS,111,135,40.89,39.02,94.3,138,123.3333,HFP_ISS_HML_DSS,138kV,138_HFP_ISS,138_HML_DSS,90.0,138
31921,1L392,BC Hydro,BC,British Columbia,1,ac,72.319,44.641,72.319,44.641,138,31.36,31.36,110,134,Smithers,BC_SRS_DSS,Hazelton,BC_HZN_DSS,,BC_SRS_DSS,BC_HZN_DSS,110,134,31.36,31.36,72.319,138,122.2222,SRS_DSS_HZN_DSS,138kV,138_SRS_DSS,138_HZN_DSS,72.319,138
31922,1L393,BC Hydro,BC,British Columbia,1,ac,2.98,1.84,4.23,2.611,138,1.83,1.29,58,100,Equity Silver JCT,BC_EQU_JCT,Confor Houston Sawmill,BC_NHS_ISS,,BC_EQU_JCT,BC_NHS_ISS,58,100,1.83,1.29,4.23,138,64.4444,EQU_JCT_NHS_ISS,138kV,138_EQU_JCT,138_NHS_ISS,2.98,138
31923,1L393,BC Hydro,BC,British Columbia,1,ac,1.25,0.772,4.23,2.611,138,1.83,0.54,58,100,Houston,BC_HUS_DSS,Equity Silver JCT,BC_EQU_JCT,,BC_HUS_DSS,BC_EQU_JCT,58,100,1.83,0.54,4.23,138,64.4444,HUS_DSS_EQU_JCT,138kV,138_HUS_DSS,138_EQU_JCT,1.25,138
31924,1L393EQU,BC Hydro,BC,British Columbia,1,ac,2.956,1.825,2.956,1.825,138,1.28,1.28,58,100,Equity Silver JCT,BC_EQU_JCT,Equity Silver,BC_EQU_ISS,,BC_EQU_JCT,BC_EQU_ISS,58,100,1.28,1.28,2.956,138,64.4444,EQU_JCT_EQU_ISS,138kV,138_EQU_JCT,138_EQU_ISS,2.956,138
31925,1L396,BC Hydro,BC,British Columbia,1,ac,18.109,11.178,18.109,11.178,138,7.85,7.85,114,132,Houston,BC_HUS_DSS,Telkwa,BC_TKW_DSS,,BC_HUS_DSS,BC_TKW_DSS,114,132,7.85,7.85,18.109,138,126.6667,HUS_DSS_TKW_DSS,138kV,138_HUS_DSS,138_TKW_DSS,18.109,138
31926,1L398,BC Hydro,BC,British Columbia,1,ac,33.256,20.528,33.256,20.528,138,14.42,14.42,58,100,Topley,BC_TPY_DSS,Houston,BC_HUS_DSS,,BC_TPY_DSS,BC_HUS_DSS,58,100,14.42,14.42,33.256,138,64.4444,TPY_DSS_HUS_DSS,138kV,138_TPY_DSS,138_HUS_DSS,33.256,138
31927,1L402,BC Hydro,BC,British Columbia,1,ac,6.27,3.87,7.27,4.488,138,3.15,2.72,98,124,Long Lake,BC_LNT_DSS,Westmin Resources JCT,BC_WNR_JCT,,BC_LNT_DSS,BC_WNR_JCT,98,124,3.15,2.72,7.27,138,108.8889,LNT_DSS_WNR_JCT,138kV,138_LNT_DSS,138_WNR_JCT,6.27,138
31928,1L402,BC Hydro,BC,British Columbia,1,ac,1.0,0.617,7.27,4.488,138,3.15,0.43,98,124,Westmin Resources JCT,BC_WNR_JCT,Stewart,BC_STW_DSS,,BC_WNR_JCT,BC_STW_DSS,98,124,3.15,0.43,7.27,138,108.8889,WNR_JCT_STW_DSS,138kV,138_WNR_JCT,138_STW_DSS,1.0,138
31929,1L402WRN,BC Hydro,BC,British Columbia,1,ac,0.027,0.017,0.027,0.017,138,0.01,0.01,64,102,Westmin Resources JCT,BC_WNR_JCT,Westmin Resources,BC_WNR_ISS,,BC_WNR_JCT,BC_WNR_ISS,64,102,0.01,0.01,0.027,138,71.1111,WNR_JCT_WNR_ISS,138kV,138_WNR_JCT,138_WNR_ISS,0.027,138
31930,1L403,BC Hydro,BC,British Columbia,1,ac,8.0,4.938,8.0,4.938,138,3.47,3.47,98,124,Long Lake,BC_LNT_DSS,Long Lake GS,BC_LNL_GSS,,BC_LNT_DSS,BC_LNL_GSS,98,124,3.47,3.47,8.0,138,108.8889,LNT_DSS_LNL_GSS,138kV,138_LNT_DSS,138_LNL_GSS,8.0,138
31931,1LBJT,BC Hydro,BC,British Columbia,1,ac,0.2,0.123,0.2,0.123,138,0.09,0.09,141,156,Long Lake GS,BC_LNL_GSS,Brucejack TS,BC_BJT_TSS,,BC_LNL_GSS,BC_BJT_TSS,141,156,0.09,0.09,0.2,138,156.6667,LNL_GSS_BJT_TSS,138kV,138_LNL_GSS,138_BJT_TSS,0.2,138
31932,1LKNG,BC Hydro,BC,British Columbia,1,ac,42.7,26.358,42.7,26.358,138,18.51,18.51,141,156,Brucejack TS,BC_BJT_TSS,Knipple Glacier,BC_KNG_ISS,,BC_BJT_TSS,BC_KNG_ISS,141,156,18.51,18.51,42.7,138,156.6667,BJT_TSS_KNG_ISS,138kV,138_BJT_TSS,138_KNG_ISS,42.7,138
31933,20L,FortisBC,BC,British Columbia,1,ac,7.5,4.63,44.9,27.716,63,17.06,2.85,30,33,Beaver Park,BC_BEP_DSS,Fruitvale,BC_FRU_DSS,,BC_BEP_DSS,BC_FRU_DSS,30,33,17.06,2.85,44.9,63,33.3333,BEP_DSS_FRU_DSS,63kV,63_BEP_DSS,63_FRU_DSS,7.5,63
31934,20L,FortisBC,BC,British Columbia,1,ac,9.2,5.679,44.9,27.716,63,17.06,3.5,30,33,Fruitvale,BC_FRU_DSS,Hearns,BC_HER_DSS,,BC_FRU_DSS,BC_HER_DSS,30,33,17.06,3.5,44.9,63,33.3333,FRU_DSS_HER_DSS,63kV,63_FRU_DSS,63_HER_DSS,9.2,63
31935,20L,FortisBC,BC,British Columbia,1,ac,5.9,3.642,44.9,27.716,63,17.06,2.24,30,33,Glenmerry,BC_GLM_DSS,Beaver Park,BC_BEP_DSS,,BC_GLM_DSS,BC_BEP_DSS,30,33,17.06,2.24,44.9,63,33.3333,GLM_DSS_BEP_DSS,63kV,63_GLM_DSS,63_BEP_DSS,5.9,63
31936,20L,FortisBC,BC,British Columbia,1,ac,16.7,10.309,44.9,27.716,63,17.06,6.35,30,33,Hearns,BC_HER_DSS,Salmo,BC_SLM_DSS,SLM used for Salmo to avoid confusion with SAL - Saltspring,BC_HER_DSS,BC_SLM_DSS,30,33,17.06,6.35,44.9,63,33.3333,HER_DSS_SLM_DSS,63kV,63_HER_DSS,63_SLM_DSS,16.7,63
31937,20L,FortisBC,BC,British Columbia,1,ac,5.6,3.457,44.9,27.716,63,17.06,2.13,30,33,Warfield TS,BC_WTS_TSS,Glenmerry,BC_GLM_DSS,,BC_WTS_TSS,BC_GLM_DSS,30,33,17.06,2.13,44.9,63,33.3333,WTS_TSS_GLM_DSS,63kV,63_WTS_TSS,63_GLM_DSS,5.6,63
31938,21L,FortisBC,BC,British Columbia,1,ac,1.7,1.049,1.7,1.049,63,0.65,0.65,30,33,South Slocan GS,BC_SLC_GSS,Lower Bonnington GS,BC_LBO_GSS,,BC_SLC_GSS,BC_LBO_GSS,30,33,0.65,0.65,1.7,63,33.3333,SLC_GSS_LBO_GSS,63kV,63_SLC_GSS,63_LBO_GSS,1.7,63
31939,22L,FortisBC,BC,British Columbia,1,ac,3.2,1.975,3.2,1.975,63,1.22,1.22,30,33,South Slocan GS,BC_SLC_GSS,Upper Bonnington SS,BC_USS_SWS,,BC_SLC_GSS,BC_USS_SWS,30,33,1.22,1.22,3.2,63,33.3333,SLC_GSS_USS_SWS,63kV,63_SLC_GSS,63_USS_SWS,3.2,63
31940,23L,FortisBC,BC,British Columbia,1,ac,1.5,0.926,4.4,2.716,63,1.67,0.57,30,33,Lower Bonnington GS,BC_LBO_GSS,Upper Bonnington SS,BC_USS_SWS,,BC_LBO_GSS,BC_USS_SWS,30,33,1.67,0.57,4.4,63,33.3333,LBO_GSS_USS_SWS,63kV,63_LBO_GSS,63_USS_SWS,1.5,63
31941,23L,FortisBC,BC,British Columbia,1,ac,1.7,1.049,4.4,2.716,63,1.67,0.65,30,33,South Slocan GS,BC_SLC_GSS,Lower Bonnington GS,BC_LBO_GSS,,BC_SLC_GSS,BC_LBO_GSS,30,33,1.67,0.65,4.4,63,33.3333,SLC_GSS_LBO_GSS,63kV,63_SLC_GSS,63_LBO_GSS,1.7,63
31942,23L,FortisBC,BC,British Columbia,1,ac,1.2,0.741,4.4,2.716,63,1.67,0.46,30,33,Upper Bonnington SS,BC_USS_SWS,Corra Linn GS,BC_COR_GSS,,BC_USS_SWS,BC_COR_GSS,30,33,1.67,0.46,4.4,63,33.3333,USS_SWS_COR_GSS,63kV,63_USS_SWS,63_COR_GSS,1.2,63
31943,24L,FortisBC,BC,British Columbia,1,ac,4.4,2.716,4.4,2.716,63,1.67,1.67,30,33,South Slocan GS,BC_SLC_GSS,Corra Linn GS,BC_COR_GSS,,BC_SLC_GSS,BC_COR_GSS,30,33,1.67,1.67,4.4,63,33.3333,SLC_GSS_COR_GSS,63kV,63_SLC_GSS,63_COR_GSS,4.4,63
31944,25L,FortisBC,BC,British Columbia,1,ac,9.6,5.926,17.7,10.926,63,6.73,3.65,30,33,Brilliant SS,BC_BSS_SWS,Tarrys,BC_TAR_DSS,,BC_BSS_SWS,BC_TAR_DSS,30,33,6.73,3.65,17.7,63,33.3333,BSS_SWS_TAR_DSS,63kV,63_BSS_SWS,63_TAR_DSS,9.6,63
31945,25L,FortisBC,BC,British Columbia,1,ac,1.5,0.926,17.7,10.926,63,6.73,0.57,30,33,Playmore,BC_PLA_DSS,South Slocan GS,BC_SLC_GSS,,BC_PLA_DSS,BC_SLC_GSS,30,33,6.73,0.57,17.7,63,33.3333,PLA_DSS_SLC_GSS,63kV,63_PLA_DSS,63_SLC_GSS,1.5,63
31946,25L,FortisBC,BC,British Columbia,1,ac,6.6,4.074,17.7,10.926,63,6.73,2.51,30,33,Tarrys,BC_TAR_DSS,Playmore,BC_PLA_DSS,,BC_TAR_DSS,BC_PLA_DSS,30,33,6.73,2.51,17.7,63,33.3333,TAR_DSS_PLA_DSS,63kV,63_TAR_DSS,63_PLA_DSS,6.6,63
31947,26L,FortisBC,BC,British Columbia,1,ac,2.1,1.296,18.5,11.42,63,7.03,0.8,30,33,Blueberry JCT,BC_BLB_JCT,Castlegar,BC_CAS_DSS,BLB used for Blueberry  to avoid confusion with BLU - Blue River,BC_BLB_JCT,BC_CAS_DSS,30,33,7.03,0.8,18.5,63,33.3333,BLB_JCT_CAS_DSS,63kV,63_BLB_JCT,63_CAS_DSS,2.1,63
31948,26L,FortisBC,BC,British Columbia,1,ac,2.5,1.543,18.5,11.42,63,7.03,0.95,30,33,Blueberry JCT,BC_BLB_JCT,Ootischenia,BC_OOT_DSS,BLB used for Blueberry  to avoid confusion with BLU - Blue River,BC_BLB_JCT,BC_OOT_DSS,30,33,7.03,0.95,18.5,63,33.3333,BLB_JCT_OOT_DSS,63kV,63_BLB_JCT,63_OOT_DSS,2.5,63
31949,26L,FortisBC,BC,British Columbia,1,ac,2.0,1.235,18.5,11.42,63,7.03,0.76,30,33,Brilliant SS,BC_BSS_SWS,Blueberry JCT,BC_BLB_JCT,BLB used for Blueberry  to avoid confusion with BLU - Blue River,BC_BSS_SWS,BC_BLB_JCT,30,33,7.03,0.76,18.5,63,33.3333,BSS_SWS_BLB_JCT,63kV,63_BSS_SWS,63_BLB_JCT,2.0,63
31950,26L,FortisBC,BC,British Columbia,1,ac,6.1,3.765,18.5,11.42,63,7.03,2.32,30,33,Castlegar,BC_CAS_DSS,Kraft GS,BC_KRA_GSS,Kraft refers to Celgar Green Energy,BC_CAS_DSS,BC_KRA_GSS,30,33,7.03,2.32,18.5,63,33.3333,CAS_DSS_KRA_GSS,63kV,63_CAS_DSS,63_KRA_GSS,6.1,63
31951,26L,FortisBC,BC,British Columbia,1,ac,0.7,0.432,18.5,11.42,63,7.03,0.27,30,33,Kraft GS,BC_KRA_GSS,Westar,BC_WST_DSS,,BC_KRA_GSS,BC_WST_DSS,30,33,7.03,0.27,18.5,63,33.3333,KRA_GSS_WST_DSS,63kV,63_KRA_GSS,63_WST_DSS,0.7,63
31952,26L,FortisBC,BC,British Columbia,1,ac,5.1,3.148,18.5,11.42,63,7.03,1.94,30,33,Ootischenia,BC_OOT_DSS,Blueberry,BC_BLB_DSS,BLB used for Blueberry  to avoid confusion with BLU - Blue River,BC_OOT_DSS,BC_BLB_DSS,30,33,7.03,1.94,18.5,63,33.3333,OOT_DSS_BLB_DSS,63kV,63_OOT_DSS,63_BLB_DSS,5.1,63
31953,27L,FortisBC,BC,British Columbia,1,ac,8.4,5.185,61.2,37.778,63,23.26,3.19,30,33,Cottonwood,BC_COT_DSS,Rosemont,BC_RSM_DSS,,BC_COT_DSS,BC_RSM_DSS,30,33,23.26,3.19,61.2,63,33.3333,COT_DSS_RSM_DSS,63kV,63_COT_DSS,63_RSM_DSS,8.4,63
31954,27L,FortisBC,BC,British Columbia,1,ac,17.8,10.988,61.2,37.778,63,23.26,6.76,30,33,Mill Street,BC_MLS_DSS,Corra Linn GS,BC_COR_GSS,Mill Street represents all substations within Nelson Hydro,BC_MLS_DSS,BC_COR_GSS,30,33,23.26,6.76,61.2,63,33.3333,MLS_DSS_COR_GSS,63kV,63_MLS_DSS,63_COR_GSS,17.8,63
31955,27L,FortisBC,BC,British Columbia,1,ac,2.5,1.543,61.2,37.778,63,23.26,0.95,30,33,Rosemont,BC_RSM_DSS,Mill Street,BC_MLS_DSS,Mill Street represents all substations within Nelson Hydro,BC_RSM_DSS,BC_MLS_DSS,30,33,23.26,0.95,61.2,63,33.3333,RSM_DSS_MLS_DSS,63kV,63_RSM_DSS,63_MLS_DSS,2.5,63
31956,27L,FortisBC,BC,British Columbia,1,ac,13.2,8.148,61.2,37.778,63,23.26,5.02,30,33,Salmo,BC_SLM_DSS,Ymir,BC_YMR_DSS,SLM used for Salmo to avoid confusion with SAL - Saltspring,BC_SLM_DSS,BC_YMR_DSS,30,33,23.26,5.02,61.2,63,33.3333,SLM_DSS_YMR_DSS,63kV,63_SLM_DSS,63_YMR_DSS,13.2,63
31957,27L,FortisBC,BC,British Columbia,1,ac,19.3,11.914,61.2,37.778,63,23.26,7.33,30,33,Ymir,BC_YMR_DSS,Cottonwood,BC_COT_DSS,,BC_YMR_DSS,BC_COT_DSS,30,33,23.26,7.33,61.2,63,33.3333,YMR_DSS_COT_DSS,63kV,63_YMR_DSS,63_COT_DSS,19.3,63
31958,28L,FortisBC,BC,British Columbia,1,ac,19.0,11.728,19.0,11.728,63,7.22,7.22,30,33,Upper Bonnington GS,BC_UBO_GSS,Mill Street,BC_MLS_DSS,Mill Street represents all substations within Nelson Hydro,BC_UBO_GSS,BC_MLS_DSS,30,33,7.22,7.22,19.0,63,33.3333,UBO_GSS_MLS_DSS,63kV,63_UBO_GSS,63_MLS_DSS,19.0,63
31959,2L001,BC Hydro,BC,British Columbia,1,ac,7.92,4.889,97.92,60.444,230,47.0,3.8,209,339,Function Junction,BC_FCN_DSS,Rainbow JCT,BC_RBW_JCT,,BC_FCN_DSS,BC_RBW_JCT,209,339,47.0,3.8,97.92,230,232.2222,FCN_DSS_RBW_JCT,230kV,230_FCN_DSS,230_RBW_JCT,7.92,230
31960,2L001,BC Hydro,BC,British Columbia,1,ac,63.0,38.889,97.92,60.444,230,47.0,30.24,209,339,Pemberton JCT,BC_PEM_JCT,Bridge River TS,BC_BRT_TSS,,BC_PEM_JCT,BC_BRT_TSS,209,339,47.0,30.24,97.92,230,232.2222,PEM_JCT_BRT_TSS,230kV,230_PEM_JCT,230_BRT_TSS,63.0,230
31961,2L001,BC Hydro,BC,British Columbia,1,ac,27.0,16.667,97.92,60.444,230,47.0,12.96,209,339,Rainbow JCT,BC_RBW_JCT,Pemberton JCT,BC_PEM_JCT,,BC_RBW_JCT,BC_PEM_JCT,209,339,47.0,12.96,97.92,230,232.2222,RBW_JCT_PEM_JCT,230kV,230_RBW_JCT,230_PEM_JCT,27.0,230
31962,2L001PEM,BC Hydro,BC,British Columbia,1,ac,0.349,0.215,0.349,0.215,230,0.17,0.17,402,435,Pemberton JCT,BC_PEM_JCT,Pemberton,BC_PEM_DSS,,BC_PEM_JCT,BC_PEM_DSS,402,435,0.17,0.17,0.349,230,446.6667,PEM_JCT_PEM_DSS,230kV,230_PEM_JCT,230_PEM_DSS,0.349,230
31963,2L001RBW,BC Hydro,BC,British Columbia,1,ac,0.453,0.28,0.453,0.28,230,0.22,0.22,402,435,Rainbow JCT,BC_RBW_JCT,Rainbow,BC_RBW_DSS,,BC_RBW_JCT,BC_RBW_DSS,402,435,0.22,0.22,0.453,230,446.6667,RBW_JCT_RBW_DSS,230kV,230_RBW_JCT,230_RBW_DSS,0.453,230
31964,2L002,BC Hydro,BC,British Columbia,1,ac,47.73,29.463,67.73,41.809,230,32.51,22.91,395,455,Rainbow JCT,BC_RBW_JCT,Cheekye,BC_CKY_DSS,,BC_RBW_JCT,BC_CKY_DSS,395,455,32.51,22.91,67.73,230,438.8889,RBW_JCT_CKY_DSS,230kV,230_RBW_JCT,230_CKY_DSS,47.73,230
31965,2L002,BC Hydro,BC,British Columbia,1,ac,19.0,11.728,67.73,41.809,230,32.51,9.12,416,684,Rutherford Creek JCT,BC_RUT_JCT,Rainbow JCT,BC_RBW_JCT,,BC_RUT_JCT,BC_RBW_JCT,416,684,32.51,9.12,67.73,230,462.2222,RUT_JCT_RBW_JCT,230kV,230_RUT_JCT,230_RBW_JCT,19.0,230
31966,2L002,BC Hydro,BC,British Columbia,1,ac,1.0,0.617,67.73,41.809,230,32.51,0.48,416,684,Tisdall,BC_TIS_DSS,Rutherford Creek JCT,BC_RUT_JCT,,BC_TIS_DSS,BC_RUT_JCT,416,684,32.51,0.48,67.73,230,462.2222,TIS_DSS_RUT_JCT,230kV,230_TIS_DSS,230_RUT_JCT,1.0,230
31967,2L002RBW,BC Hydro,BC,British Columbia,1,ac,0.433,0.268,0.433,0.268,230,0.21,0.21,396,482,Rainbow JCT,BC_RBW_JCT,Rainbow,BC_RBW_DSS,,BC_RBW_JCT,BC_RBW_DSS,396,482,0.21,0.21,0.433,230,440.0,RBW_JCT_RBW_DSS,230kV,230_RBW_JCT,230_RBW_DSS,0.433,230
31968,2L002RUT,BC Hydro,BC,British Columbia,1,ac,1.0,0.617,1.0,0.617,230,0.48,0.48,360,454,Rutherford Creek JCT,BC_RUT_JCT,Rutherford Creek GS,BC_RUT_GSS,,BC_RUT_JCT,BC_RUT_GSS,360,454,0.48,0.48,1.0,230,400.0,RUT_JCT_RUT_GSS,230kV,230_RUT_JCT,230_RUT_GSS,1.0,230
31969,2L003,BC Hydro,BC,British Columbia,1,ac,5.272,3.254,5.272,3.254,230,2.53,2.53,395,455,Walters,BC_WLT_DSS,Horne Payne,BC_HPN_DSS,,BC_WLT_DSS,BC_HPN_DSS,395,455,2.53,2.53,5.272,230,438.8889,WLT_DSS_HPN_DSS,230kV,230_WLT_DSS,230_HPN_DSS,5.272,230
31970,2L004,BC Hydro,BC,British Columbia,1,ac,4.6,2.84,22.6,13.951,230,10.85,2.21,378,455,Cambie JCT,BC_CAM_JCT,Kidd #2,BC_KI2_DSS,,BC_CAM_JCT,BC_KI2_DSS,378,455,10.85,2.21,22.6,230,420.0,CAM_JCT_KI2_DSS,230kV,230_CAM_JCT,230_KI2_DSS,4.6,230
31971,2L004,BC Hydro,BC,British Columbia,1,ac,18.0,11.111,22.6,13.951,230,10.85,8.64,378,455,Ingledow,BC_ING_DSS,Cambie JCT,BC_CAM_JCT,,BC_ING_DSS,BC_CAM_JCT,378,455,10.85,8.64,22.6,230,420.0,ING_DSS_CAM_JCT,230kV,230_ING_DSS,230_CAM_JCT,18.0,230
31972,2L004CAM,BC Hydro,BC,British Columbia,1,ac,0.076,0.047,0.076,0.047,230,0.04,0.04,378,455,Cambie JCT,BC_CAM_JCT,Cambie,BC_CAM_DSS,,BC_CAM_JCT,BC_CAM_DSS,378,455,0.04,0.04,0.076,230,420.0,CAM_JCT_CAM_DSS,230kV,230_CAM_JCT,230_CAM_DSS,0.076,230
31973,2L005,BC Hydro,BC,British Columbia,1,ac,38.472,23.748,38.472,23.748,230,18.47,18.47,230,336,Function Junction,BC_FCN_DSS,Cheekye,BC_CKY_DSS,,BC_FCN_DSS,BC_CKY_DSS,230,336,18.47,18.47,38.472,230,255.5556,FCN_DSS_CKY_DSS,230kV,230_FCN_DSS,230_CKY_DSS,38.472,230
31974,2L006,BC Hydro,BC,British Columbia,1,ac,2.85,1.759,16.85,10.401,230,8.09,1.37,809,973,Ingledow,BC_ING_DSS,Strawberry Hill JCT,BC_SYH_JCT,,BC_ING_DSS,BC_SYH_JCT,809,973,8.09,1.37,16.85,230,898.8889,ING_DSS_SYH_JCT,230kV,230_ING_DSS,230_SYH_JCT,2.85,230
31975,2L006,BC Hydro,BC,British Columbia,1,ac,14.0,8.642,16.85,10.401,230,8.09,6.72,831,964,Strawberry Hill JCT,BC_SYH_JCT,Arnott,BC_ARN_DSS,,BC_SYH_JCT,BC_ARN_DSS,831,964,8.09,6.72,16.85,230,923.3333,SYH_JCT_ARN_DSS,230kV,230_SYH_JCT,230_ARN_DSS,14.0,230
31976,2L006SYH,BC Hydro,BC,British Columbia,1,ac,0.044,0.027,0.044,0.027,230,0.02,0.02,827,986,Strawberry Hill JCT,BC_SYH_JCT,Strawberry Hill,BC_SYH_DSS,,BC_SYH_JCT,BC_SYH_DSS,827,986,0.02,0.02,0.044,230,918.8889,SYH_JCT_SYH_DSS,230kV,230_SYH_JCT,230_SYH_DSS,0.044,230
31977,2L009,BC Hydro,BC,British Columbia,1,ac,60.366,37.263,60.366,37.263,230,28.98,28.98,330,431,Cheekye,BC_CKY_DSS,Lynn Valley,BC_LYN_DSS,,BC_CKY_DSS,BC_LYN_DSS,330,431,28.98,28.98,60.366,230,366.6667,CKY_DSS_LYN_DSS,230kV,230_CKY_DSS,230_LYN_DSS,60.366,230
31978,2L010,BC Hydro,BC,British Columbia,1,ac,16.941,10.458,16.941,10.458,230,8.13,8.13,246,360,Ingledow,BC_ING_DSS,Arnott,BC_ARN_DSS,,BC_ING_DSS,BC_ARN_DSS,246,360,8.13,8.13,16.941,230,273.3333,ING_DSS_ARN_DSS,230kV,230_ING_DSS,230_ARN_DSS,16.941,230
31979,2L011,BC Hydro,BC,British Columbia,1,ac,14.386,8.88,14.386,8.88,230,6.91,6.91,318,439,Burrard TS,BC_BSY_TSS,Walters,BC_WLT_DSS,,BC_BSY_TSS,BC_WLT_DSS,318,439,6.91,6.91,14.386,230,353.3333,BSY_TSS_WLT_DSS,230kV,230_BSY_TSS,230_WLT_DSS,14.386,230
31980,2L012,BC Hydro,BC,British Columbia,1,ac,1.8,1.111,19.8,12.222,230,9.5,0.86,304,411,Ashlu JCT,BC_ASL_JCT,Cheakamus GS,BC_CMS_GSS,,BC_ASL_JCT,BC_CMS_GSS,304,411,9.5,0.86,19.8,230,337.7778,ASL_JCT_CMS_GSS,230kV,230_ASL_JCT,230_CMS_GSS,1.8,230
31981,2L012,BC Hydro,BC,British Columbia,1,ac,18.0,11.111,19.8,12.222,230,9.5,8.64,304,411,Cheekye,BC_CKY_DSS,Ashlu JCT,BC_ASL_JCT,,BC_CKY_DSS,BC_ASL_JCT,304,411,9.5,8.64,19.8,230,337.7778,CKY_DSS_ASL_JCT,230kV,230_CKY_DSS,230_ASL_JCT,18.0,230
31982,2L012ASL,BC Hydro,BC,British Columbia,1,ac,2.819,1.74,2.819,1.74,230,1.35,1.35,304,411,Ashlu JCT,BC_ASL_JCT,Ashlu GS,BC_ASL_GSS,,BC_ASL_JCT,BC_ASL_GSS,304,411,1.35,1.35,2.819,230,337.7778,ASL_JCT_ASL_GSS,230kV,230_ASL_JCT,230_ASL_GSS,2.819,230
31983,2L013,BC Hydro,BC,British Columbia,1,ac,60.304,37.224,60.304,37.224,230,28.95,28.95,355,446,Cheekye,BC_CKY_DSS,Cypress,BC_CYP_DSS,,BC_CKY_DSS,BC_CYP_DSS,355,446,28.95,28.95,60.304,230,394.4444,CKY_DSS_CYP_DSS,230kV,230_CKY_DSS,230_CYP_DSS,60.304,230
31984,2L014,BC Hydro,BC,British Columbia,1,ac,22.895,14.133,22.895,14.133,230,10.99,10.99,358,449,Cypress,BC_CYP_DSS,Walters,BC_WLT_DSS,,BC_CYP_DSS,BC_WLT_DSS,358,449,10.99,10.99,22.895,230,397.7778,CYP_DSS_WLT_DSS,230kV,230_CYP_DSS,230_WLT_DSS,22.895,230
31985,2L017,BC Hydro,BC,British Columbia,1,ac,3.877,2.393,3.877,2.393,230,1.86,1.86,392,455,Lynn Valley,BC_LYN_DSS,Walters,BC_WLT_DSS,,BC_LYN_DSS,BC_WLT_DSS,392,455,1.86,1.86,3.877,230,435.5556,LYN_DSS_WLT_DSS,230kV,230_LYN_DSS,230_WLT_DSS,3.877,230
31986,2L019,BC Hydro,BC,British Columbia,1,ac,1.671,1.031,1.671,1.031,230,0.8,0.8,192,337,Bridge River 1 GS,BC_BR1_GSS,Bridge River TS,BC_BRT_TSS,,BC_BR1_GSS,BC_BRT_TSS,192,337,0.8,0.8,1.671,230,213.3333,BR1_GSS_BRT_TSS,230kV,230_BR1_GSS,230_BRT_TSS,1.671,230
31987,2L020,BC Hydro,BC,British Columbia,1,ac,3.364,2.077,3.364,2.077,230,1.61,1.61,398,461,Cathedral Square,BC_CSQ_DSS,Mount Pleasant,BC_MPT_DSS,,BC_CSQ_DSS,BC_MPT_DSS,398,461,1.61,1.61,3.364,230,442.2222,CSQ_DSS_MPT_DSS,230kV,230_CSQ_DSS,230_MPT_DSS,3.364,230
31988,2L022,BC Hydro,BC,British Columbia,1,ac,22.769,14.055,22.769,14.055,230,10.93,10.93,374,454,Meridian,BC_MDN_DSS,Whalley,BC_WHY_DSS,,BC_MDN_DSS,BC_WHY_DSS,374,454,10.93,10.93,22.769,230,415.5556,MDN_DSS_WHY_DSS,230kV,230_MDN_DSS,230_WHY_DSS,22.769,230
31989,2L027,BC Hydro,BC,British Columbia,1,ac,5.275,3.256,5.275,3.256,230,2.53,2.53,374,454,Ingledow,BC_ING_DSS,Whalley,BC_WHY_DSS,,BC_ING_DSS,BC_WHY_DSS,374,454,2.53,2.53,5.275,230,415.5556,ING_DSS_WHY_DSS,230kV,230_ING_DSS,230_WHY_DSS,5.275,230
31990,2L029,BC Hydro,BC,British Columbia,1,ac,9.9,6.111,148.51,91.673,230,71.28,4.75,492,602,Jimmie Creek GS,BC_JMC_GSS,East Toba River GS,BC_ETR_GSS,,BC_JMC_GSS,BC_ETR_GSS,492,602,71.28,4.75,148.51,230,546.6667,JMC_GSS_ETR_GSS,230kV,230_JMC_GSS,230_ETR_GSS,9.9,230
31991,2L029,BC Hydro,BC,British Columbia,1,ac,12.6,7.778,148.51,91.673,230,71.28,6.05,430,442,Montrose Creek JCT,BC_MTC_JCT,Jimmie Creek GS,BC_JMC_GSS,,BC_MTC_JCT,BC_JMC_GSS,430,442,71.28,6.05,148.51,230,477.7778,MTC_JCT_JMC_GSS,230kV,230_MTC_JCT,230_JMC_GSS,12.6,230
31992,2L029,BC Hydro,BC,British Columbia,1,ac,126.0,77.778,148.51,91.673,230,71.28,60.48,430,442,Plutonic TS,BC_PSY_TSS,Montrose Creek JCT,BC_MTC_JCT,,BC_PSY_TSS,BC_MTC_JCT,430,442,71.28,60.48,148.51,230,477.7778,PSY_TSS_MTC_JCT,230kV,230_PSY_TSS,230_MTC_JCT,126.0,230
31993,2L029,BC Hydro,BC,British Columbia,1,ac,0.01,0.006,148.51,91.673,230,71.28,0.0,514,598,Saltery Bay,BC_SAY_DSS,Plutonic TS,BC_PSY_TSS,,BC_SAY_DSS,BC_PSY_TSS,514,598,71.28,0.0,148.51,230,571.1111,SAY_DSS_PSY_TSS,230kV,230_SAY_DSS,230_PSY_TSS,0.01,230
31994,2L029MTC,BC Hydro,BC,British Columbia,1,ac,8.3,5.123,8.3,5.123,230,3.98,3.98,492,602,Montrose Creek JCT,BC_MTC_JCT,Montrose Creek GS,BC_MTC_GSS,,BC_MTC_JCT,BC_MTC_GSS,492,602,3.98,3.98,8.3,230,546.6667,MTC_JCT_MTC_GSS,230kV,230_MTC_JCT,230_MTC_GSS,8.3,230
31995,2L030,BC Hydro,BC,British Columbia,1,ac,1.113,0.687,1.113,0.687,230,0.53,0.53,246,341,Murrin,BC_MUR_DSS,Cathedral Square,BC_CSQ_DSS,,BC_MUR_DSS,BC_CSQ_DSS,246,341,0.53,0.53,1.113,230,273.3333,MUR_DSS_CSQ_DSS,230kV,230_MUR_DSS,230_CSQ_DSS,1.113,230
31996,2L031,BC Hydro,BC,British Columbia,1,ac,1.113,0.687,1.113,0.687,230,0.53,0.53,246,341,Murrin,BC_MUR_DSS,Cathedral Square,BC_CSQ_DSS,,BC_MUR_DSS,BC_CSQ_DSS,246,341,0.53,0.53,1.113,230,273.3333,MUR_DSS_CSQ_DSS,230kV,230_MUR_DSS,230_CSQ_DSS,1.113,230
31997,2L032,BC Hydro,BC,British Columbia,1,ac,7.51,4.636,8.62,5.321,230,4.14,3.6,354,411,Horne Payne,BC_HPN_DSS,Murrin,BC_MUR_DSS,,BC_HPN_DSS,BC_MUR_DSS,354,411,4.14,3.6,8.62,230,393.3333,HPN_DSS_MUR_DSS,230kV,230_HPN_DSS,230_MUR_DSS,7.51,230
31998,2L032,BC Hydro,BC,British Columbia,1,ac,1.11,0.685,8.62,5.321,230,4.14,0.53,303,367,Murrin,BC_MUR_DSS,Cathedral Square,BC_CSQ_DSS,,BC_MUR_DSS,BC_CSQ_DSS,303,367,4.14,0.53,8.62,230,336.6667,MUR_DSS_CSQ_DSS,230kV,230_MUR_DSS,230_CSQ_DSS,1.11,230
31999,2L033,BC Hydro,BC,British Columbia,1,ac,8.723,5.385,8.723,5.385,230,4.19,4.19,460,481,Horne Payne,BC_HPN_DSS,Cathedral Square,BC_CSQ_DSS,,BC_HPN_DSS,BC_CSQ_DSS,460,481,4.19,4.19,8.723,230,511.1111,HPN_DSS_CSQ_DSS,230kV,230_HPN_DSS,230_CSQ_DSS,8.723,230
32000,2L038,BC Hydro,BC,British Columbia,1,ac,6.391,3.945,6.391,3.945,230,3.07,3.07,819,964,Meridian,BC_MDN_DSS,Como Lake,BC_COK_DSS,,BC_MDN_DSS,BC_COK_DSS,819,964,3.07,3.07,6.391,230,910.0,MDN_DSS_COK_DSS,230kV,230_MDN_DSS,230_COK_DSS,6.391,230
32001,2L039,BC Hydro,BC,British Columbia,1,ac,10.51,6.488,15.51,9.574,230,7.44,5.04,399,465,Como Lake,BC_COK_DSS,Hill Avenue TS,BC_HLT_TSS,,BC_COK_DSS,BC_HLT_TSS,399,465,7.44,5.04,15.51,230,443.3333,COK_DSS_HLT_TSS,230kV,230_COK_DSS,230_HLT_TSS,10.51,230
32002,2L039,BC Hydro,BC,British Columbia,1,ac,5.0,3.086,15.51,9.574,230,7.44,2.4,360,360,Hill Avenue TS,BC_HLT_TSS,Newell,BC_NEL_DSS,,BC_HLT_TSS,BC_NEL_DSS,360,360,7.44,2.4,15.51,230,400.0,HLT_TSS_NEL_DSS,230kV,230_HLT_TSS,230_NEL_DSS,5.0,230
32003,2L040,BC Hydro,BC,British Columbia,1,ac,5.0,3.086,12.39,7.648,230,5.95,2.4,400,477,Barnard,BC_BND_DSS,Burrard TS,BC_BSY_TSS,,BC_BND_DSS,BC_BSY_TSS,400,477,5.95,2.4,12.39,230,444.4444,BND_DSS_BSY_TSS,230kV,230_BND_DSS,230_BSY_TSS,5.0,230
32004,2L040,BC Hydro,BC,British Columbia,1,ac,2.39,1.475,12.39,7.648,230,5.95,1.15,400,477,Barnard,BC_BND_DSS,Hill Avenue TS,BC_HLT_TSS,,BC_BND_DSS,BC_HLT_TSS,400,477,5.95,1.15,12.39,230,444.4444,BND_DSS_HLT_TSS,230kV,230_BND_DSS,230_HLT_TSS,2.39,230
32005,2L040,BC Hydro,BC,British Columbia,1,ac,5.0,3.086,12.39,7.648,230,5.95,2.4,373,373,Hill Avenue TS,BC_HLT_TSS,Newell,BC_NEL_DSS,,BC_HLT_TSS,BC_NEL_DSS,373,373,5.95,2.4,12.39,230,414.4444,HLT_TSS_NEL_DSS,230kV,230_HLT_TSS,230_NEL_DSS,5.0,230
32006,2L041,BC Hydro,BC,British Columbia,1,ac,70.072,43.255,70.072,43.255,230,33.63,33.63,395,455,Bridge River TS,BC_BRT_TSS,Tisdall,BC_TIS_DSS,,BC_BRT_TSS,BC_TIS_DSS,395,455,33.63,33.63,70.072,230,438.8889,BRT_TSS_TIS_DSS,230kV,230_BRT_TSS,230_TIS_DSS,70.072,230
32007,2L042,BC Hydro,BC,British Columbia,1,ac,9.7,5.988,49.7,30.679,230,23.86,4.66,397,462,Boulder Creek JCT,BC_BDH_JCT,Upper Lillooet River GS,BC_ULR_GSS,,BC_BDH_JCT,BC_ULR_GSS,397,462,23.86,4.66,49.7,230,441.1111,BDH_JCT_ULR_GSS,230kV,230_BDH_JCT,230_ULR_GSS,9.7,230
32008,2L042,BC Hydro,BC,British Columbia,1,ac,40.0,24.691,49.7,30.679,230,23.86,19.2,397,462,Tisdall,BC_TIS_DSS,Boulder Creek JCT,BC_BDH_JCT,,BC_TIS_DSS,BC_BDH_JCT,397,462,23.86,19.2,49.7,230,441.1111,TIS_DSS_BDH_JCT,230kV,230_TIS_DSS,230_BDH_JCT,40.0,230
32009,2L042BDH,BC Hydro,BC,British Columbia,1,ac,0.5,0.309,0.5,0.309,230,0.24,0.24,396,482,Boulder Creek JCT,BC_BDH_JCT,Boulder Creek GS,BC_BDH_GSS,,BC_BDH_JCT,BC_BDH_GSS,396,482,0.24,0.24,0.5,230,440.0,BDH_JCT_BDH_GSS,230kV,230_BDH_JCT,230_BDH_GSS,0.5,230
32010,2L044,BC Hydro,BC,British Columbia,1,ac,4.634,2.86,4.634,2.86,230,2.22,2.22,444,471,Sperling,BC_SPG_DSS,Mount Pleasant,BC_MPT_DSS,,BC_SPG_DSS,BC_MPT_DSS,444,471,2.22,2.22,4.634,230,493.3333,SPG_DSS_MPT_DSS,230kV,230_SPG_DSS,230_MPT_DSS,4.634,230
32011,2L045,BC Hydro,BC,British Columbia,1,ac,5.999,3.703,5.999,3.703,230,2.88,2.88,250,307,Camosun,BC_CSN_DSS,Sperling,BC_SPG_DSS,,BC_CSN_DSS,BC_SPG_DSS,250,307,2.88,2.88,5.999,230,277.7778,CSN_DSS_SPG_DSS,230kV,230_CSN_DSS,230_SPG_DSS,5.999,230
32012,2L047,BC Hydro,BC,British Columbia,1,ac,61.557,37.998,61.557,37.998,230,29.55,29.55,201,356,Malaspina,BC_MSA_DSS,Howe Sound Pulp,BC_HSP_ISS,,BC_MSA_DSS,BC_HSP_ISS,201,356,29.55,29.55,61.557,230,223.3333,MSA_DSS_HSP_ISS,230kV,230_MSA_DSS,230_HSP_ISS,61.557,230
32013,2L048,BC Hydro,BC,British Columbia,1,ac,28.47,17.574,28.47,17.574,230,13.67,13.67,359,437,Malaspina,BC_MSA_DSS,Saltery Bay,BC_SAY_DSS,,BC_MSA_DSS,BC_SAY_DSS,359,437,13.67,13.67,28.47,230,398.8889,MSA_DSS_SAY_DSS,230kV,230_MSA_DSS,230_SAY_DSS,28.47,230
32014,2L049,BC Hydro,BC,British Columbia,1,ac,19.309,11.919,19.309,11.919,230,9.27,9.27,318,439,Meridian,BC_MDN_DSS,Horne Payne,BC_HPN_DSS,,BC_MDN_DSS,BC_HPN_DSS,318,439,9.27,9.27,19.309,230,353.3333,MDN_DSS_HPN_DSS,230kV,230_MDN_DSS,230_HPN_DSS,19.309,230
32015,2L050,BC Hydro,BC,British Columbia,1,ac,7.18,4.432,24.149,14.907,230,11.59,3.45,287,381,Burrard TS,BC_BSY_TSS,Horne Payne,BC_HPN_DSS,,BC_BSY_TSS,BC_HPN_DSS,287,381,11.59,3.45,24.149,230,318.8889,BSY_TSS_HPN_DSS,230kV,230_BSY_TSS,230_HPN_DSS,7.18,230
32016,2L050,BC Hydro,BC,British Columbia,1,ac,16.969,10.475,24.149,14.907,230,11.59,8.15,238,276,Horne Payne,BC_HPN_DSS,Murrin,BC_MUR_DSS,,BC_HPN_DSS,BC_MUR_DSS,238,276,11.59,8.15,24.149,230,264.4444,HPN_DSS_MUR_DSS,230kV,230_HPN_DSS,230_MUR_DSS,16.969,230
32017,2L051,BC Hydro,BC,British Columbia,1,ac,9.1,5.617,16.8,10.37,230,8.06,4.37,412,476,Barnard,BC_BND_DSS,Horne Payne,BC_HPN_DSS,,BC_BND_DSS,BC_HPN_DSS,412,476,8.06,4.37,16.8,230,457.7778,BND_DSS_HPN_DSS,230kV,230_BND_DSS,230_HPN_DSS,9.1,230
32018,2L051,BC Hydro,BC,British Columbia,1,ac,7.7,4.753,16.8,10.37,230,8.06,3.7,407,472,Como Lake,BC_COK_DSS,Barnard,BC_BND_DSS,,BC_COK_DSS,BC_BND_DSS,407,472,8.06,3.7,16.8,230,452.2222,COK_DSS_BND_DSS,230kV,230_COK_DSS,230_BND_DSS,7.7,230
32019,2L052,BC Hydro,BC,British Columbia,1,ac,6.346,3.917,6.346,3.917,230,3.05,3.05,776,969,Meridian,BC_MDN_DSS,Como Lake,BC_COK_DSS,,BC_MDN_DSS,BC_COK_DSS,776,969,3.05,3.05,6.346,230,862.2222,MDN_DSS_COK_DSS,230kV,230_MDN_DSS,230_COK_DSS,6.346,230
32020,2L053,BC Hydro,BC,British Columbia,1,ac,7.11,4.389,7.11,4.389,230,3.41,3.41,220,267,Murrin,BC_MUR_DSS,Mainwaring,BC_MAN_DSS,,BC_MUR_DSS,BC_MAN_DSS,220,267,3.41,3.41,7.11,230,244.4444,MUR_DSS_MAN_DSS,230kV,230_MUR_DSS,230_MAN_DSS,7.11,230
32021,2L054,BC Hydro,BC,British Columbia,1,ac,8.004,4.941,8.004,4.941,230,3.84,3.84,788,962,Burrard TS,BC_BSY_TSS,Meridian,BC_MDN_DSS,,BC_BSY_TSS,BC_MDN_DSS,788,962,3.84,3.84,8.004,230,875.5556,BSY_TSS_MDN_DSS,230kV,230_BSY_TSS,230_MDN_DSS,8.004,230
32022,2L055,BC Hydro,BC,British Columbia,1,ac,11.186,6.905,11.186,6.905,230,5.37,5.37,235,276,Mainwaring,BC_MAN_DSS,Camosun,BC_CSN_DSS,,BC_MAN_DSS,BC_CSN_DSS,235,276,5.37,5.37,11.186,230,261.1111,MAN_DSS_CSN_DSS,230kV,230_MAN_DSS,230_CSN_DSS,11.186,230
32023,2L056,BC Hydro,BC,British Columbia,1,ac,5.3,3.272,23.3,14.383,230,11.18,2.54,250,305,Cambie JCT,BC_CAM_JCT,Mainwaring,BC_MAN_DSS,,BC_CAM_JCT,BC_MAN_DSS,250,305,11.18,2.54,23.3,230,277.7778,CAM_JCT_MAN_DSS,230kV,230_CAM_JCT,230_MAN_DSS,5.3,230
32024,2L056,BC Hydro,BC,British Columbia,1,ac,18.0,11.111,23.3,14.383,230,11.18,8.64,426,492,Ingledow,BC_ING_DSS,Cambie JCT,BC_CAM_JCT,,BC_ING_DSS,BC_CAM_JCT,426,492,11.18,8.64,23.3,230,473.3333,ING_DSS_CAM_JCT,230kV,230_ING_DSS,230_CAM_JCT,18.0,230
32025,2L056CAM,BC Hydro,BC,British Columbia,1,ac,0.059,0.037,0.059,0.037,230,0.03,0.03,404,489,Cambie JCT,BC_CAM_JCT,Cambie,BC_CAM_DSS,,BC_CAM_JCT,BC_CAM_DSS,404,489,0.03,0.03,0.059,230,448.8889,CAM_JCT_CAM_DSS,230kV,230_CAM_JCT,230_CAM_DSS,0.059,230
32026,2L057,BC Hydro,BC,British Columbia,1,ac,2.88,1.778,16.88,10.42,230,8.1,1.38,246,360,Ingledow,BC_ING_DSS,Strawberry Hill JCT,BC_SYH_JCT,,BC_ING_DSS,BC_SYH_JCT,246,360,8.1,1.38,16.88,230,273.3333,ING_DSS_SYH_JCT,230kV,230_ING_DSS,230_SYH_JCT,2.88,230
32027,2L057,BC Hydro,BC,British Columbia,1,ac,14.0,8.642,16.88,10.42,230,8.1,6.72,246,360,Strawberry Hill JCT,BC_SYH_JCT,Arnott,BC_ARN_DSS,,BC_SYH_JCT,BC_ARN_DSS,246,360,8.1,6.72,16.88,230,273.3333,SYH_JCT_ARN_DSS,230kV,230_SYH_JCT,230_ARN_DSS,14.0,230
32028,2L057SYH,BC Hydro,BC,British Columbia,1,ac,0.078,0.048,0.078,0.048,230,0.04,0.04,402,435,Strawberry Hill JCT,BC_SYH_JCT,Strawberry Hill,BC_SYH_DSS,,BC_SYH_JCT,BC_SYH_DSS,402,435,0.04,0.04,0.078,230,446.6667,SYH_JCT_SYH_DSS,230kV,230_SYH_JCT,230_SYH_DSS,0.078,230
32029,2L058,BC Hydro,BC,British Columbia,1,ac,16.723,10.323,16.723,10.323,230,8.03,8.03,313,412,Steveston,BC_STV_DSS,Kidd #2,BC_KI2_DSS,,BC_STV_DSS,BC_KI2_DSS,313,412,8.03,8.03,16.723,230,347.7778,STV_DSS_KI2_DSS,230kV,230_STV_DSS,230_KI2_DSS,16.723,230
32030,2L061,BC Hydro,BC,British Columbia,1,ac,8.01,4.945,8.01,4.945,230,3.84,3.84,836,964,Burrard TS,BC_BSY_TSS,Meridian,BC_MDN_DSS,,BC_BSY_TSS,BC_MDN_DSS,836,964,3.84,3.84,8.01,230,928.8889,BSY_TSS_MDN_DSS,230kV,230_BSY_TSS,230_MDN_DSS,8.01,230
32031,2L062,BC Hydro,BC,British Columbia,1,ac,12.432,7.674,12.432,7.674,230,5.97,5.97,313,412,Arnott,BC_ARN_DSS,Steveston,BC_STV_DSS,,BC_ARN_DSS,BC_STV_DSS,313,412,5.97,5.97,12.432,230,347.7778,ARN_DSS_STV_DSS,230kV,230_ARN_DSS,230_STV_DSS,12.432,230
32032,2L063,BC Hydro,BC,British Columbia,1,ac,2.85,1.759,16.85,10.401,230,8.09,1.37,809,973,Ingledow,BC_ING_DSS,Strawberry Hill JCT,BC_SYH_JCT,,BC_ING_DSS,BC_SYH_JCT,809,973,8.09,1.37,16.85,230,898.8889,ING_DSS_SYH_JCT,230kV,230_ING_DSS,230_SYH_JCT,2.85,230
32033,2L063,BC Hydro,BC,British Columbia,1,ac,14.0,8.642,16.85,10.401,230,8.09,6.72,831,964,Strawberry Hill JCT,BC_SYH_JCT,Arnott,BC_ARN_DSS,,BC_SYH_JCT,BC_ARN_DSS,831,964,8.09,6.72,16.85,230,923.3333,SYH_JCT_ARN_DSS,230kV,230_SYH_JCT,230_ARN_DSS,14.0,230
32034,2L063SYH,BC Hydro,BC,British Columbia,1,ac,0.05,0.031,0.05,0.031,230,0.02,0.02,402,435,Strawberry Hill JCT,BC_SYH_JCT,Strawberry Hill,BC_SYH_DSS,,BC_SYH_JCT,BC_SYH_DSS,402,435,0.02,0.02,0.05,230,446.6667,SYH_JCT_SYH_DSS,230kV,230_SYH_JCT,230_SYH_DSS,0.05,230
32035,2L064,BC Hydro,BC,British Columbia,1,ac,7.18,4.432,7.908,4.882,230,3.8,3.45,249,302,Kidd #1,BC_KI1_DSS,Sperling,BC_SPG_DSS,,BC_KI1_DSS,BC_SPG_DSS,249,302,3.8,3.45,7.908,230,276.6667,KI1_DSS_SPG_DSS,230kV,230_KI1_DSS,230_SPG_DSS,7.18,230
32036,2L064,BC Hydro,BC,British Columbia,1,ac,0.728,0.449,7.908,4.882,230,3.8,0.35,391,455,Kidd #2,BC_KI2_DSS,Kidd #1,BC_KI1_DSS,,BC_KI2_DSS,BC_KI1_DSS,391,455,3.8,0.35,7.908,230,434.4444,KI2_DSS_KI1_DSS,230kV,230_KI2_DSS,230_KI1_DSS,0.728,230
32037,2L074,BC Hydro,BC,British Columbia,1,ac,6.864,4.237,6.864,4.237,230,3.29,3.29,733,860,Ingledow,BC_ING_DSS,Fleetwood,BC_FLW_DSS,,BC_ING_DSS,BC_FLW_DSS,733,860,3.29,3.29,6.864,230,814.4444,ING_DSS_FLW_DSS,230kV,230_ING_DSS,230_FLW_DSS,6.864,230
32038,2L075,BC Hydro,BC,British Columbia,1,ac,9.34,5.765,9.34,5.765,230,4.48,4.48,703,851,Fleetwood,BC_FLW_DSS,McLellan,BC_MLN_DSS,,BC_FLW_DSS,BC_MLN_DSS,703,851,4.48,4.48,9.34,230,781.1111,FLW_DSS_MLN_DSS,230kV,230_FLW_DSS,230_MLN_DSS,9.34,230
32039,2L076,BC Hydro,BC,British Columbia,1,ac,27.562,17.013,27.562,17.013,230,13.23,13.23,703,851,McLellan,BC_MLN_DSS,Mount Lehman,BC_MLE_DSS,,BC_MLN_DSS,BC_MLE_DSS,703,851,13.23,13.23,27.562,230,781.1111,MLN_DSS_MLE_DSS,230kV,230_MLN_DSS,230_MLE_DSS,27.562,230
32040,2L077,BC Hydro,BC,British Columbia,1,ac,23.956,14.788,23.956,14.788,230,11.5,11.5,734,859,Clayburn,BC_CBN_DSS,Atchelitz,BC_ALZ_DSS,,BC_CBN_DSS,BC_ALZ_DSS,734,859,11.5,11.5,23.956,230,815.5556,CBN_DSS_ALZ_DSS,230kV,230_CBN_DSS,230_ALZ_DSS,23.956,230
32041,2L078,BC Hydro,BC,British Columbia,1,ac,19.132,11.81,19.132,11.81,230,9.18,9.18,643,834,Atchelitz,BC_ALZ_DSS,Rosedale,BC_ROS_DSS,,BC_ALZ_DSS,BC_ROS_DSS,643,834,9.18,9.18,19.132,230,714.4444,ALZ_DSS_ROS_DSS,230kV,230_ALZ_DSS,230_ROS_DSS,19.132,230
32042,2L079,BC Hydro,BC,British Columbia,1,ac,7.936,4.899,7.936,4.899,230,3.81,3.81,738,859,Mount Lehman,BC_MLE_DSS,Clayburn,BC_CBN_DSS,,BC_MLE_DSS,BC_CBN_DSS,738,859,3.81,3.81,7.936,230,820.0,MLE_DSS_CBN_DSS,230kV,230_MLE_DSS,230_CBN_DSS,7.936,230
32043,2L086,BC Hydro,BC,British Columbia,1,ac,84.46,52.136,84.46,52.136,230,40.54,40.54,375,454,Kelly Lake,BC_KLY_DSS,Hundred Mile House,BC_HMH_DSS,,BC_KLY_DSS,BC_HMH_DSS,375,454,40.54,40.54,84.46,230,416.6667,KLY_DSS_HMH_DSS,230kV,230_KLY_DSS,230_HMH_DSS,84.46,230
32044,2L090,BC Hydro,BC,British Columbia,1,ac,77.004,47.533,77.004,47.533,230,36.96,36.96,221,380,Bridge River TS,BC_BRT_TSS,Kelly Lake,BC_KLY_DSS,,BC_BRT_TSS,BC_KLY_DSS,221,380,36.96,36.96,77.004,230,245.5556,BRT_TSS_KLY_DSS,230kV,230_BRT_TSS,230_KLY_DSS,77.004,230
32045,2L091,BC Hydro,BC,British Columbia,1,ac,75.716,46.739,75.716,46.739,230,36.34,36.34,193,337,Bridge River TS,BC_BRT_TSS,Kelly Lake,BC_KLY_DSS,,BC_BRT_TSS,BC_KLY_DSS,193,337,36.34,36.34,75.716,230,214.4444,BRT_TSS_KLY_DSS,230kV,230_BRT_TSS,230_KLY_DSS,75.716,230
32046,2L092,BC Hydro,BC,British Columbia,1,ac,89.593,55.304,89.593,55.304,230,43.0,43.0,218,332,Kelly Lake,BC_KLY_DSS,Savona,BC_SVA_DSS,,BC_KLY_DSS,BC_SVA_DSS,218,332,43.0,43.0,89.593,230,242.2222,KLY_DSS_SVA_DSS,230kV,230_KLY_DSS,230_SVA_DSS,89.593,230
32047,2L093,BC Hydro,BC,British Columbia,1,ac,90.805,56.052,90.805,56.052,230,43.59,43.59,215,353,Kelly Lake,BC_KLY_DSS,Savona,BC_SVA_DSS,,BC_KLY_DSS,BC_SVA_DSS,215,353,43.59,43.59,90.805,230,238.8889,KLY_DSS_SVA_DSS,230kV,230_KLY_DSS,230_SVA_DSS,90.805,230
32048,2L094,BC Hydro,BC,British Columbia,1,ac,152.4,94.074,152.4,94.074,230,73.15,73.15,207,362,Kelly Lake,BC_KLY_DSS,Soda Creek,BC_SCK_DSS,,BC_KLY_DSS,BC_SCK_DSS,207,362,73.15,73.15,152.4,230,230.0,KLY_DSS_SCK_DSS,230kV,230_KLY_DSS,230_SCK_DSS,152.4,230
32049,2L095,BC Hydro,BC,British Columbia,1,ac,85.337,52.677,85.337,52.677,230,40.96,40.96,195,357,Soda Creek,BC_SCK_DSS,Red Bluff,BC_RBF_DSS,,BC_SCK_DSS,BC_RBF_DSS,195,357,40.96,40.96,85.337,230,216.6667,SCK_DSS_RBF_DSS,230kV,230_SCK_DSS,230_RBF_DSS,85.337,230
32050,2L096,BC Hydro,BC,British Columbia,1,ac,95.324,58.842,95.324,58.842,230,45.76,45.76,309,414,Barlow,BC_BLW_DSS,Williston,BC_WSN_DSS,,BC_BLW_DSS,BC_WSN_DSS,309,414,45.76,45.76,95.324,230,343.3333,BLW_DSS_WSN_DSS,230kV,230_BLW_DSS,230_WSN_DSS,95.324,230
32051,2L097,BC Hydro,BC,British Columbia,1,ac,33.309,20.561,33.309,20.561,230,15.99,15.99,369,447,Williston,BC_WSN_DSS,Salmon Valley,BC_SVY_DSS,,BC_WSN_DSS,BC_SVY_DSS,369,447,15.99,15.99,33.309,230,410.0,WSN_DSS_SVY_DSS,230kV,230_WSN_DSS,230_SVY_DSS,33.309,230
32052,2L099,BC Hydro,BC,British Columbia,1,ac,59.589,36.783,59.589,36.783,230,28.6,28.6,520,607,Minette,BC_MIN_DSS,Skeena,BC_SKA_DSS,,BC_MIN_DSS,BC_SKA_DSS,520,607,28.6,28.6,59.589,230,577.7778,MIN_DSS_SKA_DSS,230kV,230_MIN_DSS,230_SKA_DSS,59.589,230
32053,2L100,BC Hydro,BC,British Columbia,1,ac,1.5,0.926,1.5,0.926,287,0.69,0.69,316,375,Minette,BC_MIN_DSS,Coastal Gas Link,BC_KTB_ISS,,BC_MIN_DSS,BC_KTB_ISS,316,375,0.69,0.69,1.5,287,351.1111,MIN_DSS_KTB_ISS,287kV,287_MIN_DSS,287_KTB_ISS,1.5,287
32054,2L101,BC Hydro,BC,British Columbia,1,ac,125.474,77.453,125.474,77.453,287,57.98,57.98,302,541,Skeena,BC_SKA_DSS,Rupert,BC_RUP_DSS,,BC_SKA_DSS,BC_RUP_DSS,302,541,57.98,57.98,125.474,287,335.5556,SKA_DSS_RUP_DSS,287kV,287_SKA_DSS,287_RUP_DSS,125.474,287
32055,2L102,BC Hydro,BC,British Columbia,1,ac,340.69,210.303,340.69,210.303,287,157.42,157.42,890,1063,Skeena,BC_SKA_DSS,Bob Quinn,BC_BQN_DSS,,BC_SKA_DSS,BC_BQN_DSS,890,1063,157.42,157.42,340.69,287,988.8889,SKA_DSS_BQN_DSS,287kV,287_SKA_DSS,287_BQN_DSS,340.69,287
32056,2L103,BC Hydro,BC,British Columbia,1,ac,2.503,1.545,2.503,1.545,287,1.16,1.16,338,569,Minette,BC_MIN_DSS,Kitimat,BC_KIT_DSS,,BC_MIN_DSS,BC_KIT_DSS,338,569,1.16,1.16,2.503,287,375.5556,MIN_DSS_KIT_DSS,287kV,287_MIN_DSS,287_KIT_DSS,2.503,287
32057,2L105,BC Hydro,BC,British Columbia,1,ac,1.5,0.926,1.5,0.926,287,0.69,0.69,316,562,Minette,BC_MIN_DSS,Eurocan,BC_EUR_ISS,,BC_MIN_DSS,BC_EUR_ISS,316,562,0.69,0.69,1.5,287,351.1111,MIN_DSS_EUR_ISS,287kV,287_MIN_DSS,287_EUR_ISS,1.5,287
32058,2L107,BC Hydro,BC,British Columbia,1,ac,59.589,36.783,59.589,36.783,230,28.6,28.6,254,301,Minette,BC_MIN_DSS,Coastal Gas Link,BC_KTB_ISS,,BC_MIN_DSS,BC_KTB_ISS,254,301,28.6,28.6,59.589,230,282.2222,MIN_DSS_KTB_ISS,230kV,230_MIN_DSS,230_KTB_ISS,59.589,230
32059,2L112,BC Hydro,BC,British Columbia,1,ac,0.865,0.534,0.865,0.534,230,0.42,0.42,380,380,Nelway,BC_NLY_DSS,INT Nelway BPA 2,BC_BCUS04_INT,,BC_NLY_DSS,BC_BCUS04_INT,380,380,0.42,0.42,0.865,230,422.2222,NLY_DSS_BCUS04_INT,230kV,230_NLY_DSS,230_BCUS04_INT,0.865,230
32060,2L113,BC Hydro,BC,British Columbia,1,ac,77.295,47.713,77.295,47.713,230,37.1,37.1,405,482,Cranbrook,BC_CBK_DSS,Natal,BC_NTL_DSS,,BC_CBK_DSS,BC_NTL_DSS,405,482,37.1,37.1,77.295,230,450.0,CBK_DSS_NTL_DSS,230kV,230_CBK_DSS,230_NTL_DSS,77.295,230
32061,2L123,BC Hydro,BC,British Columbia,1,ac,51.11,31.549,96.11,59.327,230,46.13,24.53,620,845,Harewood West JCT,BC_HWW_JCT,Dunsmuir,BC_DMR_DSS,,BC_HWW_JCT,BC_DMR_DSS,620,845,46.13,24.53,96.11,230,688.8889,HWW_JCT_DMR_DSS,230kV,230_HWW_JCT,230_DMR_DSS,51.11,230
32062,2L123,BC Hydro,BC,British Columbia,1,ac,45.0,27.778,96.11,59.327,230,46.13,21.6,620,845,Sahtlam,BC_SAT_DSS,Harewood West JCT,BC_HWW_JCT,,BC_SAT_DSS,BC_HWW_JCT,620,845,46.13,21.6,96.11,230,688.8889,SAT_DSS_HWW_JCT,230kV,230_SAT_DSS,230_HWW_JCT,45.0,230
32063,2L123HWW,BC Hydro,BC,British Columbia,1,ac,12.198,7.53,12.198,7.53,230,5.86,5.86,404,486,Harewood West JCT,BC_HWW_JCT,Harewood West,BC_HWW_DSS,,BC_HWW_JCT,BC_HWW_DSS,404,486,5.86,5.86,12.198,230,448.8889,HWW_JCT_HWW_DSS,230kV,230_HWW_JCT,230_HWW_DSS,12.198,230
32064,2L125,BC Hydro,BC,British Columbia,1,ac,6.991,4.316,6.991,4.316,230,3.36,3.36,809,973,Sahtlam,BC_SAT_DSS,Vancouver Island TS,BC_VIT_TSS,,BC_SAT_DSS,BC_VIT_TSS,809,973,3.36,3.36,6.991,230,898.8889,SAT_DSS_VIT_TSS,230kV,230_SAT_DSS,230_VIT_TSS,6.991,230
32065,2L126,BC Hydro,BC,British Columbia,1,ac,54.109,33.401,54.109,33.401,230,25.97,25.97,620,845,Sahtlam,BC_SAT_DSS,Pike Lake,BC_PIK_DSS,,BC_SAT_DSS,BC_PIK_DSS,620,845,25.97,25.97,54.109,230,688.8889,SAT_DSS_PIK_DSS,230kV,230_SAT_DSS,230_PIK_DSS,54.109,230
32066,2L128,BC Hydro,BC,British Columbia,1,ac,50.94,31.444,95.94,59.222,230,46.05,24.45,738,857,Harewood West JCT,BC_HWW_JCT,Dunsmuir,BC_DMR_DSS,,BC_HWW_JCT,BC_DMR_DSS,738,857,46.05,24.45,95.94,230,820.0,HWW_JCT_DMR_DSS,230kV,230_HWW_JCT,230_DMR_DSS,50.94,230
32067,2L128,BC Hydro,BC,British Columbia,1,ac,45.0,27.778,95.94,59.222,230,46.05,21.6,703,851,Sahtlam,BC_SAT_DSS,Harewood West JCT,BC_HWW_JCT,,BC_SAT_DSS,BC_HWW_JCT,703,851,46.05,21.6,95.94,230,781.1111,SAT_DSS_HWW_JCT,230kV,230_SAT_DSS,230_HWW_JCT,45.0,230
32068,2L128HWW,BC Hydro,BC,British Columbia,1,ac,12.169,7.512,12.169,7.512,230,5.84,5.84,405,486,Harewood West JCT,BC_HWW_JCT,Harewood West,BC_HWW_DSS,,BC_HWW_JCT,BC_HWW_DSS,405,486,5.84,5.84,12.169,230,450.0,HWW_JCT_HWW_DSS,230kV,230_HWW_JCT,230_HWW_DSS,12.169,230
32069,2L129,BC Hydro,BC,British Columbia,1,ac,12.0,7.407,67.24,41.506,230,32.28,5.76,596,706,Arnott,BC_ARN_DSS,English Bluff TS,BC_EBT_TSS,,BC_ARN_DSS,BC_EBT_TSS,596,706,32.28,5.76,67.24,230,662.2222,ARN_DSS_EBT_TSS,230kV,230_ARN_DSS,230_EBT_TSS,12.0,230
32070,2L129,BC Hydro,BC,British Columbia,1,ac,24.0,14.815,67.24,41.506,230,32.28,11.52,571,571,English Bluff TS,BC_EBT_TSS,Taylor Bay TS,BC_TBY_TSS,,BC_EBT_TSS,BC_TBY_TSS,571,571,32.28,11.52,67.24,230,634.4444,EBT_TSS_TBY_TSS,230kV,230_EBT_TSS,230_TBY_TSS,24.0,230
32071,2L129,BC Hydro,BC,British Columbia,1,ac,21.6,13.333,67.24,41.506,230,32.28,10.37,589,633,Maracaibo TS,BC_MBO_TSS,Vancouver Island TS,BC_VIT_TSS,,BC_MBO_TSS,BC_VIT_TSS,589,633,32.28,10.37,67.24,230,654.4444,MBO_TSS_VIT_TSS,230kV,230_MBO_TSS,230_VIT_TSS,21.6,230
32072,2L129,BC Hydro,BC,British Columbia,1,ac,4.14,2.556,67.24,41.506,230,32.28,1.99,570,570,Montague TS,BC_MTG_TSS,Maracaibo TS,BC_MBO_TSS,,BC_MTG_TSS,BC_MBO_TSS,570,570,32.28,1.99,67.24,230,633.3333,MTG_TSS_MBO_TSS,230kV,230_MTG_TSS,230_MBO_TSS,4.14,230
32073,2L129,BC Hydro,BC,British Columbia,1,ac,5.5,3.395,67.24,41.506,230,32.28,2.64,596,633,Taylor Bay TS,BC_TBY_TSS,Montague TS,BC_MTG_TSS,,BC_TBY_TSS,BC_MTG_TSS,596,633,32.28,2.64,67.24,230,662.2222,TBY_TSS_MTG_TSS,230kV,230_TBY_TSS,230_MTG_TSS,5.5,230
32074,2L130,BC Hydro,BC,British Columbia,1,ac,6.978,4.307,6.978,4.307,230,3.35,3.35,809,973,Sahtlam,BC_SAT_DSS,Vancouver Island TS,BC_VIT_TSS,,BC_SAT_DSS,BC_VIT_TSS,809,973,3.35,3.35,6.978,230,898.8889,SAT_DSS_VIT_TSS,230kV,230_SAT_DSS,230_VIT_TSS,6.978,230
32075,2L131,BC Hydro,BC,British Columbia,1,ac,12.397,7.652,12.397,7.652,230,5.95,5.95,368,492,Pike Lake,BC_PIK_DSS,Keating,BC_KTG_DSS,,BC_PIK_DSS,BC_KTG_DSS,368,492,5.95,5.95,12.397,230,408.8889,PIK_DSS_KTG_DSS,230kV,230_PIK_DSS,230_KTG_DSS,12.397,230
32076,2L132,BC Hydro,BC,British Columbia,1,ac,12.41,7.661,12.41,7.661,230,5.96,5.96,368,492,Pike Lake,BC_PIK_DSS,Keating,BC_KTG_DSS,,BC_PIK_DSS,BC_KTG_DSS,368,492,5.96,5.96,12.41,230,408.8889,PIK_DSS_KTG_DSS,230kV,230_PIK_DSS,230_KTG_DSS,12.41,230
32077,2L142,BC Hydro,BC,British Columbia,1,ac,4.161,2.568,4.161,2.568,230,2.0,2.0,312,346,George Tripp,BC_GTP_DSS,Horsey,BC_HSY_DSS,,BC_GTP_DSS,BC_HSY_DSS,312,346,2.0,2.0,4.161,230,346.6667,GTP_DSS_HSY_DSS,230kV,230_GTP_DSS,230_HSY_DSS,4.161,230
32078,2L143,BC Hydro,BC,British Columbia,1,ac,2.578,1.591,2.578,1.591,230,1.24,1.24,429,456,Horsey,BC_HSY_DSS,Esquimalt,BC_ESQ_DSS,,BC_HSY_DSS,BC_ESQ_DSS,429,456,1.24,1.24,2.578,230,476.6667,HSY_DSS_ESQ_DSS,230kV,230_HSY_DSS,230_ESQ_DSS,2.578,230
32079,2L144,BC Hydro,BC,British Columbia,1,ac,2.751,1.698,2.751,1.698,230,1.32,1.32,679,861,Pike Lake,BC_PIK_DSS,Goward,BC_GOW_DSS,,BC_PIK_DSS,BC_GOW_DSS,679,861,1.32,1.32,2.751,230,754.4444,PIK_DSS_GOW_DSS,230kV,230_PIK_DSS,230_GOW_DSS,2.751,230
32080,2L145,BC Hydro,BC,British Columbia,1,ac,5.399,3.333,9.217,5.689,230,4.42,2.59,348,431,Burnett,BC_BNT_DSS,Esquimalt,BC_ESQ_DSS,,BC_BNT_DSS,BC_ESQ_DSS,348,431,4.42,2.59,9.217,230,386.6667,BNT_DSS_ESQ_DSS,230kV,230_BNT_DSS,230_ESQ_DSS,5.399,230
32081,2L145,BC Hydro,BC,British Columbia,1,ac,3.818,2.357,9.217,5.689,230,4.42,1.83,679,810,Pike Lake,BC_PIK_DSS,Burnett,BC_BNT_DSS,,BC_PIK_DSS,BC_BNT_DSS,679,810,4.42,1.83,9.217,230,754.4444,PIK_DSS_BNT_DSS,230kV,230_PIK_DSS,230_BNT_DSS,3.818,230
32082,2L146,BC Hydro,BC,British Columbia,1,ac,7.061,4.359,7.061,4.359,230,3.39,3.39,278,329,Goward,BC_GOW_DSS,Horsey,BC_HSY_DSS,,BC_GOW_DSS,BC_HSY_DSS,278,329,3.39,3.39,7.061,230,308.8889,GOW_DSS_HSY_DSS,230kV,230_GOW_DSS,230_HSY_DSS,7.061,230
32083,2L154,BC Hydro,BC,British Columbia,1,ac,148.86,91.889,148.86,91.889,230,71.45,71.45,382,463,Dunsmuir,BC_DMR_DSS,Gold River,BC_GLD_DSS,,BC_DMR_DSS,BC_GLD_DSS,382,463,71.45,71.45,148.86,230,424.4444,DMR_DSS_GLD_DSS,230kV,230_DMR_DSS,230_GLD_DSS,148.86,230
32084,2L170,BC Hydro,BC,British Columbia,1,ac,54.837,33.85,54.837,33.85,230,26.32,26.32,673,808,Sahtlam,BC_SAT_DSS,Pike Lake,BC_PIK_DSS,,BC_SAT_DSS,BC_PIK_DSS,673,808,26.32,26.32,54.837,230,747.7778,SAT_DSS_PIK_DSS,230kV,230_SAT_DSS,230_PIK_DSS,54.837,230
32085,2L221,BC Hydro,BC,British Columbia,1,ac,3.387,2.091,3.387,2.091,230,1.63,1.63,496,496,Seven Mile GS,BC_SEV_GSS,Selkirk TS,BC_SEL_TSS,,BC_SEV_GSS,BC_SEL_TSS,496,496,1.63,1.63,3.387,230,551.1111,SEV_GSS_SEL_TSS,230kV,230_SEV_GSS,230_SEL_TSS,3.387,230
32086,2L222,BC Hydro,BC,British Columbia,1,ac,3.414,2.107,3.414,2.107,230,1.64,1.64,496,496,Seven Mile GS,BC_SEV_GSS,Selkirk TS,BC_SEL_TSS,,BC_SEV_GSS,BC_SEL_TSS,496,496,1.64,1.64,3.414,230,551.1111,SEV_GSS_SEL_TSS,230kV,230_SEV_GSS,230_SEL_TSS,3.414,230
32087,2L240,BC Hydro,BC,British Columbia,1,ac,37.586,23.201,37.586,23.201,230,18.04,18.04,406,486,Ashton Creek,BC_ACK_DSS,Salmon Arm,BC_SAM_DSS,,BC_ACK_DSS,BC_SAM_DSS,406,486,18.04,18.04,37.586,230,451.1111,ACK_DSS_SAM_DSS,230kV,230_ACK_DSS,230_SAM_DSS,37.586,230
32088,2L253,BC Hydro,BC,British Columbia,1,ac,11.995,7.404,11.995,7.404,230,5.76,5.76,406,488,Revelstoke GS,BC_REV_GSS,Illecillewaet,BC_ILL_DSS,,BC_REV_GSS,BC_ILL_DSS,406,488,5.76,5.76,11.995,230,451.1111,REV_GSS_ILL_DSS,230kV,230_REV_GSS,230_ILL_DSS,11.995,230
32089,2L255,BC Hydro,BC,British Columbia,1,ac,49.957,30.838,49.957,30.838,230,23.98,23.98,405,482,Ashton Creek,BC_ACK_DSS,Vernon TS,BC_VNT_TSS,,BC_ACK_DSS,BC_VNT_TSS,405,482,23.98,23.98,49.957,230,450.0,ACK_DSS_VNT_TSS,230kV,230_ACK_DSS,230_VNT_TSS,49.957,230
32090,2L256,BC Hydro,BC,British Columbia,1,ac,49.909,30.808,49.909,30.808,230,23.96,23.96,419,482,Ashton Creek,BC_ACK_DSS,Vernon TS,BC_VNT_TSS,,BC_ACK_DSS,BC_VNT_TSS,419,482,23.96,23.96,49.909,230,465.5556,ACK_DSS_VNT_TSS,230kV,230_ACK_DSS,230_VNT_TSS,49.909,230
32091,2L258,BC Hydro,BC,British Columbia,1,ac,129.802,80.125,129.802,80.125,230,62.3,62.3,402,514,Cranbrook,BC_CBK_DSS,Invermere,BC_INV_DSS,,BC_CBK_DSS,BC_INV_DSS,402,514,62.3,62.3,129.802,230,446.6667,CBK_DSS_INV_DSS,230kV,230_CBK_DSS,230_INV_DSS,129.802,230
32092,2L259,BC Hydro,BC,British Columbia,1,ac,111.677,68.936,111.677,68.936,230,53.6,53.6,405,484,Invermere,BC_INV_DSS,Kicking Horse,BC_KHS_DSS,,BC_INV_DSS,BC_KHS_DSS,405,484,53.6,53.6,111.677,230,450.0,INV_DSS_KHS_DSS,230kV,230_INV_DSS,230_KHS_DSS,111.677,230
32093,2L265,BC Hydro,BC,British Columbia,1,ac,63.357,39.109,63.357,39.109,230,30.41,30.41,395,509,Nicola TS,BC_NIC_TSS,Valleyview,BC_VVW_DSS,,BC_NIC_TSS,BC_VVW_DSS,395,509,30.41,30.41,63.357,230,438.8889,NIC_TSS_VVW_DSS,230kV,230_NIC_TSS,230_VVW_DSS,63.357,230
32094,2L293,BC Hydro,BC,British Columbia,1,ac,16.157,9.973,16.157,9.973,230,7.76,7.76,406,486,Selkirk TS,BC_SEL_TSS,Nelway,BC_NLY_DSS,,BC_SEL_TSS,BC_NLY_DSS,406,486,7.76,7.76,16.157,230,451.1111,SEL_TSS_NLY_DSS,230kV,230_SEL_TSS,230_NLY_DSS,16.157,230
32095,2L294,BC Hydro,BC,British Columbia,1,ac,86.71,53.525,161.71,99.821,230,77.62,41.62,419,482,AA Lambert JCT,BC_AAL_JCT,Cranbrook,BC_CBK_DSS,,BC_AAL_JCT,BC_CBK_DSS,419,482,77.62,41.62,161.71,230,465.5556,AAL_JCT_CBK_DSS,230kV,230_AAL_JCT,230_CBK_DSS,86.71,230
32096,2L294,BC Hydro,BC,British Columbia,1,ac,75.0,46.296,161.71,99.821,230,77.62,36.0,425,510,Nelway,BC_NLY_DSS,AA Lambert JCT,BC_AAL_JCT,,BC_NLY_DSS,BC_AAL_JCT,425,510,77.62,36.0,161.71,230,472.2222,NLY_DSS_AAL_JCT,230kV,230_NLY_DSS,230_AAL_JCT,75.0,230
32097,2L294AAL,BC Hydro,BC,British Columbia,1,ac,0.13,0.08,0.13,0.08,230,0.06,0.06,402,435,AA Lambert JCT,BC_AAL_JCT,AA Lambert,BC_AAL_DSS,,BC_AAL_JCT,BC_AAL_DSS,402,435,0.06,0.06,0.13,230,446.6667,AAL_JCT_AAL_DSS,230kV,230_AAL_JCT,230_AAL_DSS,0.13,230
32098,2L295,BC Hydro,BC,British Columbia,1,ac,45.854,28.305,45.854,28.305,230,22.01,22.01,406,488,Kootenay Canal GS,BC_KCL_GSS,Selkirk TS,BC_SEL_TSS,,BC_KCL_GSS,BC_SEL_TSS,406,488,22.01,22.01,45.854,230,451.1111,KCL_GSS_SEL_TSS,230kV,230_KCL_GSS,230_SEL_TSS,45.854,230
32099,2L299,BC Hydro,BC,British Columbia,1,ac,45.854,28.305,45.854,28.305,230,22.01,22.01,406,488,Kootenay Canal GS,BC_KCL_GSS,Selkirk TS,BC_SEL_TSS,,BC_KCL_GSS,BC_SEL_TSS,406,488,22.01,22.01,45.854,230,451.1111,KCL_GSS_SEL_TSS,230kV,230_KCL_GSS,230_SEL_TSS,45.854,230
32100,2L307,BC Hydro,BC,British Columbia,1,ac,5.348,3.301,5.348,3.301,230,2.57,2.57,397,483,Barlow,BC_BLW_DSS,Quesnel River Pulp,BC_QRP_ISS,,BC_BLW_DSS,BC_QRP_ISS,397,483,2.57,2.57,5.348,230,441.1111,BLW_DSS_QRP_ISS,230kV,230_BLW_DSS,230_QRP_ISS,5.348,230
32101,2L308,BC Hydro,BC,British Columbia,1,ac,23.021,14.21,23.021,14.21,230,11.05,11.05,406,487,GM Shrum GS,BC_GMS_GSS,Dokie,BC_DKT_DSS,,BC_GMS_GSS,BC_DKT_DSS,406,487,11.05,11.05,23.021,230,451.1111,GMS_GSS_DKT_DSS,230kV,230_GMS_GSS,230_DKT_DSS,23.021,230
32102,2L309,BC Hydro,BC,British Columbia,1,ac,51.338,31.69,51.338,31.69,230,24.64,24.64,406,486,Dokie,BC_DKT_DSS,Sukunka,BC_SNK_DSS,,BC_DKT_DSS,BC_SNK_DSS,406,486,24.64,24.64,51.338,230,451.1111,DKT_DSS_SNK_DSS,230kV,230_DKT_DSS,230_SNK_DSS,51.338,230
32103,2L312,BC Hydro,BC,British Columbia,1,ac,30.564,18.866,30.564,18.866,230,14.67,14.67,403,484,Sukunka,BC_SNK_DSS,Sundance Lake,BC_SLS_DSS,,BC_SNK_DSS,BC_SLS_DSS,403,484,14.67,14.67,30.564,230,447.7778,SNK_DSS_SLS_DSS,230kV,230_SNK_DSS,230_SLS_DSS,30.564,230
32104,2L313,BC Hydro,BC,British Columbia,1,ac,29.0,17.901,29.745,18.361,230,14.28,13.92,406,485,Conuma Coal JCT,BC_MNK_JCT,Meikle SS,BC_MKT_SWS,,BC_MNK_JCT,BC_MKT_SWS,406,485,14.28,13.92,29.745,230,451.1111,MNK_JCT_MKT_SWS,230kV,230_MNK_JCT,230_MKT_SWS,29.0,230
32105,2L313,BC Hydro,BC,British Columbia,1,ac,0.73,0.451,29.745,18.361,230,14.28,0.35,409,485,Kwoen Gas Plant JCT,BC_KGP_JCT,Conuma Coal JCT,BC_MNK_JCT,,BC_KGP_JCT,BC_MNK_JCT,409,485,14.28,0.35,29.745,230,454.4444,KGP_JCT_MNK_JCT,230kV,230_KGP_JCT,230_MNK_JCT,0.73,230
32106,2L313,BC Hydro,BC,British Columbia,1,ac,0.015,0.009,29.745,18.361,230,14.28,0.01,409,485,Sukunka,BC_SNK_DSS,Kwoen Gas Plant JCT,BC_KGP_JCT,,BC_SNK_DSS,BC_KGP_JCT,409,485,14.28,0.01,29.745,230,454.4444,SNK_DSS_KGP_JCT,230kV,230_SNK_DSS,230_KGP_JCT,0.015,230
32107,2L313KGP,BC Hydro,BC,British Columbia,1,ac,0.03,0.019,0.03,0.019,230,0.01,0.01,402,435,Kwoen Gas Plant JCT,BC_KGP_JCT,Kwoen Gas Plant,BC_KGP_ISS,,BC_KGP_JCT,BC_KGP_ISS,402,435,0.01,0.01,0.03,230,446.6667,KGP_JCT_KGP_ISS,230kV,230_KGP_JCT,230_KGP_ISS,0.03,230
32108,2L313MNK,BC Hydro,BC,British Columbia,1,ac,14.3,8.827,14.3,8.827,230,6.86,6.86,402,435,Conuma Coal JCT,BC_MNK_JCT,Conuma Coal,BC_MNK_ISS,,BC_MNK_JCT,BC_MNK_ISS,402,435,6.86,6.86,14.3,230,446.6667,MNK_JCT_MNK_ISS,230kV,230_MNK_JCT,230_MNK_ISS,14.3,230
32109,2L314,BC Hydro,BC,British Columbia,1,ac,7.2,4.444,7.2,4.444,230,3.46,3.46,390,390,Dokie,BC_DKT_DSS,Dokie GS,BC_DKW_GSS,,BC_DKT_DSS,BC_DKW_GSS,390,390,3.46,3.46,7.2,230,433.3333,DKT_DSS_DKW_GSS,230kV,230_DKT_DSS,230_DKW_GSS,7.2,230
32110,2L315,BC Hydro,BC,British Columbia,1,ac,21.2,13.086,21.2,13.086,230,10.18,10.18,305,305,Tumbler Ridge,BC_TLR_DSS,Quality GS,BC_QTY_GSS,,BC_TLR_DSS,BC_QTY_GSS,305,305,10.18,10.18,21.2,230,338.8889,TLR_DSS_QTY_GSS,230kV,230_TLR_DSS,230_QTY_GSS,21.2,230
32111,2L319,BC Hydro,BC,British Columbia,1,ac,90.5,55.864,90.5,55.864,230,43.44,43.44,400,433,Kennedy,BC_KDS_DSS,Mount Milligan,BC_MML_DSS,,BC_KDS_DSS,BC_MML_DSS,400,433,43.44,43.44,90.5,230,444.4444,KDS_DSS_MML_DSS,230kV,230_KDS_DSS,230_MML_DSS,90.5,230
32112,2L320,BC Hydro,BC,British Columbia,1,ac,0.648,0.4,0.648,0.4,230,0.31,0.31,276,371,Kennedy,BC_KDS_DSS,Kemess Mine,BC_KMI_DSS,,BC_KDS_DSS,BC_KMI_DSS,276,371,0.31,0.31,0.648,230,306.6667,KDS_DSS_KMI_DSS,230kV,230_KDS_DSS,230_KMI_DSS,0.648,230
32113,2L321,BC Hydro,BC,British Columbia,1,ac,0.099,0.061,0.099,0.061,230,0.05,0.05,402,435,Tumbler Ridge,BC_TLR_DSS,BC Rail,BC_BCR_ISS,,BC_TLR_DSS,BC_BCR_ISS,402,435,0.05,0.05,0.099,230,446.6667,TLR_DSS_BCR_ISS,230kV,230_TLR_DSS,230_BCR_ISS,0.099,230
32114,2L322,BC Hydro,BC,British Columbia,1,ac,28.034,17.305,28.034,17.305,230,13.46,13.46,399,484,Tumbler Ridge,BC_TLR_DSS,Bullmoose,BC_BLM_DSS,,BC_TLR_DSS,BC_BLM_DSS,399,484,13.46,13.46,28.034,230,443.3333,TLR_DSS_BLM_DSS,230kV,230_TLR_DSS,230_BLM_DSS,28.034,230
32115,2L323,BC Hydro,BC,British Columbia,1,ac,2.38,1.469,20.38,12.58,230,9.78,1.14,399,484,Murrary River Coal JCT,BC_MRC_JCT,Quintette,BC_QNT_DSS,,BC_MRC_JCT,BC_QNT_DSS,399,484,9.78,1.14,20.38,230,443.3333,MRC_JCT_QNT_DSS,230kV,230_MRC_JCT,230_QNT_DSS,2.38,230
32116,2L323,BC Hydro,BC,British Columbia,1,ac,18.0,11.111,20.38,12.58,230,9.78,8.64,399,484,Tumbler Ridge,BC_TLR_DSS,Murrary River Coal JCT,BC_MRC_JCT,,BC_TLR_DSS,BC_MRC_JCT,399,484,9.78,8.64,20.38,230,443.3333,TLR_DSS_MRC_JCT,230kV,230_TLR_DSS,230_MRC_JCT,18.0,230
32117,2L323MRC,BC Hydro,BC,British Columbia,1,ac,0.8,0.494,0.8,0.494,230,0.38,0.38,402,435,Murrary River Coal JCT,BC_MRC_JCT,Murrary River Coal,BC_MRC_ISS,,BC_MRC_JCT,BC_MRC_ISS,402,435,0.38,0.38,0.8,230,446.6667,MRC_JCT_MRC_ISS,230kV,230_MRC_JCT,230_MRC_ISS,0.8,230
32118,2L329,BC Hydro,BC,British Columbia,1,ac,44.555,27.503,44.555,27.503,230,21.39,21.39,739,887,Shell Groundbirch,BC_SGB_ISS,Bear Mountain,BC_BMT_DSS,,BC_SGB_ISS,BC_BMT_DSS,739,887,21.39,21.39,44.555,230,821.1111,SGB_ISS_BMT_DSS,230kV,230_SGB_ISS,230_BMT_DSS,44.555,230
32119,2L330,BC Hydro,BC,British Columbia,1,ac,4.669,2.882,4.669,2.882,230,2.24,2.24,399,484,Sundance Lake,BC_SLS_DSS,Chetwynd GS,BC_LAP_GSS,,BC_SLS_DSS,BC_LAP_GSS,399,484,2.24,2.24,4.669,230,443.3333,SLS_DSS_LAP_GSS,230kV,230_SLS_DSS,230_LAP_GSS,4.669,230
32120,2L333,BC Hydro,BC,British Columbia,1,ac,44.578,27.517,44.578,27.517,230,21.4,21.4,739,887,Shell Groundbirch,BC_SGB_ISS,Bear Mountain,BC_BMT_DSS,,BC_SGB_ISS,BC_BMT_DSS,739,887,21.4,21.4,44.578,230,821.1111,SGB_ISS_BMT_DSS,230kV,230_SGB_ISS,230_BMT_DSS,44.578,230
32121,2L337,BC Hydro,BC,British Columbia,1,ac,8.0,4.938,23.17,14.302,230,11.12,3.84,399,484,Meikle SS,BC_MKT_SWS,Moose Lake JCT,BC_MLW_JCT,,BC_MKT_SWS,BC_MLW_JCT,399,484,11.12,3.84,23.17,230,443.3333,MKT_SWS_MLW_JCT,230kV,230_MKT_SWS,230_MLW_JCT,8.0,230
32122,2L337,BC Hydro,BC,British Columbia,1,ac,15.17,9.364,23.17,14.302,230,11.12,7.28,399,484,Moose Lake JCT,BC_MLW_JCT,Tumbler Ridge,BC_TLR_DSS,,BC_MLW_JCT,BC_TLR_DSS,399,484,11.12,7.28,23.17,230,443.3333,MLW_JCT_TLR_DSS,230kV,230_MLW_JCT,230_TLR_DSS,15.17,230
32123,2L337MLW,BC Hydro,BC,British Columbia,1,ac,3.0,1.852,3.0,1.852,230,1.44,1.44,399,484,Moose Lake JCT,BC_MLW_JCT,Moose Lake GS,BC_MLW_GSS,,BC_MLW_JCT,BC_MLW_GSS,399,484,1.44,1.44,3.0,230,443.3333,MLW_JCT_MLW_GSS,230kV,230_MLW_JCT,230_MLW_GSS,3.0,230
32124,2L339,BC Hydro,BC,British Columbia,1,ac,4.255,2.626,4.255,2.626,230,2.04,2.04,431,431,Meikle GS,BC_MKL_GSS,Meikle SS,BC_MKT_SWS,,BC_MKL_GSS,BC_MKT_SWS,431,431,2.04,2.04,4.255,230,478.8889,MKL_GSS_MKT_SWS,230kV,230_MKL_GSS,230_MKT_SWS,4.255,230
32125,2L340,BC Hydro,BC,British Columbia,1,ac,14.655,9.046,14.655,9.046,230,7.03,7.03,766,909,Sundance Lake,BC_SLS_DSS,Shell Groundbirch,BC_SGB_ISS,,BC_SLS_DSS,BC_SGB_ISS,766,909,7.03,7.03,14.655,230,851.1111,SLS_DSS_SGB_ISS,230kV,230_SLS_DSS,230_SGB_ISS,14.655,230
32126,2L342,BC Hydro,BC,British Columbia,1,ac,14.643,9.039,14.643,9.039,230,7.03,7.03,766,909,Sundance Lake,BC_SLS_DSS,Shell Groundbirch,BC_SGB_ISS,,BC_SLS_DSS,BC_SGB_ISS,766,909,7.03,7.03,14.643,230,851.1111,SLS_DSS_SGB_ISS,230kV,230_SLS_DSS,230_SGB_ISS,14.643,230
32127,2L348,BC Hydro,BC,British Columbia,1,ac,25.0,15.432,40.0,24.691,230,19.2,12.0,402,435,Shell Groundbirch,BC_SGB_ISS,Shell Saturn Gas Plant JCT,BC_SRN_JCT,,BC_SGB_ISS,BC_SRN_JCT,402,435,19.2,12.0,40.0,230,446.6667,SGB_ISS_SRN_JCT,230kV,230_SGB_ISS,230_SRN_JCT,25.0,230
32128,2L348,BC Hydro,BC,British Columbia,1,ac,15.0,9.259,40.0,24.691,230,19.2,7.2,402,435,Shell Saturn Gas Plant JCT,BC_SRN_JCT,Shell Sunset Prairie,BC_SST_ISS,,BC_SRN_JCT,BC_SST_ISS,402,435,19.2,7.2,40.0,230,446.6667,SRN_JCT_SST_ISS,230kV,230_SRN_JCT,230_SST_ISS,15.0,230
32129,2L348SRN,BC Hydro,BC,British Columbia,1,ac,10.0,6.173,10.0,6.173,230,4.8,4.8,402,435,Shell Saturn Gas Plant JCT,BC_SRN_JCT,Shell Saturn Gas Plant,BC_SRN_ISS,,BC_SRN_JCT,BC_SRN_ISS,402,435,4.8,4.8,10.0,230,446.6667,SRN_JCT_SRN_ISS,230kV,230_SRN_JCT,230_SRN_ISS,10.0,230
32130,2L352,BC Hydro,BC,British Columbia,1,ac,103.157,63.677,103.157,63.677,230,49.52,49.52,406,483,Hundred Mile House,BC_HMH_DSS,Soda Creek,BC_SCK_DSS,,BC_HMH_DSS,BC_SCK_DSS,406,483,49.52,49.52,103.157,230,451.1111,HMH_DSS_SCK_DSS,230kV,230_HMH_DSS,230_SCK_DSS,103.157,230
32131,2L353,BC Hydro,BC,British Columbia,1,ac,64.328,39.709,64.328,39.709,230,30.88,30.88,399,484,Glenannan,BC_GLN_DSS,Tachick,BC_TAC_DSS,,BC_GLN_DSS,BC_TAC_DSS,399,484,30.88,30.88,64.328,230,443.3333,GLN_DSS_TAC_DSS,230kV,230_GLN_DSS,230_TAC_DSS,64.328,230
32132,2L354,BC Hydro,BC,British Columbia,1,ac,9.146,5.646,9.146,5.646,230,4.39,4.39,217,360,Red Bluff,BC_RBF_DSS,Barlow,BC_BLW_DSS,,BC_RBF_DSS,BC_BLW_DSS,217,360,4.39,4.39,9.146,230,241.1111,RBF_DSS_BLW_DSS,230kV,230_RBF_DSS,230_BLW_DSS,9.146,230
32133,2L374,BC Hydro,BC,British Columbia,1,ac,95.758,59.11,95.758,59.11,287,44.25,44.25,820,1052,Bob Quinn,BC_BQN_DSS,Tatogga,BC_TAT_DSS,,BC_BQN_DSS,BC_TAT_DSS,820,1052,44.25,44.25,95.758,287,911.1111,BQN_DSS_TAT_DSS,287kV,287_BQN_DSS,287_TAT_DSS,95.758,287
32134,2L375,BC Hydro,BC,British Columbia,1,ac,25.0,15.432,25.0,15.432,287,11.55,11.55,820,1052,Tatogga,BC_TAT_DSS,Red Chris Mine,BC_RDC_ISS,,BC_TAT_DSS,BC_RDC_ISS,820,1052,11.55,11.55,25.0,287,911.1111,TAT_DSS_RDC_ISS,287kV,287_TAT_DSS,287_RDC_ISS,25.0,287
32135,2L379,BC Hydro,BC,British Columbia,1,ac,32.6,20.123,40.0,24.691,287,18.48,15.06,487,487,Bob Quinn,BC_BQN_DSS,Volcano Creek JCT,BC_VOL_JCT,,BC_BQN_DSS,BC_VOL_JCT,487,487,18.48,15.06,40.0,287,541.1111,BQN_DSS_VOL_JCT,287kV,287_BQN_DSS,287_VOL_JCT,32.6,287
32136,2L379,BC Hydro,BC,British Columbia,1,ac,6.1,3.765,40.0,24.691,287,18.48,2.82,487,487,Volcano Creek JCT,BC_VOL_JCT,Forest Kerr GS,BC_FKR_GSS,,BC_VOL_JCT,BC_FKR_GSS,487,487,18.48,2.82,40.0,287,541.1111,VOL_JCT_FKR_GSS,287kV,287_VOL_JCT,287_FKR_GSS,6.1,287
32137,2L379,BC Hydro,BC,British Columbia,1,ac,1.3,0.802,40.0,24.691,287,18.48,0.6,487,487,Volcano Creek JCT,BC_VOL_JCT,Volcano Creek GS,BC_VOL_GSS,,BC_VOL_JCT,BC_VOL_GSS,487,487,18.48,0.6,40.0,287,541.1111,VOL_JCT_VOL_GSS,287kV,287_VOL_JCT,287_VOL_GSS,1.3,287
32138,2L391,BC Hydro,BC,British Columbia,1,ac,58.2,35.926,58.2,35.926,287,26.89,26.89,634,635,Shell Groundbirch,BC_SGB_ISS,South Bank,BC_SBK_DSS,,BC_SGB_ISS,BC_SBK_DSS,634,635,26.89,26.89,58.2,287,704.4444,SGB_ISS_SBK_DSS,287kV,287_SGB_ISS,287_SBK_DSS,58.2,287
32139,2L392,BC Hydro,BC,British Columbia,1,ac,58.2,35.926,58.2,35.926,287,26.89,26.89,634,635,Shell Groundbirch,BC_SGB_ISS,South Bank,BC_SBK_DSS,,BC_SGB_ISS,BC_SBK_DSS,634,635,26.89,26.89,58.2,287,704.4444,SGB_ISS_SBK_DSS,287kV,287_SGB_ISS,287_SBK_DSS,58.2,287
32140,30L,FortisBC,BC,British Columbia,1,ac,57.3,35.37,57.3,35.37,63,21.77,21.77,30,33,South Slocan GS,BC_SLC_GSS,Coffee Creek,BC_COF_DSS,,BC_SLC_GSS,BC_COF_DSS,30,33,21.77,21.77,57.3,63,33.3333,SLC_GSS_COF_DSS,63kV,63_SLC_GSS,63_COF_DSS,57.3,63
32141,31L,FortisBC,BC,British Columbia,1,ac,5.5,3.395,5.5,3.395,63,2.09,2.09,30,33,AA Lambert,BC_AAL_DSS,Creston,BC_CRE_DSS,,BC_AAL_DSS,BC_CRE_DSS,30,33,2.09,2.09,5.5,63,33.3333,AAL_DSS_CRE_DSS,63kV,63_AAL_DSS,63_CRE_DSS,5.5,63
32142,32L,FortisBC,BC,British Columbia,1,ac,67.5,41.667,67.5,41.667,63,25.65,25.65,30,33,AA Lambert,BC_AAL_DSS,Crawford Bay,BC_CFD_DSS,,BC_AAL_DSS,BC_CFD_DSS,30,33,25.65,25.65,67.5,63,33.3333,AAL_DSS_CFD_DSS,63kV,63_AAL_DSS,63_CFD_DSS,67.5,63
32143,33L,FortisBC,BC,British Columbia,1,ac,0.16,0.099,0.16,0.099,63,0.06,0.06,30,33,Upper Bonnington SS,BC_USS_SWS,Upper Bonnington GS,BC_UBO_GSS,,BC_USS_SWS,BC_UBO_GSS,30,33,0.06,0.06,0.16,63,33.3333,USS_SWS_UBO_GSS,63kV,63_USS_SWS,63_UBO_GSS,0.16,63
32144,34L,FortisBC,BC,British Columbia,1,ac,1.2,0.741,1.2,0.741,63,0.46,0.46,30,33,AS Mawdsley TS,BC_ASM_TSS,Warfield TS,BC_WTS_TSS,,BC_ASM_TSS,BC_WTS_TSS,30,33,0.46,0.46,1.2,63,33.3333,ASM_TSS_WTS_TSS,63kV,63_ASM_TSS,63_WTS_TSS,1.2,63
32145,37L,FortisBC,BC,British Columbia,1,ac,23.9,14.753,23.9,14.753,63,9.08,9.08,30,33,Coffee Creek,BC_COF_DSS,Kaslo,BC_KAS_DSS,,BC_COF_DSS,BC_KAS_DSS,30,33,9.08,9.08,23.9,63,33.3333,COF_DSS_KAS_DSS,63kV,63_COF_DSS,63_KAS_DSS,23.9,63
32146,38L,FortisBC,BC,British Columbia,1,ac,7.8,4.815,7.8,4.815,63,2.96,2.96,30,33,Crawford Bay,BC_CFD_DSS,Coffee Creek,BC_COF_DSS,,BC_CFD_DSS,BC_COF_DSS,30,33,2.96,2.96,7.8,63,33.3333,CFD_DSS_COF_DSS,63kV,63_CFD_DSS,63_COF_DSS,7.8,63
32147,3L002,BC Hydro,BC,British Columbia,1,ac,115.0,70.988,145.0,89.506,360,63.67,50.49,735,1074,Bridge River TS,BC_BRT_TSS,Sachteen JCT,BC_SAC_JCT,,BC_BRT_TSS,BC_SAC_JCT,735,1074,63.67,50.49,145.0,360,816.6667,BRT_TSS_SAC_JCT,360kV,360_BRT_TSS,360_SAC_JCT,115.0,360
32148,3L002,BC Hydro,BC,British Columbia,1,ac,30.0,18.519,145.0,89.506,360,63.67,13.17,619,711,Sachteen JCT,BC_SAC_JCT,Upper Harrison,BC_UHT_DSS,,BC_SAC_JCT,BC_UHT_DSS,619,711,63.67,13.17,145.0,360,687.7778,SAC_JCT_UHT_DSS,360kV,360_SAC_JCT,360_UHT_DSS,30.0,360
32149,3L002SAC,BC Hydro,BC,British Columbia,1,ac,0.05,0.031,0.05,0.031,360,0.02,0.02,619,711,Sachteen JCT,BC_SAC_JCT,Sachteen,BC_SAC_DSS,,BC_SAC_JCT,BC_SAC_DSS,619,711,0.02,0.02,0.05,360,687.7778,SAC_JCT_SAC_DSS,360kV,360_SAC_JCT,360_SAC_DSS,0.05,360
32150,3L003,BC Hydro,BC,British Columbia,1,ac,10.237,6.319,10.237,6.319,360,4.49,4.49,619,711,Rosedale,BC_ROS_DSS,Wahleach GS,BC_WAH_GSS,,BC_ROS_DSS,BC_WAH_GSS,619,711,4.49,4.49,10.237,360,687.7778,ROS_DSS_WAH_GSS,360kV,360_ROS_DSS,360_WAH_GSS,10.237,360
32151,3L005,BC Hydro,BC,British Columbia,1,ac,78.281,48.321,78.281,48.321,360,34.37,34.37,619,711,Rosedale,BC_ROS_DSS,Upper Harrison,BC_UHT_DSS,,BC_ROS_DSS,BC_UHT_DSS,619,711,34.37,34.37,78.281,360,687.7778,ROS_DSS_UHT_DSS,360kV,360_ROS_DSS,360_UHT_DSS,78.281,360
32152,3L013,BC Hydro,BC,British Columbia,1,ac,0.521,0.322,0.521,0.322,360,0.23,0.23,1195,1374,Bridge River 2 GS,BC_BR2_GSS,Bridge River TS,BC_BRT_TSS,,BC_BR2_GSS,BC_BRT_TSS,1195,1374,0.23,0.23,0.521,360,1327.7778,BR2_GSS_BRT_TSS,360kV,360_BR2_GSS,360_BRT_TSS,0.521,360
32153,3L014,BC Hydro,BC,British Columbia,1,ac,0.47,0.29,0.47,0.29,360,0.21,0.21,1195,1374,Bridge River 1 GS,BC_BR1_GSS,Bridge River TS,BC_BRT_TSS,,BC_BR1_GSS,BC_BRT_TSS,1195,1374,0.21,0.21,0.47,360,1327.7778,BR1_GSS_BRT_TSS,360kV,360_BR1_GSS,360_BRT_TSS,0.47,360
32154,3L015,BC Hydro,BC,British Columbia,1,ac,1.204,0.743,1.204,0.743,360,0.53,0.53,672,1073,Bridge River 1 GS,BC_BR1_GSS,Bridge River TS,BC_BRT_TSS,,BC_BR1_GSS,BC_BRT_TSS,672,1073,0.53,0.53,1.204,360,746.6667,BR1_GSS_BRT_TSS,360kV,360_BR1_GSS,360_BRT_TSS,1.204,360
32155,3L016,BC Hydro,BC,British Columbia,1,ac,1.288,0.795,1.288,0.795,360,0.57,0.57,1157,1374,Bridge River 1 GS,BC_BR1_GSS,Bridge River TS,BC_BRT_TSS,,BC_BR1_GSS,BC_BRT_TSS,1157,1374,0.57,0.57,1.288,360,1285.5556,BR1_GSS_BRT_TSS,360kV,360_BR1_GSS,360_BRT_TSS,1.288,360
32156,40L,FortisBC,BC,British Columbia,1,ac,10.9,6.728,10.9,6.728,230,5.23,5.23,402,435,Bentley TS,BC_BEN_TSS,Vaseux Lake TS,BC_VAS_TSS,,BC_BEN_TSS,BC_VAS_TSS,402,435,5.23,5.23,10.9,230,446.6667,BEN_TSS_VAS_TSS,230kV,230_BEN_TSS,230_VAS_TSS,10.9,230
32157,42L,FortisBC,BC,British Columbia,1,ac,11.0,6.79,37.9,23.395,63,14.4,4.18,30,33,Kaledon,BC_KAL2_DSS,Huth Avenue,BC_HUT_DSS,KLD used for Kaledon to avoid confusion with KAL - Kalum,BC_KAL2_DSS,BC_HUT_DSS,30,33,14.4,4.18,37.9,63,33.3333,KAL2_DSS_HUT_DSS,63kV,63_KAL2_DSS,63_HUT_DSS,11.0,63
32158,42L,FortisBC,BC,British Columbia,1,ac,8.1,5.0,37.9,23.395,63,14.4,3.08,30,33,OK Falls,BC_OKF_DSS,Kaledon,BC_KAL2_DSS,KLD used for Kaledon to avoid confusion with KAL - Kalum,BC_OKF_DSS,BC_KAL2_DSS,30,33,14.4,3.08,37.9,63,33.3333,OKF_DSS_KAL2_DSS,63kV,63_OKF_DSS,63_KAL2_DSS,8.1,63
32159,42L,FortisBC,BC,British Columbia,1,ac,18.8,11.605,37.9,23.395,63,14.4,7.14,30,33,Oliver TS,BC_OLI_TSS,OK Falls,BC_OKF_DSS,,BC_OLI_TSS,BC_OKF_DSS,30,33,14.4,7.14,37.9,63,33.3333,OLI_TSS_OKF_DSS,63kV,63_OLI_TSS,63_OKF_DSS,18.8,63
32160,43AL,FortisBC,BC,British Columbia,1,ac,4.9,3.025,4.9,3.025,138,2.12,2.12,141,156,Hedley,BC_HED_DSS,Mascot Mines,BC_MAS_ISS,,BC_HED_DSS,BC_MAS_ISS,141,156,2.12,2.12,4.9,138,156.6667,HED_DSS_MAS_ISS,138kV,138_HED_DSS,138_MAS_ISS,4.9,138
32161,43L,FortisBC,BC,British Columbia,1,ac,5.9,3.642,92.3,56.975,138,40.02,2.56,139,153,BC Gas,BC_BCG_ISS,Hedley,BC_HED_DSS,,BC_BCG_ISS,BC_HED_DSS,139,153,40.02,2.56,92.3,138,154.4444,BCG_ISS_HED_DSS,138kV,138_BCG_ISS,138_HED_DSS,5.9,138
32162,43L,FortisBC,BC,British Columbia,1,ac,28.5,17.593,92.3,56.975,138,40.02,12.36,139,153,Hedley,BC_HED_DSS,Keremeos,BC_KER_DSS,,BC_HED_DSS,BC_KER_DSS,139,153,40.02,12.36,92.3,138,154.4444,HED_DSS_KER_DSS,138kV,138_HED_DSS,138_KER_DSS,28.5,138
32163,43L,FortisBC,BC,British Columbia,1,ac,24.7,15.247,92.3,56.975,138,40.02,10.71,139,153,Keremeos,BC_KER_DSS,Bentley TS,BC_BEN_TSS,,BC_KER_DSS,BC_BEN_TSS,139,153,40.02,10.71,92.3,138,154.4444,KER_DSS_BEN_TSS,138kV,138_KER_DSS,138_BEN_TSS,24.7,138
32164,43L,FortisBC,BC,British Columbia,1,ac,33.2,20.494,92.3,56.975,138,40.02,14.39,139,153,Princeton,BC_PRI_DSS,BC Gas,BC_BCG_ISS,,BC_PRI_DSS,BC_BCG_ISS,139,153,40.02,14.39,92.3,138,154.4444,PRI_DSS_BCG_ISS,138kV,138_PRI_DSS,138_BCG_ISS,33.2,138
32165,44L,FortisBC,BC,British Columbia,1,ac,1.7,1.049,23.4,14.444,63,8.89,0.65,30,33,Oliver TS,BC_OLI_TSS,Pine,BC_PNE_DSS,PNE used for Pine to avoid confusion with PIN - Pingston,BC_OLI_TSS,BC_PNE_DSS,30,33,8.89,0.65,23.4,63,33.3333,OLI_TSS_PNE_DSS,63kV,63_OLI_TSS,63_PNE_DSS,1.7,63
32166,44L,FortisBC,BC,British Columbia,1,ac,21.7,13.395,23.4,14.444,63,8.89,8.25,30,33,Pine,BC_PNE_DSS,Osoyoos,BC_OSO_DSS,PNE used for Pine to avoid confusion with PIN - Pingston,BC_PNE_DSS,BC_OSO_DSS,30,33,8.89,8.25,23.4,63,33.3333,PNE_DSS_OSO_DSS,63kV,63_PNE_DSS,63_OSO_DSS,21.7,63
32167,45L,FortisBC,BC,British Columbia,1,ac,4.8,2.963,17.4,10.741,63,6.61,1.82,30,33,RG Anderson TS,BC_RGA_TSS,Westminster,BC_WES_DSS,,BC_RGA_TSS,BC_WES_DSS,30,33,6.61,1.82,17.4,63,33.3333,RGA_TSS_WES_DSS,63kV,63_RGA_TSS,63_WES_DSS,4.8,63
32168,45L,FortisBC,BC,British Columbia,1,ac,12.6,7.778,17.4,10.741,63,6.61,4.79,30,33,Westminster,BC_WES_DSS,Arawana,BC_AWA_DSS,,BC_WES_DSS,BC_AWA_DSS,30,33,6.61,4.79,17.4,63,33.3333,WES_DSS_AWA_DSS,63kV,63_WES_DSS,63_AWA_DSS,12.6,63
32169,46L,FortisBC,BC,British Columbia,1,ac,12.4,7.654,12.4,7.654,138,5.38,5.38,141,156,FA Lee TS,BC_LEE_TSS,Duck Lake,BC_DUC_DSS,,BC_LEE_TSS,BC_DUC_DSS,141,156,5.38,5.38,12.4,138,156.6667,LEE_TSS_DUC_DSS,138kV,138_LEE_TSS,138_DUC_DSS,12.4,138
32170,47L,FortisBC,BC,British Columbia,1,ac,2.7,1.667,2.7,1.667,63,1.03,1.03,30,33,Huth Avenue,BC_HUT_DSS,Waterford,BC_WAT_DSS,,BC_HUT_DSS,BC_WAT_DSS,30,33,1.03,1.03,2.7,63,33.3333,HUT_DSS_WAT_DSS,63kV,63_HUT_DSS,63_WAT_DSS,2.7,63
32171,48L,FortisBC,BC,British Columbia,1,ac,48.0,29.63,48.0,29.63,161,21.6,21.6,193,212,Bentley TS,BC_BEN_TSS,Kettle Valley,BC_KET_DSS,,BC_BEN_TSS,BC_KET_DSS,193,212,21.6,21.6,48.0,161,214.4444,BEN_TSS_KET_DSS,161kV,161_BEN_TSS,161_KET_DSS,48.0,161
32172,49L,FortisBC,BC,British Columbia,1,ac,4.0,2.469,19.9,12.284,63,7.56,1.52,30,33,Huth Avenue,BC_HUT_DSS,West Bench,BC_WEB_DSS,,BC_HUT_DSS,BC_WEB_DSS,30,33,7.56,1.52,19.9,63,33.3333,HUT_DSS_WEB_DSS,63kV,63_HUT_DSS,63_WEB_DSS,4.0,63
32173,49L,FortisBC,BC,British Columbia,1,ac,4.4,2.716,19.9,12.284,63,7.56,1.67,30,33,Trout Creek,BC_TRC_DSS,Summerland,BC_SUM_DSS,,BC_TRC_DSS,BC_SUM_DSS,30,33,7.56,1.67,19.9,63,33.3333,TRC_DSS_SUM_DSS,63kV,63_TRC_DSS,63_SUM_DSS,4.4,63
32174,49L,FortisBC,BC,British Columbia,1,ac,11.5,7.099,19.9,12.284,63,7.56,4.37,30,33,West Bench,BC_WEB_DSS,Trout Creek,BC_TRC_DSS,,BC_WEB_DSS,BC_TRC_DSS,30,33,7.56,4.37,19.9,63,33.3333,WEB_DSS_TRC_DSS,63kV,63_WEB_DSS,63_TRC_DSS,11.5,63
32175,50L,FortisBC,BC,British Columbia,1,ac,5.8,3.58,22.1,13.642,138,9.58,2.51,141,156,Ellison,BC_ELL_DSS,Sexsmith,BC_SEX_DSS,,BC_ELL_DSS,BC_SEX_DSS,141,156,9.58,2.51,22.1,138,156.6667,ELL_DSS_SEX_DSS,138kV,138_ELL_DSS,138_SEX_DSS,5.8,138
32176,50L,FortisBC,BC,British Columbia,1,ac,4.8,2.963,22.1,13.642,138,9.58,2.08,141,156,FA Lee TS,BC_LEE_TSS,Sexsmith,BC_SEX_DSS,,BC_LEE_TSS,BC_SEX_DSS,141,156,9.58,2.08,22.1,138,156.6667,LEE_TSS_SEX_DSS,138kV,138_LEE_TSS,138_SEX_DSS,4.8,138
32177,50L,FortisBC,BC,British Columbia,1,ac,2.8,1.728,22.1,13.642,138,9.58,1.21,141,156,Glenmore FBC,BC_GLE_DSS,Recreation,BC_REC_DSS,,BC_GLE_DSS,BC_REC_DSS,141,156,9.58,1.21,22.1,138,156.6667,GLE_DSS_REC_DSS,138kV,138_GLE_DSS,138_REC_DSS,2.8,138
32178,50L,FortisBC,BC,British Columbia,1,ac,1.7,1.049,22.1,13.642,138,9.58,0.74,141,156,Recreation,BC_REC_DSS,Saucier,BC_SAU_DSS,,BC_REC_DSS,BC_SAU_DSS,141,156,9.58,0.74,22.1,138,156.6667,REC_DSS_SAU_DSS,138kV,138_REC_DSS,138_SAU_DSS,1.7,138
32179,50L,FortisBC,BC,British Columbia,1,ac,0.7,0.432,22.1,13.642,138,9.58,0.3,141,156,Saucier,BC_SAU_DSS,Hollywood JCT,BC_HOL_JCT,,BC_SAU_DSS,BC_HOL_JCT,141,156,9.58,0.3,22.1,138,156.6667,SAU_DSS_HOL_JCT,138kV,138_SAU_DSS,138_HOL_JCT,0.7,138
32180,50L,FortisBC,BC,British Columbia,1,ac,6.3,3.889,22.1,13.642,138,9.58,2.73,141,156,Sexsmith,BC_SEX_DSS,Glenmore FBC,BC_GLE_DSS,,BC_SEX_DSS,BC_GLE_DSS,141,156,9.58,2.73,22.1,138,156.6667,SEX_DSS_GLE_DSS,138kV,138_SEX_DSS,138_GLE_DSS,6.3,138
32181,51L,FortisBC,BC,British Columbia,1,ac,2.3,1.42,5.8,3.58,138,2.51,1.0,141,156,Hollywood JCT,BC_HOL_JCT,Okanagan Mission,BC_OKM_DSS,,BC_HOL_JCT,BC_OKM_DSS,141,156,2.51,1.0,5.8,138,156.6667,HOL_JCT_OKM_DSS,138kV,138_HOL_JCT,138_OKM_DSS,2.3,138
32182,51L,FortisBC,BC,British Columbia,1,ac,3.5,2.16,5.8,3.58,138,2.51,1.52,141,156,Okanagan Mission,BC_OKM_DSS,Benvoulin,BC_BEV_DSS,,BC_OKM_DSS,BC_BEV_DSS,141,156,2.51,1.52,5.8,138,156.6667,OKM_DSS_BEV_DSS,138kV,138_OKM_DSS,138_BEV_DSS,3.5,138
32183,52L,FortisBC,BC,British Columbia,1,ac,3.7,2.284,3.7,2.284,63,1.41,1.41,30,33,Huth Avenue,BC_HUT_DSS,RG Anderson TS,BC_RGA_TSS,,BC_HUT_DSS,BC_RGA_TSS,30,33,1.41,1.41,3.7,63,33.3333,HUT_DSS_RGA_TSS,63kV,63_HUT_DSS,63_RGA_TSS,3.7,63
32184,53L,FortisBC,BC,British Columbia,1,ac,3.7,2.284,3.7,2.284,63,1.41,1.41,30,33,Huth Avenue,BC_HUT_DSS,RG Anderson TS,BC_RGA_TSS,,BC_HUT_DSS,BC_RGA_TSS,30,33,1.41,1.41,3.7,63,33.3333,HUT_DSS_RGA_TSS,63kV,63_HUT_DSS,63_RGA_TSS,3.7,63
32185,54L,FortisBC,BC,British Columbia,1,ac,11.4,7.037,11.4,7.037,138,4.94,4.94,141,156,Black Mountain,BC_BLK_DSS,DG Bell TS,BC_DGB_TSS,,BC_BLK_DSS,BC_DGB_TSS,141,156,4.94,4.94,11.4,138,156.6667,BLK_DSS_DGB_TSS,138kV,138_BLK_DSS,138_DGB_TSS,11.4,138
32186,55L,FortisBC,BC,British Columbia,1,ac,7.5,4.63,15.0,9.259,138,6.5,3.25,141,156,Hollywood,BC_HOL_DSS,FA Lee TS,BC_LEE_TSS,,BC_HOL_DSS,BC_LEE_TSS,141,156,6.5,3.25,15.0,138,156.6667,HOL_DSS_LEE_TSS,138kV,138_HOL_DSS,138_LEE_TSS,7.5,138
32187,55L,FortisBC,BC,British Columbia,1,ac,7.5,4.63,15.0,9.259,138,6.5,3.25,141,156,Hollywood JCT,BC_HOL_JCT,Hollywood,BC_HOL_DSS,,BC_HOL_JCT,BC_HOL_DSS,141,156,6.5,3.25,15.0,138,156.6667,HOL_JCT_HOL_DSS,138kV,138_HOL_JCT,138_HOL_DSS,7.5,138
32188,56L,FortisBC,BC,British Columbia,1,ac,6.2,3.827,6.2,3.827,138,2.69,2.69,141,156,Princeton JCT,BC_PRI_JCT,Princeton,BC_PRI_DSS,,BC_PRI_JCT,BC_PRI_DSS,141,156,2.69,2.69,6.2,138,156.6667,PRI_JCT_PRI_DSS,138kV,138_PRI_JCT,138_PRI_DSS,6.2,138
32189,57L,FortisBC,BC,British Columbia,1,ac,4.7,2.901,39.0,24.074,138,16.91,2.04,141,156,Black Mountain,BC_BLK_DSS,Joe Riche,BC_JRH_DSS,JRH used for Joe Riche to avoid confusion with JOR - Jordan River,BC_BLK_DSS,BC_JRH_DSS,141,156,16.91,2.04,39.0,138,156.6667,BLK_DSS_JRH_DSS,138kV,138_BLK_DSS,138_JRH_DSS,4.7,138
32190,57L,FortisBC,BC,British Columbia,1,ac,34.3,21.173,39.0,24.074,138,16.91,14.87,141,156,Joe Riche,BC_JRH_DSS,Big White,BC_BWS_DSS,JRH used for Joe Riche to avoid confusion with JOR - Jordan River,BC_JRH_DSS,BC_BWS_DSS,141,156,16.91,14.87,39.0,138,156.6667,JRH_DSS_BWS_DSS,138kV,138_JRH_DSS,138_BWS_DSS,34.3,138
32191,58L,FortisBC,BC,British Columbia,1,ac,4.2,2.593,4.2,2.593,138,1.82,1.82,141,156,FA Lee TS,BC_LEE_TSS,Black Mountain,BC_BLK_DSS,,BC_LEE_TSS,BC_BLK_DSS,141,156,1.82,1.82,4.2,138,156.6667,LEE_TSS_BLK_DSS,138kV,138_LEE_TSS,138_BLK_DSS,4.2,138
32192,5L001,BC Hydro,BC,British Columbia,1,ac,277.786,171.473,277.786,171.473,500,109.73,109.73,1846,2600,GM Shrum GS,BC_GMS_GSS,Williston,BC_WSN_DSS,,BC_GMS_GSS,BC_WSN_DSS,1846,2600,109.73,109.73,277.786,500,2051.1111,GMS_GSS_WSN_DSS,500kV,500_GMS_GSS,500_WSN_DSS,277.786,500
32193,5L002,BC Hydro,BC,British Columbia,1,ac,277.642,171.384,277.642,171.384,500,109.67,109.67,1813,2577,GM Shrum GS,BC_GMS_GSS,Williston,BC_WSN_DSS,,BC_GMS_GSS,BC_WSN_DSS,1813,2577,109.67,109.67,277.642,500,2014.4444,GMS_GSS_WSN_DSS,500kV,500_GMS_GSS,500_WSN_DSS,277.642,500
32194,5L003,BC Hydro,BC,British Columbia,1,ac,138.414,85.441,138.414,85.441,500,54.67,54.67,1810,2577,Peace Canyon GS,BC_PCN_GSS,Kennedy,BC_KDS_DSS,,BC_PCN_GSS,BC_KDS_DSS,1810,2577,54.67,54.67,138.414,500,2011.1111,PCN_GSS_KDS_DSS,500kV,500_PCN_GSS,500_KDS_DSS,138.414,500
32195,5L004,BC Hydro,BC,British Columbia,1,ac,13.963,8.619,13.963,8.619,500,5.52,5.52,2187,2955,GM Shrum GS,BC_GMS_GSS,Peace Canyon GS,BC_PCN_GSS,,BC_GMS_GSS,BC_PCN_GSS,2187,2955,5.52,5.52,13.963,500,2430.0,GMS_GSS_PCN_GSS,500kV,500_GMS_GSS,500_PCN_GSS,13.963,500
32196,5L005,BC Hydro,BC,British Columbia,1,ac,74.92,46.247,74.92,46.247,500,29.59,29.59,3057,3682,South Bank,BC_SBK_DSS,Peace Canyon GS,BC_PCN_GSS,,BC_SBK_DSS,BC_PCN_GSS,3057,3682,29.59,29.59,74.92,500,3396.6667,SBK_DSS_PCN_GSS,500kV,500_SBK_DSS,500_PCN_GSS,74.92,500
32197,5L006,BC Hydro,BC,British Columbia,1,ac,74.802,46.174,74.802,46.174,500,29.55,29.55,3057,3682,South Bank,BC_SBK_DSS,Peace Canyon GS,BC_PCN_GSS,,BC_SBK_DSS,BC_PCN_GSS,3057,3682,29.55,29.55,74.802,500,3396.6667,SBK_DSS_PCN_GSS,500kV,500_SBK_DSS,500_PCN_GSS,74.802,500
32198,5L007,BC Hydro,BC,British Columbia,1,ac,138.748,85.647,138.748,85.647,500,54.81,54.81,2109,2850,Kennedy,BC_KDS_DSS,Williston,BC_WSN_DSS,,BC_KDS_DSS,BC_WSN_DSS,2109,2850,54.81,54.81,138.748,500,2343.3333,KDS_DSS_WSN_DSS,500kV,500_KDS_DSS,500_WSN_DSS,138.748,500
32199,5L011,BC Hydro,BC,British Columbia,1,ac,330.078,203.752,330.078,203.752,500,130.38,130.38,2109,2731,Williston,BC_WSN_DSS,Kelly Lake,BC_KLY_DSS,,BC_WSN_DSS,BC_KLY_DSS,2109,2731,130.38,130.38,330.078,500,2343.3333,WSN_DSS_KLY_DSS,500kV,500_WSN_DSS,500_KLY_DSS,330.078,500
32200,5L012,BC Hydro,BC,British Columbia,1,ac,330.075,203.75,330.075,203.75,500,130.38,130.38,2208,2906,Williston,BC_WSN_DSS,Kelly Lake,BC_KLY_DSS,,BC_WSN_DSS,BC_KLY_DSS,2208,2906,130.38,130.38,330.075,500,2453.3333,WSN_DSS_KLY_DSS,500kV,500_WSN_DSS,500_KLY_DSS,330.075,500
32201,5L013,BC Hydro,BC,British Columbia,1,ac,330.139,203.789,330.139,203.789,500,130.4,130.4,2978,3683,Williston,BC_WSN_DSS,Kelly Lake,BC_KLY_DSS,,BC_WSN_DSS,BC_KLY_DSS,2978,3683,130.4,130.4,330.139,500,3308.8889,WSN_DSS_KLY_DSS,500kV,500_WSN_DSS,500_KLY_DSS,330.139,500
32202,5L015,BC Hydro,BC,British Columbia,1,ac,1.0,0.617,1.0,0.617,500,0.4,0.4,2810,3355,Site C GS,BC_STC_GSS,South Bank,BC_SBK_DSS,,BC_STC_GSS,BC_SBK_DSS,2810,3355,0.4,0.4,1.0,500,3122.2222,STC_GSS_SBK_DSS,500kV,500_STC_GSS,500_SBK_DSS,1.0,500
32203,5L016,BC Hydro,BC,British Columbia,1,ac,1.0,0.617,1.0,0.617,500,0.4,0.4,2810,3355,Site C GS,BC_STC_GSS,South Bank,BC_SBK_DSS,,BC_STC_GSS,BC_SBK_DSS,2810,3355,0.4,0.4,1.0,500,3122.2222,STC_GSS_SBK_DSS,500kV,500_STC_GSS,500_SBK_DSS,1.0,500
32204,5L017,BC Hydro,BC,British Columbia,1,ac,1.0,0.617,1.0,0.617,500,0.4,0.4,2810,3355,Site C GS,BC_STC_GSS,South Bank,BC_SBK_DSS,,BC_STC_GSS,BC_SBK_DSS,2810,3355,0.4,0.4,1.0,500,3122.2222,STC_GSS_SBK_DSS,500kV,500_STC_GSS,500_SBK_DSS,1.0,500
32205,5L029,BC Hydro,BC,British Columbia,1,ac,8.0,19.8,68.73,42.426,500,27.15,3.16,1087,1160,Cape Cockburn TS,BC_CCB_TSS,East Texada TS,BC_TXE_TSS,Cable crossing,BC_CCB_TSS,BC_TXE_TSS,1087,1160,27.15,3.16,68.73,500,1207.7778,CCB_TSS_TXE_TSS,500kV,500_CCB_TSS,500_TXE_TSS,8.0,500
32206,5L029,BC Hydro,BC,British Columbia,1,ac,4.0,19.8,68.73,42.426,500,27.15,1.58,1537,2475,East Texada TS,BC_TXE_TSS,Texada Island Reactor TS,BC_TIR_TSS,,BC_TXE_TSS,BC_TIR_TSS,1537,2475,27.15,1.58,68.73,500,1707.7778,TXE_TSS_TIR_TSS,500kV,500_TXE_TSS,500_TIR_TSS,4.0,500
32207,5L029,BC Hydro,BC,British Columbia,1,ac,20.0,12.346,68.73,42.426,500,27.15,7.9,1481,2350,Malaspina,BC_MSA_DSS,Cape Cockburn TS,BC_CCB_TSS,,BC_MSA_DSS,BC_CCB_TSS,1481,2350,27.15,7.9,68.73,500,1645.5556,MSA_DSS_CCB_TSS,500kV,500_MSA_DSS,500_CCB_TSS,20.0,500
32208,5L029,BC Hydro,BC,British Columbia,1,ac,4.53,2.796,68.73,42.426,500,27.15,1.79,1534,2494,Nile Creek TS,BC_NCT_TSS,Dunsmuir,BC_DMR_DSS,,BC_NCT_TSS,BC_DMR_DSS,1534,2494,27.15,1.79,68.73,500,1704.4444,NCT_TSS_DMR_DSS,500kV,500_NCT_TSS,500_DMR_DSS,4.53,500
32209,5L029,BC Hydro,BC,British Columbia,1,ac,4.0,19.8,68.73,42.426,500,27.15,1.58,1537,2475,Texada Island Reactor TS,BC_TIR_TSS,West Texada TS,BC_TXW_TSS,,BC_TIR_TSS,BC_TXW_TSS,1537,2475,27.15,1.58,68.73,500,1707.7778,TIR_TSS_TXW_TSS,500kV,500_TIR_TSS,500_TXW_TSS,4.0,500
32210,5L029,BC Hydro,BC,British Columbia,1,ac,28.2,17.407,68.73,42.426,500,27.15,11.14,1087,1160,West Texada TS,BC_TXW_TSS,Nile Creek TS,BC_NCT_TSS,Cable crossing,BC_TXW_TSS,BC_NCT_TSS,1087,1160,27.15,11.14,68.73,500,1207.7778,TXW_TSS_NCT_TSS,500kV,500_TXW_TSS,500_NCT_TSS,28.2,500
32211,5L030,BC Hydro,BC,British Columbia,1,ac,80.143,49.471,80.143,49.471,500,31.66,31.66,2664,3209,Cheekye,BC_CKY_DSS,Malaspina,BC_MSA_DSS,,BC_CKY_DSS,BC_MSA_DSS,2664,3209,31.66,31.66,80.143,500,2960.0,CKY_DSS_MSA_DSS,500kV,500_CKY_DSS,500_MSA_DSS,80.143,500
32212,5L031,BC Hydro,BC,British Columbia,1,ac,8.0,19.8,68.73,42.426,500,27.15,3.16,1087,1160,Cape Cockburn TS,BC_CCB_TSS,East Texada TS,BC_TXE_TSS,Cable crossing,BC_CCB_TSS,BC_TXE_TSS,1087,1160,27.15,3.16,68.73,500,1207.7778,CCB_TSS_TXE_TSS,500kV,500_CCB_TSS,500_TXE_TSS,8.0,500
32213,5L031,BC Hydro,BC,British Columbia,1,ac,4.0,19.8,68.73,42.426,500,27.15,1.58,1547,2478,East Texada TS,BC_TXE_TSS,Texada Island Reactor TS,BC_TIR_TSS,,BC_TXE_TSS,BC_TIR_TSS,1547,2478,27.15,1.58,68.73,500,1718.8889,TXE_TSS_TIR_TSS,500kV,500_TXE_TSS,500_TIR_TSS,4.0,500
32214,5L031,BC Hydro,BC,British Columbia,1,ac,20.0,12.346,68.73,42.426,500,27.15,7.9,1484,2350,Malaspina,BC_MSA_DSS,Cape Cockburn TS,BC_CCB_TSS,,BC_MSA_DSS,BC_CCB_TSS,1484,2350,27.15,7.9,68.73,500,1648.8889,MSA_DSS_CCB_TSS,500kV,500_MSA_DSS,500_CCB_TSS,20.0,500
32215,5L031,BC Hydro,BC,British Columbia,1,ac,4.53,2.796,68.73,42.426,500,27.15,1.79,1534,2494,Nile Creek TS,BC_NCT_TSS,Dunsmuir,BC_DMR_DSS,,BC_NCT_TSS,BC_DMR_DSS,1534,2494,27.15,1.79,68.73,500,1704.4444,NCT_TSS_DMR_DSS,500kV,500_NCT_TSS,500_DMR_DSS,4.53,500
32216,5L031,BC Hydro,BC,British Columbia,1,ac,4.0,19.8,68.73,42.426,500,27.15,1.58,1547,2478,Texada Island Reactor TS,BC_TIR_TSS,West Texada TS,BC_TXW_TSS,,BC_TIR_TSS,BC_TXW_TSS,1547,2478,27.15,1.58,68.73,500,1718.8889,TIR_TSS_TXW_TSS,500kV,500_TIR_TSS,500_TXW_TSS,4.0,500
32217,5L031,BC Hydro,BC,British Columbia,1,ac,28.2,17.407,68.73,42.426,500,27.15,11.14,1087,1160,West Texada TS,BC_TXW_TSS,Nile Creek TS,BC_NCT_TSS,Cable crossing,BC_TXW_TSS,BC_NCT_TSS,1087,1160,27.15,11.14,68.73,500,1207.7778,TXW_TSS_NCT_TSS,500kV,500_TXW_TSS,500_NCT_TSS,28.2,500
32218,5L032,BC Hydro,BC,British Columbia,1,ac,80.364,49.607,80.364,49.607,500,31.74,31.74,2664,3209,Cheekye,BC_CKY_DSS,Malaspina,BC_MSA_DSS,,BC_CKY_DSS,BC_MSA_DSS,2664,3209,31.74,31.74,80.364,500,2960.0,CKY_DSS_MSA_DSS,500kV,500_CKY_DSS,500_MSA_DSS,80.364,500
32219,5L040,BC Hydro,BC,British Columbia,1,ac,49.717,30.69,49.717,30.69,500,19.64,19.64,2281,2899,Clayburn,BC_CBN_DSS,Ingledow,BC_ING_DSS,,BC_CBN_DSS,BC_ING_DSS,2281,2899,19.64,19.64,49.717,500,2534.4444,CBN_DSS_ING_DSS,500kV,500_CBN_DSS,500_ING_DSS,49.717,500
32220,5L041,BC Hydro,BC,British Columbia,1,ac,141.633,87.428,271.633,167.675,500,107.3,55.95,2295,2915,Kelly Lake,BC_KLY_DSS,Kwoiek Creek GS,BC_KCH_GSS,,BC_KLY_DSS,BC_KCH_GSS,2295,2915,107.3,55.95,271.633,500,2550.0,KLY_DSS_KCH_GSS,500kV,500_KLY_DSS,500_KCH_GSS,141.633,500
32221,5L041,BC Hydro,BC,British Columbia,1,ac,130.0,80.247,271.633,167.675,500,107.3,51.35,2257,2773,Kwoiek Creek GS,BC_KCH_GSS,Clayburn,BC_CBN_DSS,,BC_KCH_GSS,BC_CBN_DSS,2257,2773,107.3,51.35,271.633,500,2507.7778,KCH_GSS_CBN_DSS,500kV,500_KCH_GSS,500_CBN_DSS,130.0,500
32222,5L042,BC Hydro,BC,British Columbia,1,ac,196.893,121.539,196.893,121.539,500,77.77,77.77,1915,2616,Kelly Lake,BC_KLY_DSS,Cheekye,BC_CKY_DSS,,BC_KLY_DSS,BC_CKY_DSS,1915,2616,77.77,77.77,196.893,500,2127.7778,KLY_DSS_CKY_DSS,500kV,500_KLY_DSS,500_CKY_DSS,196.893,500
32223,5L044,BC Hydro,BC,British Columbia,1,ac,19.523,12.051,19.523,12.051,500,7.71,7.71,2162,2898,Meridian,BC_MDN_DSS,Ingledow,BC_ING_DSS,,BC_MDN_DSS,BC_ING_DSS,2162,2898,7.71,7.71,19.523,500,2402.2222,MDN_DSS_ING_DSS,500kV,500_MDN_DSS,500_ING_DSS,19.523,500
32224,5L045,BC Hydro,BC,British Columbia,1,ac,66.723,41.187,66.723,41.187,500,26.36,26.36,1896,2612,Cheekye,BC_CKY_DSS,Meridian,BC_MDN_DSS,,BC_CKY_DSS,BC_MDN_DSS,1896,2612,26.36,26.36,66.723,500,2106.6667,CKY_DSS_MDN_DSS,500kV,500_CKY_DSS,500_MDN_DSS,66.723,500
32225,5L051,BC Hydro,BC,British Columbia,1,ac,21.794,13.453,21.794,13.453,500,8.61,8.61,700,700,Ingledow,BC_ING_DSS,INT Ingledow BPA 1,BC_BCUS01_INT,,BC_ING_DSS,BC_BCUS01_INT,700,700,8.61,8.61,21.794,500,777.7778,ING_DSS_BCUS01_INT,500kV,500_ING_DSS,500_BCUS01_INT,21.794,500
32226,5L052,BC Hydro,BC,British Columbia,1,ac,21.801,13.457,21.801,13.457,500,8.61,8.61,700,700,Ingledow,BC_ING_DSS,INT Ingledow BPA 2,BC_BCUS02_INT,,BC_ING_DSS,BC_BCUS02_INT,700,700,8.61,8.61,21.801,500,777.7778,ING_DSS_BCUS02_INT,500kV,500_ING_DSS,500_BCUS02_INT,21.801,500
32227,5L061,BC Hydro,BC,British Columbia,1,ac,174.722,107.853,174.722,107.853,500,69.02,69.02,1822,2613,Williston,BC_WSN_DSS,Glenannan,BC_GLN_DSS,,BC_WSN_DSS,BC_GLN_DSS,1822,2613,69.02,69.02,174.722,500,2024.4444,WSN_DSS_GLN_DSS,500kV,500_WSN_DSS,500_GLN_DSS,174.722,500
32228,5L062,BC Hydro,BC,British Columbia,1,ac,130.726,80.695,130.726,80.695,500,51.64,51.64,1994,2685,Glenannan,BC_GLN_DSS,Telkwa,BC_TKW_DSS,,BC_GLN_DSS,BC_TKW_DSS,1994,2685,51.64,51.64,130.726,500,2215.5556,GLN_DSS_TKW_DSS,500kV,500_GLN_DSS,500_TKW_DSS,130.726,500
32229,5L063,BC Hydro,BC,British Columbia,1,ac,142.789,88.142,142.789,88.142,500,56.4,56.4,1836,2544,Telkwa,BC_TKW_DSS,Skeena,BC_SKA_DSS,,BC_TKW_DSS,BC_SKA_DSS,1836,2544,56.4,56.4,142.789,500,2040.0,TKW_DSS_SKA_DSS,500kV,500_TKW_DSS,500_SKA_DSS,142.789,500
32230,5L071,BC Hydro,BC,British Columbia,1,ac,285.302,176.112,285.302,176.112,500,112.69,112.69,1919,2725,Mica GS,BC_MCA_GSS,Nicola TS,BC_NIC_TSS,,BC_MCA_GSS,BC_NIC_TSS,1919,2725,112.69,112.69,285.302,500,2132.2222,MCA_GSS_NIC_TSS,500kV,500_MCA_GSS,500_NIC_TSS,285.302,500
32231,5L072,BC Hydro,BC,British Columbia,1,ac,285.255,176.084,285.255,176.084,500,112.68,112.68,1919,2725,Mica GS,BC_MCA_GSS,Nicola TS,BC_NIC_TSS,,BC_MCA_GSS,BC_NIC_TSS,1919,2725,112.68,112.68,285.255,500,2132.2222,MCA_GSS_NIC_TSS,500kV,500_MCA_GSS,500_NIC_TSS,285.255,500
32232,5L075,BC Hydro,BC,British Columbia,1,ac,83.696,51.664,83.696,51.664,500,33.06,33.06,2575,2983,Revelstoke GS,BC_REV_GSS,Ashton Creek,BC_ACK_DSS,,BC_REV_GSS,BC_ACK_DSS,2575,2983,33.06,33.06,83.696,500,2861.1111,REV_GSS_ACK_DSS,500kV,500_REV_GSS,500_ACK_DSS,83.696,500
32233,5L076,BC Hydro,BC,British Columbia,1,ac,117.776,72.701,117.776,72.701,500,46.52,46.52,2188,3000,Ashton Creek,BC_ACK_DSS,Nicola TS,BC_NIC_TSS,,BC_ACK_DSS,BC_NIC_TSS,2188,3000,46.52,46.52,117.776,500,2431.1111,ACK_DSS_NIC_TSS,500kV,500_ACK_DSS,500_NIC_TSS,117.776,500
32234,5L077,BC Hydro,BC,British Columbia,1,ac,83.732,51.686,83.732,51.686,500,33.07,33.07,1998,2833,Revelstoke GS,BC_REV_GSS,Ashton Creek,BC_ACK_DSS,,BC_REV_GSS,BC_ACK_DSS,1998,2833,33.07,33.07,83.732,500,2220.0,REV_GSS_ACK_DSS,500kV,500_REV_GSS,500_ACK_DSS,83.732,500
32235,5L079,BC Hydro,BC,British Columbia,1,ac,117.739,72.678,117.739,72.678,500,46.51,46.51,2779,3205,Ashton Creek,BC_ACK_DSS,Nicola TS,BC_NIC_TSS,,BC_ACK_DSS,BC_NIC_TSS,2779,3205,46.51,46.51,117.739,500,3087.7778,ACK_DSS_NIC_TSS,500kV,500_ACK_DSS,500_NIC_TSS,117.739,500
32236,5L081,BC Hydro,BC,British Columbia,1,ac,263.934,162.922,263.934,162.922,500,104.25,104.25,1998,2750,Nicola TS,BC_NIC_TSS,Ingledow,BC_ING_DSS,,BC_NIC_TSS,BC_ING_DSS,1998,2750,104.25,104.25,263.934,500,2220.0,NIC_TSS_ING_DSS,500kV,500_NIC_TSS,500_ING_DSS,263.934,500
32237,5L082,BC Hydro,BC,British Columbia,1,ac,248.189,153.203,248.189,153.203,500,98.03,98.03,2017,2754,Nicola TS,BC_NIC_TSS,Meridian,BC_MDN_DSS,,BC_NIC_TSS,BC_MDN_DSS,2017,2754,98.03,98.03,248.189,500,2241.1111,NIC_TSS_MDN_DSS,500kV,500_NIC_TSS,500_MDN_DSS,248.189,500
32238,5L083,BC Hydro,BC,British Columbia,1,ac,248.221,153.223,248.221,153.223,500,98.05,98.05,3057,3680,Nicola TS,BC_NIC_TSS,Meridian,BC_MDN_DSS,,BC_NIC_TSS,BC_MDN_DSS,3057,3680,98.05,98.05,248.221,500,3396.6667,NIC_TSS_MDN_DSS,500kV,500_NIC_TSS,500_MDN_DSS,248.221,500
32239,5L087,BC Hydro,BC,British Columbia,1,ac,145.962,90.1,145.962,90.1,500,57.65,57.65,3057,3701,Kelly Lake,BC_KLY_DSS,Nicola TS,BC_NIC_TSS,,BC_KLY_DSS,BC_NIC_TSS,3057,3701,57.65,57.65,145.962,500,3396.6667,KLY_DSS_NIC_TSS,500kV,500_KLY_DSS,500_NIC_TSS,145.962,500
32240,5L091,BC Hydro,BC,British Columbia,1,ac,223.062,137.692,223.062,137.692,500,88.11,88.11,2066,2847,Selkirk TS,BC_SEL_TSS,Ashton Creek,BC_ACK_DSS,,BC_SEL_TSS,BC_ACK_DSS,2066,2847,88.11,88.11,223.062,500,2295.5556,SEL_TSS_ACK_DSS,500kV,500_SEL_TSS,500_ACK_DSS,223.062,500
32241,5L092,BC Hydro,BC,British Columbia,1,ac,179.853,111.02,179.853,111.02,500,71.04,71.04,2430,3018,Selkirk TS,BC_SEL_TSS,Cranbrook,BC_CBK_DSS,,BC_SEL_TSS,BC_CBK_DSS,2430,3018,71.04,71.04,179.853,500,2700.0,SEL_TSS_CBK_DSS,500kV,500_SEL_TSS,500_CBK_DSS,179.853,500
32242,5L094,BC Hydro,BC,British Columbia,1,ac,108.16,66.765,108.16,66.765,500,42.72,42.72,1983,2573,Cranbrook,BC_CBK_DSS,IPT Cranbrook Chapel Rock,BC_ABBC02_IPT,,BC_CBK_DSS,BC_ABBC02_IPT,1983,2573,42.72,42.72,108.16,500,2203.3333,CBK_DSS_ABBC02_IPT,500kV,500_CBK_DSS,500_ABBC02_IPT,108.16,500
32243,5L096,BC Hydro,BC,British Columbia,1,ac,162.873,100.539,162.873,100.539,500,64.33,64.33,2992,3645,Vaseux Lake TS,BC_VAS_TSS,Selkirk TS,BC_SEL_TSS,,BC_VAS_TSS,BC_SEL_TSS,2992,3645,64.33,64.33,162.873,500,3324.4444,VAS_TSS_SEL_TSS,500kV,500_VAS_TSS,500_SEL_TSS,162.873,500
32244,5L098,BC Hydro,BC,British Columbia,1,ac,139.111,85.871,139.111,85.871,500,54.95,54.95,2905,3434,Nicola TS,BC_NIC_TSS,Vaseux Lake TS,BC_VAS_TSS,,BC_NIC_TSS,BC_VAS_TSS,2905,3434,54.95,54.95,139.111,500,3227.7778,NIC_TSS_VAS_TSS,500kV,500_NIC_TSS,500_VAS_TSS,139.111,500
32245,60L,FortisBC,BC,British Columbia,1,ac,3.7,2.284,3.7,2.284,138,1.6,1.6,141,156,Benvoulin,BC_BEV_DSS,DG Bell TS,BC_DGB_TSS,,BC_BEV_DSS,BC_DGB_TSS,141,156,1.6,1.6,3.7,138,156.6667,BEV_DSS_DGB_TSS,138kV,138_BEV_DSS,138_DGB_TSS,3.7,138
32246,60L001,BC Hydro,BC,British Columbia,1,ac,7.596,4.689,7.596,4.689,69,2.92,2.92,66,84,Como Lake,BC_COK_DSS,Barnard,BC_BND_DSS,,BC_COK_DSS,BC_BND_DSS,66,84,2.92,2.92,7.596,69,73.3333,COK_DSS_BND_DSS,69kV,69_COK_DSS,69_BND_DSS,7.596,69
32247,60L002,BC Hydro,BC,British Columbia,1,ac,2.0,1.235,34.29,21.167,69,13.18,0.77,83,99,Coquitlam JCT,BC_CQM_JCT,Como Lake,BC_COK_DSS,,BC_CQM_JCT,BC_COK_DSS,83,99,13.18,0.77,34.29,69,92.2222,CQM_JCT_COK_DSS,69kV,69_CQM_JCT,69_COK_DSS,2.0,69
32248,60L002,BC Hydro,BC,British Columbia,1,ac,12.49,7.71,34.29,21.167,69,13.18,4.8,45,57,Maple Ridge JCT,BC_MRG_JCT,Coquitlam JCT,BC_CQM_JCT,,BC_MRG_JCT,BC_CQM_JCT,45,57,13.18,4.8,34.29,69,50.0,MRG_JCT_CQM_JCT,69kV,69_MRG_JCT,69_CQM_JCT,12.49,69
32249,60L002,BC Hydro,BC,British Columbia,1,ac,19.8,12.222,34.29,21.167,69,13.18,7.61,45,57,Stave Falls GS,BC_SFL_GSS,Maple Ridge JCT,BC_MRG_JCT,,BC_SFL_GSS,BC_MRG_JCT,45,57,13.18,7.61,34.29,69,50.0,SFL_GSS_MRG_JCT,69kV,69_SFL_GSS,69_MRG_JCT,19.8,69
32250,60L002CQM,BC Hydro,BC,British Columbia,1,ac,0.01,0.006,0.01,0.006,69,0.0,0.0,36,39,Coquitlam JCT,BC_CQM_JCT,Coquitlam,BC_CQM_DSS,,BC_CQM_JCT,BC_CQM_DSS,36,39,0.0,0.0,0.01,69,40.0,CQM_JCT_CQM_DSS,69kV,69_CQM_JCT,69_CQM_DSS,0.01,69
32251,60L002MRG,BC Hydro,BC,British Columbia,1,ac,0.048,0.029,0.048,0.029,69,0.02,0.02,36,39,Maple Ridge JCT,BC_MRG_JCT,Maple Ridge,BC_MRG_DSS,,BC_MRG_JCT,BC_MRG_DSS,36,39,0.02,0.02,0.048,69,40.0,MRG_JCT_MRG_DSS,69kV,69_MRG_JCT,69_MRG_DSS,0.048,69
32252,60L003,BC Hydro,BC,British Columbia,1,ac,4.0,2.469,19.53,12.056,69,7.51,1.54,66,84,Haney,BC_HNY_DSS,Maple Ridge JCT,BC_MRG_JCT,,BC_HNY_DSS,BC_MRG_JCT,66,84,7.51,1.54,19.53,69,73.3333,HNY_DSS_MRG_JCT,69kV,69_HNY_DSS,69_MRG_JCT,4.0,69
32253,60L003,BC Hydro,BC,British Columbia,1,ac,15.53,9.586,19.53,12.056,69,7.51,5.97,66,84,Maple Ridge JCT,BC_MRG_JCT,Como Lake,BC_COK_DSS,,BC_MRG_JCT,BC_COK_DSS,66,84,7.51,5.97,19.53,69,73.3333,MRG_JCT_COK_DSS,69kV,69_MRG_JCT,69_COK_DSS,15.53,69
32254,60L003MRG,BC Hydro,BC,British Columbia,1,ac,0.022,0.014,0.022,0.014,69,0.01,0.01,36,39,Maple Ridge JCT,BC_MRG_JCT,Maple Ridge,BC_MRG_DSS,,BC_MRG_JCT,BC_MRG_DSS,36,39,0.01,0.01,0.022,69,40.0,MRG_JCT_MRG_DSS,69kV,69_MRG_JCT,69_MRG_DSS,0.022,69
32255,60L004,BC Hydro,BC,British Columbia,1,ac,15.118,9.332,15.118,9.332,69,5.81,5.81,45,57,Lake Buntzen GS,BC_LB1_GSS,Petro Canada Products,BC_PCP_ISS,,BC_LB1_GSS,BC_PCP_ISS,45,57,5.81,5.81,15.118,69,50.0,LB1_GSS_PCP_ISS,69kV,69_LB1_GSS,69_PCP_ISS,15.118,69
32256,60L005,BC Hydro,BC,British Columbia,1,ac,2.3,1.42,16.3,10.062,69,6.26,0.88,45,57,Lake Buntzen GS,BC_LB1_GSS,Westridge Marine Terminal JCT,BC_WTR_JCT,,BC_LB1_GSS,BC_WTR_JCT,45,57,6.26,0.88,16.3,69,50.0,LB1_GSS_WTR_JCT,69kV,69_LB1_GSS,69_WTR_JCT,2.3,69
32257,60L005,BC Hydro,BC,British Columbia,1,ac,14.0,8.642,16.3,10.062,69,6.26,5.38,45,57,Westridge Marine Terminal JCT,BC_WTR_JCT,Shelburn,BC_SHL_DSS,,BC_WTR_JCT,BC_SHL_DSS,45,57,6.26,5.38,16.3,69,50.0,WTR_JCT_SHL_DSS,69kV,69_WTR_JCT,69_SHL_DSS,14.0,69
32258,60L005WTR,BC Hydro,BC,British Columbia,1,ac,0.1,0.062,0.1,0.062,69,0.04,0.04,45,57,Westridge Marine Terminal JCT,BC_WTR_JCT,Westridge Marine Terminal ,BC_WTR_ISS,,BC_WTR_JCT,BC_WTR_ISS,45,57,0.04,0.04,0.1,69,50.0,WTR_JCT_WTR_ISS,69kV,69_WTR_JCT,69_WTR_ISS,0.1,69
32259,60L006,BC Hydro,BC,British Columbia,1,ac,8.79,5.426,8.79,5.426,69,3.38,3.38,45,57,Lake Buntzen GS,BC_LB1_GSS,Ioco Esso Petroleum,BC_IOC_ISS,,BC_LB1_GSS,BC_IOC_ISS,45,57,3.38,3.38,8.79,69,50.0,LB1_GSS_IOC_ISS,69kV,69_LB1_GSS,69_IOC_ISS,8.79,69
32260,60L007,BC Hydro,BC,British Columbia,1,ac,19.89,12.278,19.89,12.278,69,7.64,7.64,70,85,Balfour JCT,BC_BAL_JCT,Ruskin GS,BC_RUS_GSS,Line connection RUS to MLN assumed,BC_BAL_JCT,BC_RUS_GSS,70,85,7.64,7.64,19.89,69,77.7778,BAL_JCT_RUS_GSS,69kV,69_BAL_JCT,69_RUS_GSS,19.89,69
32261,60L007BAL,BC Hydro,BC,British Columbia,1,ac,8.345,5.151,8.345,5.151,69,3.21,3.21,24,33,Balfour JCT,BC_BAL_JCT,Balfour,BC_BAL_DSS,,BC_BAL_JCT,BC_BAL_DSS,24,33,3.21,3.21,8.345,69,26.6667,BAL_JCT_BAL_DSS,69kV,69_BAL_JCT,69_BAL_DSS,8.345,69
32262,60L007MLH,BC Hydro,BC,British Columbia,1,ac,10.72,6.617,10.72,6.617,69,4.12,4.12,83,107,Balfour JCT,BC_BAL_JCT,McLellan,BC_MLN_DSS,,BC_BAL_JCT,BC_MLN_DSS,83,107,4.12,4.12,10.72,69,92.2222,BAL_JCT_MLN_DSS,69kV,69_BAL_JCT,69_MLN_DSS,10.72,69
32263,60L007PKL,BC Hydro,BC,British Columbia,1,ac,0.12,0.074,0.12,0.074,69,0.05,0.05,91,106,Port Kells,BC_PKL_DSS,Balfour JCT,BC_BAL_JCT,,BC_PKL_DSS,BC_BAL_JCT,91,106,0.05,0.05,0.12,69,101.1111,PKL_DSS_BAL_JCT,69kV,69_PKL_DSS,69_BAL_JCT,0.12,69
32264,60L008,BC Hydro,BC,British Columbia,1,ac,7.0,4.321,19.94,12.309,69,7.66,2.69,81,98,Balfour JCT,BC_BAL_JCT,Gloucester JCT,BC_GLT_JCT,,BC_BAL_JCT,BC_GLT_JCT,81,98,7.66,2.69,19.94,69,90.0,BAL_JCT_GLT_JCT,69kV,69_BAL_JCT,69_GLT_JCT,7.0,69
32265,60L008,BC Hydro,BC,British Columbia,1,ac,12.94,7.988,19.94,12.309,69,7.66,4.97,70,85,Balfour JCT,BC_BAL_JCT,Ruskin GS,BC_RUS_GSS,,BC_BAL_JCT,BC_RUS_GSS,70,85,7.66,4.97,19.94,69,77.7778,BAL_JCT_RUS_GSS,69kV,69_BAL_JCT,69_RUS_GSS,12.94,69
32266,60L008BAL,BC Hydro,BC,British Columbia,1,ac,8.225,5.077,8.225,5.077,69,3.16,3.16,24,33,Balfour JCT,BC_BAL_JCT,Balfour,BC_BAL_DSS,,BC_BAL_JCT,BC_BAL_DSS,24,33,3.16,3.16,8.225,69,26.6667,BAL_JCT_BAL_DSS,69kV,69_BAL_JCT,69_BAL_DSS,8.225,69
32267,60L008GLT,BC Hydro,BC,British Columbia,1,ac,7.56,4.667,7.56,4.667,69,2.91,2.91,56,67,Gloucester JCT,BC_GLT_JCT,Gloucester,BC_GLT_DSS,,BC_GLT_JCT,BC_GLT_DSS,56,67,2.91,2.91,7.56,69,62.2222,GLT_JCT_GLT_DSS,69kV,69_GLT_JCT,69_GLT_DSS,7.56,69
32268,60L008MLN,BC Hydro,BC,British Columbia,1,ac,10.77,6.648,10.77,6.648,69,4.14,4.14,83,107,Balfour JCT,BC_BAL_JCT,McLellan,BC_MLN_DSS,,BC_BAL_JCT,BC_MLN_DSS,83,107,4.14,4.14,10.77,69,92.2222,BAL_JCT_MLN_DSS,69kV,69_BAL_JCT,69_MLN_DSS,10.77,69
32269,60L008PKL,BC Hydro,BC,British Columbia,1,ac,0.12,0.074,0.12,0.074,69,0.05,0.05,83,107,Port Kells,BC_PKL_DSS,Balfour JCT,BC_BAL_JCT,,BC_PKL_DSS,BC_BAL_JCT,83,107,0.05,0.05,0.12,69,92.2222,PKL_DSS_BAL_JCT,69kV,69_PKL_DSS,69_BAL_JCT,0.12,69
32270,60L010,BC Hydro,BC,British Columbia,1,ac,35.0,21.605,90.79,56.043,69,34.89,13.45,50,63,Boston Bar,BC_BBR_DSS,Spuzzum JCT,BC_SZM_JCT,,BC_BBR_DSS,BC_SZM_JCT,50,63,34.89,13.45,90.79,69,55.5556,BBR_DSS_SZM_JCT,69kV,69_BBR_DSS,69_SZM_JCT,35.0,69
32271,60L010,BC Hydro,BC,British Columbia,1,ac,25.79,15.92,90.79,56.043,69,34.89,9.91,50,63,Spuzzum JCT,BC_SZM_JCT,Boston Bar JCT,BC_BBR_JCT,,BC_SZM_JCT,BC_BBR_JCT,50,63,34.89,9.91,90.79,69,55.5556,SZM_JCT_BBR_JCT,69kV,69_SZM_JCT,69_BBR_JCT,25.79,69
32272,60L010,BC Hydro,BC,British Columbia,1,ac,10.0,6.173,90.79,56.043,69,34.89,3.84,50,63,Wahleach GS,BC_WAH_GSS,Wahleach JCT,BC_WAH_JCT,,BC_WAH_GSS,BC_WAH_JCT,50,63,34.89,3.84,90.79,69,55.5556,WAH_GSS_WAH_JCT,69kV,69_WAH_GSS,69_WAH_JCT,10.0,69
32273,60L010,BC Hydro,BC,British Columbia,1,ac,20.0,12.346,90.79,56.043,69,34.89,7.69,50,63,Wahleach JCT,BC_WAH_JCT,Boston Bar JCT,BC_BBR_JCT,,BC_WAH_JCT,BC_BBR_JCT,50,63,34.89,7.69,90.79,69,55.5556,WAH_JCT_BBR_JCT,69kV,69_WAH_JCT,69_BBR_JCT,20.0,69
32274,60L010HOP,BC Hydro,BC,British Columbia,1,ac,3.105,1.917,3.105,1.917,69,1.19,1.19,50,63,Boston Bar JCT,BC_BBR_JCT,Hope,BC_HOP_DSS,,BC_BBR_JCT,BC_HOP_DSS,50,63,1.19,1.19,3.105,69,55.5556,BBR_JCT_HOP_DSS,69kV,69_BBR_JCT,69_HOP_DSS,3.105,69
32275,60L010KEN,BC Hydro,BC,British Columbia,1,ac,13.89,8.574,13.89,8.574,69,5.34,5.34,50,63,Wahleach JCT,BC_WAH_JCT,Kent,BC_KEN_DSS,,BC_WAH_JCT,BC_KEN_DSS,50,63,5.34,5.34,13.89,69,55.5556,WAH_JCT_KEN_DSS,69kV,69_WAH_JCT,69_KEN_DSS,13.89,69
32276,60L010SZM,BC Hydro,BC,British Columbia,1,ac,0.01,0.006,0.01,0.006,69,0.0,0.0,50,63,Spuzzum JCT,BC_SZM_JCT,Spuzzum,BC_SZM_DSS,,BC_SZM_JCT,BC_SZM_DSS,50,63,0.0,0.0,0.01,69,55.5556,SZM_JCT_SZM_DSS,69kV,69_SZM_JCT,69_SZM_DSS,0.01,69
32277,60L011,BC Hydro,BC,British Columbia,1,ac,6.0,3.704,8.35,5.154,69,3.21,2.31,45,58,Ioco Esso Petroleum,BC_IOC_ISS,Simon Fraser University JCT,BC_SFU_JCT,,BC_IOC_ISS,BC_SFU_JCT,45,58,3.21,2.31,8.35,69,50.0,IOC_ISS_SFU_JCT,69kV,69_IOC_ISS,69_SFU_JCT,6.0,69
32278,60L011,BC Hydro,BC,British Columbia,1,ac,2.35,1.451,8.35,5.154,69,3.21,0.9,45,58,Simon Fraser University JCT,BC_SFU_JCT,Barnard,BC_BND_DSS,,BC_SFU_JCT,BC_BND_DSS,45,58,3.21,0.9,8.35,69,50.0,SFU_JCT_BND_DSS,69kV,69_SFU_JCT,69_BND_DSS,2.35,69
32279,60L011SFU,BC Hydro,BC,British Columbia,1,ac,1.454,0.897,1.454,0.897,69,0.56,0.56,50,63,Simon Fraser University JCT,BC_SFU_JCT,Simon Fraser University,BC_SFU_DSS,,BC_SFU_JCT,BC_SFU_DSS,50,63,0.56,0.56,1.454,69,55.5556,SFU_JCT_SFU_DSS,69kV,69_SFU_JCT,69_SFU_DSS,1.454,69
32280,60L012,BC Hydro,BC,British Columbia,1,ac,10.0,6.173,22.0,13.58,69,8.45,3.84,131,158,Mission JCT,BC_MIS_JCT,Clayburn,BC_CBN_DSS,,BC_MIS_JCT,BC_CBN_DSS,131,158,8.45,3.84,22.0,69,145.5556,MIS_JCT_CBN_DSS,69kV,69_MIS_JCT,69_CBN_DSS,10.0,69
32281,60L012,BC Hydro,BC,British Columbia,1,ac,12.0,7.407,22.0,13.58,69,8.45,4.61,83,100,Stave Falls GS,BC_SFL_GSS,Mission JCT,BC_MIS_JCT,,BC_SFL_GSS,BC_MIS_JCT,83,100,8.45,4.61,22.0,69,92.2222,SFL_GSS_MIS_JCT,69kV,69_SFL_GSS,69_MIS_JCT,12.0,69
32282,60L012MIS,BC Hydro,BC,British Columbia,1,ac,0.073,0.045,0.073,0.045,69,0.03,0.03,131,158,Mission JCT,BC_MIS_JCT,Mission,BC_MIS_DSS,,BC_MIS_JCT,BC_MIS_DSS,131,158,0.03,0.03,0.073,69,145.5556,MIS_JCT_MIS_DSS,69kV,69_MIS_JCT,69_MIS_DSS,0.073,69
32283,60L013,BC Hydro,BC,British Columbia,1,ac,9.0,5.556,17.52,10.815,69,6.73,3.46,28,37,Alouette GS,BC_ALU_GSS,St Leon Creek JCT,BC_SLK_JCT,,BC_ALU_GSS,BC_SLK_JCT,28,37,6.73,3.46,17.52,69,31.1111,ALU_GSS_SLK_JCT,69kV,69_ALU_GSS,69_SLK_JCT,9.0,69
32284,60L013,BC Hydro,BC,British Columbia,1,ac,8.52,5.259,17.52,10.815,69,6.73,3.27,28,37,St Leon Creek JCT,BC_SLK_JCT,Stave Falls GS,BC_SFL_GSS,,BC_SLK_JCT,BC_SFL_GSS,28,37,6.73,3.27,17.52,69,31.1111,SLK_JCT_SFL_GSS,69kV,69_SLK_JCT,69_SFL_GSS,8.52,69
32285,60L013SLK,BC Hydro,BC,British Columbia,1,ac,0.037,0.023,0.037,0.023,69,0.01,0.01,36,39,St Leon Creek JCT,BC_SLK_JCT,St Leon Creek,BC_SLK_DSS,,BC_SLK_JCT,BC_SLK_DSS,36,39,0.01,0.01,0.037,69,40.0,SLK_JCT_SLK_DSS,69kV,69_SLK_JCT,69_SLK_DSS,0.037,69
32286,60L014,BC Hydro,BC,British Columbia,1,ac,9.0,5.556,12.83,7.92,69,4.93,3.46,131,158,Mission JCT,BC_MIS_JCT,Clayburn,BC_CBN_DSS,,BC_MIS_JCT,BC_CBN_DSS,131,158,4.93,3.46,12.83,69,145.5556,MIS_JCT_CBN_DSS,69kV,69_MIS_JCT,69_CBN_DSS,9.0,69
32287,60L014,BC Hydro,BC,British Columbia,1,ac,3.83,2.364,12.83,7.92,69,4.93,1.47,131,158,Silverdale,BC_SVD_DSS,Mission JCT,BC_MIS_JCT,,BC_SVD_DSS,BC_MIS_JCT,131,158,4.93,1.47,12.83,69,145.5556,SVD_DSS_MIS_JCT,69kV,69_SVD_DSS,69_MIS_JCT,3.83,69
32288,60L014MIS,BC Hydro,BC,British Columbia,1,ac,0.993,0.613,0.993,0.613,69,0.38,0.38,131,158,Mission JCT,BC_MIS_JCT,Mission,BC_MIS_DSS,,BC_MIS_JCT,BC_MIS_DSS,131,158,0.38,0.38,0.993,69,145.5556,MIS_JCT_MIS_DSS,69kV,69_MIS_JCT,69_MIS_DSS,0.993,69
32289,60L015,BC Hydro,BC,British Columbia,1,ac,6.636,4.096,6.636,4.096,69,2.55,2.55,75,90,Stave Falls GS,BC_SFL_GSS,Ruskin GS,BC_RUS_GSS,,BC_SFL_GSS,BC_RUS_GSS,75,90,2.55,2.55,6.636,69,83.3333,SFL_GSS_RUS_GSS,69kV,69_SFL_GSS,69_RUS_GSS,6.636,69
32290,60L016,BC Hydro,BC,British Columbia,1,ac,0.72,0.444,0.72,0.444,69,0.28,0.28,45,58,Lake Buntzen GS,BC_LB1_GSS,Lake Buntzen #2,BC_LB2_GSS,,BC_LB1_GSS,BC_LB2_GSS,45,58,0.28,0.28,0.72,69,50.0,LB1_GSS_LB2_GSS,69kV,69_LB1_GSS,69_LB2_GSS,0.72,69
32291,60L017,BC Hydro,BC,British Columbia,1,ac,1.66,1.025,7.66,4.728,69,2.94,0.64,94,116,Como Lake,BC_COK_DSS,Panel and Fibre Division JCT,BC_PFD_JCT,,BC_COK_DSS,BC_PFD_JCT,94,116,2.94,0.64,7.66,69,104.4444,COK_DSS_PFD_JCT,69kV,69_COK_DSS,69_PFD_JCT,1.66,69
32292,60L017,BC Hydro,BC,British Columbia,1,ac,6.0,3.704,7.66,4.728,69,2.94,2.31,66,84,Panel and Fibre Division JCT,BC_PFD_JCT,Barnard,BC_BND_DSS,,BC_PFD_JCT,BC_BND_DSS,66,84,2.94,2.31,7.66,69,73.3333,PFD_JCT_BND_DSS,69kV,69_PFD_JCT,69_BND_DSS,6.0,69
32293,60L017GSP,BC Hydro,BC,British Columbia,1,ac,0.014,0.009,0.014,0.009,69,0.01,0.01,36,39,GVRD Sapperton Pumps JCT,BC_GSP_JCT,GVRD Sapperton Pumps,BC_GSP_DSS,,BC_GSP_JCT,BC_GSP_DSS,36,39,0.01,0.01,0.014,69,40.0,GSP_JCT_GSP_DSS,69kV,69_GSP_JCT,69_GSP_DSS,0.014,69
32294,60L017NRG,BC Hydro,BC,British Columbia,1,ac,0.278,0.171,0.278,0.171,69,0.11,0.11,36,39,Newstech Recycling JCT,BC_NRG_JCT,Newstech Recycling,BC_NRG_ISS,,BC_NRG_JCT,BC_NRG_ISS,36,39,0.11,0.11,0.278,69,40.0,NRG_JCT_NRG_ISS,69kV,69_NRG_JCT,69_NRG_ISS,0.278,69
32295,60L017NWR,BC Hydro,BC,British Columbia,1,ac,3.34,2.062,12.34,7.617,69,4.74,1.28,50,63,GVRD Sapperton Pumps JCT,BC_GSP_JCT,New Westminster,BC_NWR_DSS,,BC_GSP_JCT,BC_NWR_DSS,50,63,4.74,1.28,12.34,69,55.5556,GSP_JCT_NWR_DSS,69kV,69_GSP_JCT,69_NWR_DSS,3.34,69
32296,60L017NWR,BC Hydro,BC,British Columbia,1,ac,0.5,0.309,12.34,7.617,69,4.74,0.19,56,79,International Forest Products,BC_IFM_ISS,Newstech Recycling JCT,BC_NRG_JCT,,BC_IFM_ISS,BC_NRG_JCT,56,79,4.74,0.19,12.34,69,62.2222,IFM_ISS_NRG_JCT,69kV,69_IFM_ISS,69_NRG_JCT,0.5,69
32297,60L017NWR,BC Hydro,BC,British Columbia,1,ac,0.5,0.309,12.34,7.617,69,4.74,0.19,56,79,Newstech Recycling JCT,BC_NRG_JCT,Panel and Fibre Division,BC_PFD_ISS,,BC_NRG_JCT,BC_PFD_ISS,56,79,4.74,0.19,12.34,69,62.2222,NRG_JCT_PFD_ISS,69kV,69_NRG_JCT,69_PFD_ISS,0.5,69
32298,60L017NWR,BC Hydro,BC,British Columbia,1,ac,1.0,0.617,12.34,7.617,69,4.74,0.38,56,79,Panel and Fibre Division,BC_PFD_ISS,GVRD Sapperton Pumps JCT,BC_GSP_JCT,,BC_PFD_ISS,BC_GSP_JCT,56,79,4.74,0.38,12.34,69,62.2222,PFD_ISS_GSP_JCT,69kV,69_PFD_ISS,69_GSP_JCT,1.0,69
32299,60L017NWR,BC Hydro,BC,British Columbia,1,ac,7.0,4.321,12.34,7.617,69,4.74,2.69,56,79,Panel and Fibre Division JCT,BC_PFD_JCT,International Forest Products,BC_IFM_ISS,,BC_PFD_JCT,BC_IFM_ISS,56,79,4.74,2.69,12.34,69,62.2222,PFD_JCT_IFM_ISS,69kV,69_PFD_JCT,69_IFM_ISS,7.0,69
32300,60L018,BC Hydro,BC,British Columbia,1,ac,2.0,1.235,19.49,12.031,69,7.49,0.77,66,84,Coquitlam JCT,BC_CQM_JCT,Como Lake,BC_COK_DSS,,BC_CQM_JCT,BC_COK_DSS,66,84,7.49,0.77,19.49,69,73.3333,CQM_JCT_COK_DSS,69kV,69_CQM_JCT,69_COK_DSS,2.0,69
32301,60L018,BC Hydro,BC,British Columbia,1,ac,2.0,1.235,19.49,12.031,69,7.49,0.77,66,84,Esco Foundry JCT,BC_ESC_JCT,Coquitlam JCT,BC_CQM_JCT,,BC_ESC_JCT,BC_CQM_JCT,66,84,7.49,0.77,19.49,69,73.3333,ESC_JCT_CQM_JCT,69kV,69_ESC_JCT,69_CQM_JCT,2.0,69
32302,60L018,BC Hydro,BC,British Columbia,1,ac,4.0,2.469,19.49,12.031,69,7.49,1.54,45,58,Haney,BC_HNY_DSS,Maple Ridge JCT,BC_MRG_JCT,,BC_HNY_DSS,BC_MRG_JCT,45,58,7.49,1.54,19.49,69,50.0,HNY_DSS_MRG_JCT,69kV,69_HNY_DSS,69_MRG_JCT,4.0,69
32303,60L018,BC Hydro,BC,British Columbia,1,ac,11.49,7.093,19.49,12.031,69,7.49,4.42,48,58,Maple Ridge JCT,BC_MRG_JCT,Esco Foundry JCT,BC_ESC_JCT,,BC_MRG_JCT,BC_ESC_JCT,48,58,7.49,4.42,19.49,69,53.3333,MRG_JCT_ESC_JCT,69kV,69_MRG_JCT,69_ESC_JCT,11.49,69
32304,60L018CQM,BC Hydro,BC,British Columbia,1,ac,0.006,0.004,0.006,0.004,69,0.0,0.0,36,39,Coquitlam JCT,BC_CQM_JCT,Coquitlam,BC_CQM_DSS,,BC_CQM_JCT,BC_CQM_DSS,36,39,0.0,0.0,0.006,69,40.0,CQM_JCT_CQM_DSS,69kV,69_CQM_JCT,69_CQM_DSS,0.006,69
32305,60L018ESC,BC Hydro,BC,British Columbia,1,ac,0.14,0.087,0.14,0.087,69,0.05,0.05,36,39,Esco Foundry JCT,BC_ESC_JCT,Esco Foundry,BC_ESC_ISS,,BC_ESC_JCT,BC_ESC_ISS,36,39,0.05,0.05,0.14,69,40.0,ESC_JCT_ESC_ISS,69kV,69_ESC_JCT,69_ESC_ISS,0.14,69
32306,60L018MRG,BC Hydro,BC,British Columbia,1,ac,0.063,0.039,0.063,0.039,69,0.02,0.02,36,39,Maple Ridge JCT,BC_MRG_JCT,Maple Ridge,BC_MRG_DSS,,BC_MRG_JCT,BC_MRG_DSS,36,39,0.02,0.02,0.063,69,40.0,MRG_JCT_MRG_DSS,69kV,69_MRG_JCT,69_MRG_DSS,0.063,69
32307,60L019,BC Hydro,BC,British Columbia,1,ac,14.902,9.199,14.902,9.199,69,5.73,5.73,83,99,Stave Falls GS,BC_SFL_GSS,Haney,BC_HNY_DSS,,BC_SFL_GSS,BC_HNY_DSS,83,99,5.73,5.73,14.902,69,92.2222,SFL_GSS_HNY_DSS,69kV,69_SFL_GSS,69_HNY_DSS,14.902,69
32308,60L020,BC Hydro,BC,British Columbia,1,ac,34.0,20.988,74.24,45.827,69,28.53,13.07,45,60,Pavilion JCT,BC_PAV_JCT,Carquille,BC_CRQ_DSS,,BC_PAV_JCT,BC_CRQ_DSS,45,60,28.53,13.07,74.24,69,50.0,PAV_JCT_CRQ_DSS,69kV,69_PAV_JCT,69_CRQ_DSS,34.0,69
32309,60L020,BC Hydro,BC,British Columbia,1,ac,40.24,24.84,74.24,45.827,69,28.53,15.46,45,60,Seton Lake GS,BC_SON_GSS,Pavilion JCT,BC_PAV_JCT,,BC_SON_GSS,BC_PAV_JCT,45,60,28.53,15.46,74.24,69,50.0,SON_GSS_PAV_JCT,69kV,69_SON_GSS,69_PAV_JCT,40.24,69
32310,60L020PAV,BC Hydro,BC,British Columbia,1,ac,0.108,0.066,0.108,0.066,69,0.04,0.04,13,23,Pavilion JCT,BC_PAV_JCT,Pavilion,BC_PAV_DSS,,BC_PAV_JCT,BC_PAV_DSS,13,23,0.04,0.04,0.108,69,14.4444,PAV_JCT_PAV_DSS,69kV,69_PAV_JCT,69_PAV_DSS,0.108,69
32311,60L021,BC Hydro,BC,British Columbia,1,ac,3.0,1.852,26.77,16.525,69,10.29,1.15,56,67,Seton Lake GS,BC_SON_GSS,Walden North JCT,BC_WDN_JCT,,BC_SON_GSS,BC_WDN_JCT,56,67,10.29,1.15,26.77,69,62.2222,SON_GSS_WDN_JCT,69kV,69_SON_GSS,69_WDN_JCT,3.0,69
32312,60L021,BC Hydro,BC,British Columbia,1,ac,23.77,14.673,26.77,16.525,69,10.29,9.13,56,67,Walden North JCT,BC_WDN_JCT,Bridge River 1 GS,BC_BR1_GSS,,BC_WDN_JCT,BC_BR1_GSS,56,67,10.29,9.13,26.77,69,62.2222,WDN_JCT_BR1_GSS,69kV,69_WDN_JCT,69_BR1_GSS,23.77,69
32313,60L021WDN,BC Hydro,BC,British Columbia,1,ac,1.314,0.811,1.314,0.811,69,0.51,0.51,70,78,Walden North JCT,BC_WDN_JCT,Walden North GS,BC_WDN_GSS,,BC_WDN_JCT,BC_WDN_GSS,70,78,0.51,0.51,1.314,69,77.7778,WDN_JCT_WDN_GSS,69kV,69_WDN_JCT,69_WDN_GSS,1.314,69
32314,60L022,BC Hydro,BC,British Columbia,1,ac,10.0,6.173,59.74,36.877,69,22.96,3.84,43,73,Lajoie GS,BC_LAJ_GSS,Tyax Lake JCT,BC_TXL_JCT,,BC_LAJ_GSS,BC_TXL_JCT,43,73,22.96,3.84,59.74,69,47.7778,LAJ_GSS_TXL_JCT,69kV,69_LAJ_GSS,69_TXL_JCT,10.0,69
32315,60L022,BC Hydro,BC,British Columbia,1,ac,49.74,30.704,59.74,36.877,69,22.96,19.11,43,73,Tyax Lake JCT,BC_TXL_JCT,Bridge River 1 GS,BC_BR1_GSS,,BC_TXL_JCT,BC_BR1_GSS,43,73,22.96,19.11,59.74,69,47.7778,TXL_JCT_BR1_GSS,69kV,69_TXL_JCT,69_BR1_GSS,49.74,69
32316,60L022TXL,BC Hydro,BC,British Columbia,1,ac,0.065,0.04,0.065,0.04,69,0.03,0.03,43,73,Tyax Lake JCT,BC_TXL_JCT,Tyax Lake,BC_TXL_DSS,,BC_TXL_JCT,BC_TXL_DSS,43,73,0.03,0.03,0.065,69,47.7778,TXL_JCT_TXL_DSS,69kV,69_TXL_JCT,69_TXL_DSS,0.065,69
32317,60L023,BC Hydro,BC,British Columbia,1,ac,14.777,9.122,14.777,9.122,69,5.68,5.68,66,84,Stave Falls GS,BC_SFL_GSS,Haney,BC_HNY_DSS,,BC_SFL_GSS,BC_HNY_DSS,66,84,5.68,5.68,14.777,69,73.3333,SFL_GSS_HNY_DSS,69kV,69_SFL_GSS,69_HNY_DSS,14.777,69
32318,60L025,BC Hydro,BC,British Columbia,1,ac,6.943,4.286,6.943,4.286,69,2.67,2.67,36,39,Murrin,BC_MUR_DSS,Sperling,BC_SPG_DSS,,BC_MUR_DSS,BC_SPG_DSS,36,39,2.67,2.67,6.943,69,40.0,MUR_DSS_SPG_DSS,69kV,69_MUR_DSS,69_SPG_DSS,6.943,69
32319,60L026,BC Hydro,BC,British Columbia,1,ac,7.605,4.695,7.605,4.695,69,2.92,2.92,66,84,Como Lake,BC_COK_DSS,Barnard,BC_BND_DSS,,BC_COK_DSS,BC_BND_DSS,66,84,2.92,2.92,7.605,69,73.3333,COK_DSS_BND_DSS,69kV,69_COK_DSS,69_BND_DSS,7.605,69
32320,60L027,BC Hydro,BC,British Columbia,1,ac,7.967,4.918,7.967,4.918,69,3.06,3.06,81,86,Kidd #1,BC_KI1_DSS,Sperling,BC_SPG_DSS,,BC_KI1_DSS,BC_SPG_DSS,81,86,3.06,3.06,7.967,69,90.0,KI1_DSS_SPG_DSS,69kV,69_KI1_DSS,69_SPG_DSS,7.967,69
32321,60L028,BC Hydro,BC,British Columbia,1,ac,2.74,1.691,2.74,1.691,69,1.05,1.05,76,81,George Dickie,BC_GDK_DSS,Sperling,BC_SPG_DSS,,BC_GDK_DSS,BC_SPG_DSS,76,81,1.05,1.05,2.74,69,84.4444,GDK_DSS_SPG_DSS,69kV,69_GDK_DSS,69_SPG_DSS,2.74,69
32322,60L029,BC Hydro,BC,British Columbia,1,ac,39.64,24.469,57.94,35.765,69,22.27,15.23,48,69,Ashcroft JCT,BC_AFT_JCT,Spences Bridge,BC_SBR_DSS,,BC_AFT_JCT,BC_SBR_DSS,48,69,22.27,15.23,57.94,69,53.3333,AFT_JCT_SBR_DSS,69kV,69_AFT_JCT,69_SBR_DSS,39.64,69
32323,60L029,BC Hydro,BC,British Columbia,1,ac,5.0,3.086,57.94,35.765,69,22.27,1.92,48,69,Cache Creek JCT,BC_CCW_JCT,Ashcroft JCT,BC_AFT_JCT,,BC_CCW_JCT,BC_AFT_JCT,48,69,22.27,1.92,57.94,69,53.3333,CCW_JCT_AFT_JCT,69kV,69_CCW_JCT,69_AFT_JCT,5.0,69
32324,60L029,BC Hydro,BC,British Columbia,1,ac,13.3,8.21,57.94,35.765,69,22.27,5.11,48,69,Carquille,BC_CRQ_DSS,Cache Creek JCT,BC_CCW_JCT,,BC_CRQ_DSS,BC_CCW_JCT,48,69,22.27,5.11,57.94,69,53.3333,CRQ_DSS_CCW_JCT,69kV,69_CRQ_DSS,69_CCW_JCT,13.3,69
32325,60L029AFT,BC Hydro,BC,British Columbia,1,ac,0.03,0.019,0.03,0.019,69,0.01,0.01,56,71,Ashcroft JCT,BC_AFT_JCT,Ashcroft,BC_AFT_DSS,,BC_AFT_JCT,BC_AFT_DSS,56,71,0.01,0.01,0.03,69,62.2222,AFT_JCT_AFT_DSS,69kV,69_AFT_JCT,69_AFT_DSS,0.03,69
32326,60L029CCW,BC Hydro,BC,British Columbia,1,ac,0.04,0.025,0.04,0.025,69,0.02,0.02,56,71,Cache Creek JCT,BC_CCW_JCT,Cache Creek,BC_CCW_DSS,,BC_CCW_JCT,BC_CCW_DSS,56,71,0.02,0.02,0.04,69,62.2222,CCW_JCT_CCW_DSS,69kV,69_CCW_JCT,69_CCW_DSS,0.04,69
32327,60L030,BC Hydro,BC,British Columbia,1,ac,5.08,3.136,5.08,3.136,69,1.95,1.95,76,81,Kidd #1,BC_KI1_DSS,George Dickie,BC_GDK_DSS,,BC_KI1_DSS,BC_GDK_DSS,76,81,1.95,1.95,5.08,69,84.4444,KI1_DSS_GDK_DSS,69kV,69_KI1_DSS,69_GDK_DSS,5.08,69
32328,60L031,BC Hydro,BC,British Columbia,1,ac,1.5,0.926,8.42,5.198,69,3.24,0.58,92,107,Annacis Island JCT,BC_ANN_JCT,Annacis Island Wastewater Treatment Plant JCT,BC_AWT_JCT,,BC_ANN_JCT,BC_AWT_JCT,92,107,3.24,0.58,8.42,69,102.2222,ANN_JCT_AWT_JCT,69kV,69_ANN_JCT,69_AWT_JCT,1.5,69
32329,60L031,BC Hydro,BC,British Columbia,1,ac,0.2,0.123,8.42,5.198,69,3.24,0.08,92,107,Annacis Island JCT,BC_ANN_JCT,Longo Developments JCT,BC_DVM_JCT,,BC_ANN_JCT,BC_DVM_JCT,92,107,3.24,0.08,8.42,69,102.2222,ANN_JCT_DVM_JCT,69kV,69_ANN_JCT,69_DVM_JCT,0.2,69
32330,60L031,BC Hydro,BC,British Columbia,1,ac,3.32,2.049,8.42,5.198,69,3.24,1.28,92,107,Annacis Island Wastewater Treatment Plant JCT,BC_AWT_JCT,Ingledow,BC_ING_DSS,,BC_AWT_JCT,BC_ING_DSS,92,107,3.24,1.28,8.42,69,102.2222,AWT_JCT_ING_DSS,69kV,69_AWT_JCT,69_ING_DSS,3.32,69
32331,60L031,BC Hydro,BC,British Columbia,1,ac,1.5,0.926,8.42,5.198,69,3.24,0.58,56,58,Big Bend,BC_BBS_DSS,Tree Island Industries JCT,BC_TII_JCT,,BC_BBS_DSS,BC_TII_JCT,56,58,3.24,0.58,8.42,69,62.2222,BBS_DSS_TII_JCT,69kV,69_BBS_DSS,69_TII_JCT,1.5,69
32332,60L031,BC Hydro,BC,British Columbia,1,ac,1.7,1.049,8.42,5.198,69,3.24,0.65,56,58,Longo Developments JCT,BC_DVM_JCT,Queensborough JCT,BC_QBS_JCT,,BC_DVM_JCT,BC_QBS_JCT,56,58,3.24,0.65,8.42,69,62.2222,DVM_JCT_QBS_JCT,69kV,69_DVM_JCT,69_QBS_JCT,1.7,69
32333,60L031,BC Hydro,BC,British Columbia,1,ac,0.2,0.123,8.42,5.198,69,3.24,0.08,56,58,Queensborough JCT,BC_QBS_JCT,Tree Island Industries JCT,BC_TII_JCT,,BC_QBS_JCT,BC_TII_JCT,56,58,3.24,0.08,8.42,69,62.2222,QBS_JCT_TII_JCT,69kV,69_QBS_JCT,69_TII_JCT,0.2,69
32334,60L031ANN,BC Hydro,BC,British Columbia,1,ac,0.031,0.019,0.031,0.019,69,0.01,0.01,92,107,Annacis Island JCT,BC_ANN_JCT,Annacis Island,BC_ANN_DSS,,BC_ANN_JCT,BC_ANN_DSS,92,107,0.01,0.01,0.031,69,102.2222,ANN_JCT_ANN_DSS,69kV,69_ANN_JCT,69_ANN_DSS,0.031,69
32335,60L031AWT,BC Hydro,BC,British Columbia,1,ac,1.559,0.962,1.559,0.962,69,0.6,0.6,57,69,Annacis Island Wastewater Treatment Plant JCT,BC_AWT_JCT,Annacis Island Wastewater Treatment Plant,BC_AWT_ISS,,BC_AWT_JCT,BC_AWT_ISS,57,69,0.6,0.6,1.559,69,63.3333,AWT_JCT_AWT_ISS,69kV,69_AWT_JCT,69_AWT_ISS,1.559,69
32336,60L031DVM,BC Hydro,BC,British Columbia,1,ac,0.2,0.123,0.2,0.123,69,0.08,0.08,92,107,Longo Developments JCT,BC_DVM_JCT,Longo Developments,BC_DVM_ISS,,BC_DVM_JCT,BC_DVM_ISS,92,107,0.08,0.08,0.2,69,102.2222,DVM_JCT_DVM_ISS,69kV,69_DVM_JCT,69_DVM_ISS,0.2,69
32337,60L031QBS,BC Hydro,BC,British Columbia,1,ac,0.1,0.062,0.1,0.062,69,0.04,0.04,75,92,Queensborough JCT,BC_QBS_JCT,Queensborough,BC_QBS_DSS,,BC_QBS_JCT,BC_QBS_DSS,75,92,0.04,0.04,0.1,69,83.3333,QBS_JCT_QBS_DSS,69kV,69_QBS_JCT,69_QBS_DSS,0.1,69
32338,60L031TII,BC Hydro,BC,British Columbia,1,ac,1.7,1.049,1.7,1.049,69,0.65,0.65,56,58,Tree Island Industries JCT,BC_TII_JCT,Tree Island Industries,BC_TII_DSS,,BC_TII_JCT,BC_TII_DSS,56,58,0.65,0.65,1.7,69,62.2222,TII_JCT_TII_DSS,69kV,69_TII_JCT,69_TII_DSS,1.7,69
32339,60L032,BC Hydro,BC,British Columbia,1,ac,3.0,1.852,17.93,11.068,69,6.89,1.15,92,107,Big Bend,BC_BBS_DSS,Crown Paper JCT,BC_NAC_JCT,,BC_BBS_DSS,BC_NAC_JCT,92,107,6.89,1.15,17.93,69,102.2222,BBS_DSS_NAC_JCT,69kV,69_BBS_DSS,69_NAC_JCT,3.0,69
32340,60L032,BC Hydro,BC,British Columbia,1,ac,3.0,1.852,17.93,11.068,69,6.89,1.15,92,107,Crown Paper JCT,BC_NAC_JCT,Annacis Island JCT,BC_ANN_JCT,,BC_NAC_JCT,BC_ANN_JCT,92,107,6.89,1.15,17.93,69,102.2222,NAC_JCT_ANN_JCT,69kV,69_NAC_JCT,69_ANN_JCT,3.0,69
32341,60L032,BC Hydro,BC,British Columbia,1,ac,2.5,1.543,17.93,11.068,69,6.89,0.96,92,107,Crown Paper JCT,BC_NAC_JCT,Seegen GS,BC_SEE_GSS,,BC_NAC_JCT,BC_SEE_GSS,92,107,6.89,0.96,17.93,69,102.2222,NAC_JCT_SEE_GSS,69kV,69_NAC_JCT,69_SEE_GSS,2.5,69
32342,60L032,BC Hydro,BC,British Columbia,1,ac,1.0,0.617,17.93,11.068,69,6.89,0.38,85,110,Kidd #1,BC_KI1_DSS,Westcoast Cellufibre JCT,BC_WCF_JCT,,BC_KI1_DSS,BC_WCF_JCT,85,110,6.89,0.38,17.93,69,94.4444,KI1_DSS_WCF_JCT,69kV,69_KI1_DSS,69_WCF_JCT,1.0,69
32343,60L032,BC Hydro,BC,British Columbia,1,ac,8.43,5.204,17.93,11.068,69,6.89,3.24,73,79,Westcoast Cellufibre JCT,BC_WCF_JCT,Big Bend,BC_BBS_DSS,,BC_WCF_JCT,BC_BBS_DSS,73,79,6.89,3.24,17.93,69,81.1111,WCF_JCT_BBS_DSS,69kV,69_WCF_JCT,69_BBS_DSS,8.43,69
32344,60L032NAC,BC Hydro,BC,British Columbia,1,ac,2.0,1.235,2.0,1.235,69,0.77,0.77,36,39,Crown Paper JCT,BC_NAC_JCT,Crown Paper,BC_NAC_ISS,,BC_NAC_JCT,BC_NAC_ISS,36,39,0.77,0.77,2.0,69,40.0,NAC_JCT_NAC_ISS,69kV,69_NAC_JCT,69_NAC_ISS,2.0,69
32345,60L032WCF,BC Hydro,BC,British Columbia,1,ac,0.027,0.016,0.027,0.016,69,0.01,0.01,36,39,Westcoast Cellufibre JCT,BC_WCF_JCT,Westcoast Cellufibre,BC_WCF_ISS,,BC_WCF_JCT,BC_WCF_ISS,36,39,0.01,0.01,0.027,69,40.0,WCF_JCT_WCF_ISS,69kV,69_WCF_JCT,69_WCF_ISS,0.027,69
32346,60L033,BC Hydro,BC,British Columbia,1,ac,0.012,0.007,0.012,0.007,69,0.0,0.0,85,109,Sea Island,BC_SEA_DSS,Vancouver International Airport,BC_YVR_ISS,,BC_SEA_DSS,BC_YVR_ISS,85,109,0.0,0.0,0.012,69,94.4444,SEA_DSS_YVR_ISS,69kV,69_SEA_DSS,69_YVR_ISS,0.012,69
32347,60L035,BC Hydro,BC,British Columbia,1,ac,7.615,4.701,10.4,6.42,69,4.0,2.93,85,109,Newell,BC_NEL_DSS,Barnard,BC_BND_DSS,,BC_NEL_DSS,BC_BND_DSS,85,109,4.0,2.93,10.4,69,94.4444,NEL_DSS_BND_DSS,69kV,69_NEL_DSS,69_BND_DSS,7.615,69
32348,60L035,BC Hydro,BC,British Columbia,1,ac,2.785,1.719,10.4,6.42,69,4.0,1.07,96,116,Newell,BC_NEL_DSS,New Westminster,BC_NWR_DSS,,BC_NEL_DSS,BC_NWR_DSS,96,116,4.0,1.07,10.4,69,106.6667,NEL_DSS_NWR_DSS,69kV,69_NEL_DSS,69_NWR_DSS,2.785,69
32349,60L036,BC Hydro,BC,British Columbia,1,ac,7.642,4.717,7.642,4.717,69,2.94,2.94,72,92,Newell,BC_NEL_DSS,Barnard,BC_BND_DSS,,BC_NEL_DSS,BC_BND_DSS,72,92,2.94,2.94,7.642,69,80.0,NEL_DSS_BND_DSS,69kV,69_NEL_DSS,69_BND_DSS,7.642,69
32350,60L037,BC Hydro,BC,British Columbia,1,ac,0.728,0.449,0.728,0.449,69,0.28,0.28,99,119,Kidd #2,BC_KI2_DSS,Kidd #1,BC_KI2_DSS,,BC_KI2_DSS,BC_KI2_DSS,99,119,0.28,0.28,0.728,69,110.0,KI2_DSS_KI2_DSS,69kV,69_KI2_DSS,69_KI2_DSS,0.728,69
32351,60L038,BC Hydro,BC,British Columbia,1,ac,0.723,0.446,0.723,0.446,69,0.28,0.28,99,119,Kidd #2,BC_KI2_DSS,Kidd #1,BC_KI1_DSS,,BC_KI2_DSS,BC_KI1_DSS,99,119,0.28,0.28,0.723,69,110.0,KI2_DSS_KI1_DSS,69kV,69_KI2_DSS,69_KI1_DSS,0.723,69
32352,60L039,BC Hydro,BC,British Columbia,1,ac,4.0,2.469,9.04,5.58,69,3.47,1.54,83,107,Bingham JCT,BC_BMP_JCT,Barnard,BC_BND_DSS,,BC_BMP_JCT,BC_BND_DSS,83,107,3.47,1.54,9.04,69,92.2222,BMP_JCT_BND_DSS,69kV,69_BMP_JCT,69_BND_DSS,4.0,69
32353,60L039,BC Hydro,BC,British Columbia,1,ac,4.04,2.494,9.04,5.58,69,3.47,1.55,85,110,Horne Payne,BC_HPN_DSS,Lougheed JCT,BC_LOH_JCT,,BC_HPN_DSS,BC_LOH_JCT,85,110,3.47,1.55,9.04,69,94.4444,HPN_DSS_LOH_JCT,69kV,69_HPN_DSS,69_LOH_JCT,4.04,69
32354,60L039,BC Hydro,BC,British Columbia,1,ac,1.0,0.617,9.04,5.58,69,3.47,0.38,85,110,Lougheed JCT,BC_LOH_JCT,Bingham JCT,BC_BMP_JCT,,BC_LOH_JCT,BC_BMP_JCT,85,110,3.47,0.38,9.04,69,94.4444,LOH_JCT_BMP_JCT,69kV,69_LOH_JCT,69_BMP_JCT,1.0,69
32355,60L039BMP,BC Hydro,BC,British Columbia,1,ac,1.74,1.074,1.74,1.074,69,0.67,0.67,50,63,Bingham JCT,BC_BMP_JCT,Bingham,BC_BMP_DSS,,BC_BMP_JCT,BC_BMP_DSS,50,63,0.67,0.67,1.74,69,55.5556,BMP_JCT_BMP_DSS,69kV,69_BMP_JCT,69_BMP_DSS,1.74,69
32356,60L039LOH,BC Hydro,BC,British Columbia,1,ac,0.04,0.025,0.04,0.025,69,0.02,0.02,36,39,Lougheed JCT,BC_LOH_JCT,Lougheed,BC_LOH_DSS,,BC_LOH_JCT,BC_LOH_DSS,36,39,0.02,0.02,0.04,69,40.0,LOH_JCT_LOH_DSS,69kV,69_LOH_JCT,69_LOH_DSS,0.04,69
32357,60L040,BC Hydro,BC,British Columbia,1,ac,4.01,2.475,9.01,5.562,69,3.46,1.54,85,110,Horne Payne,BC_HPN_DSS,Lougheed JCT,BC_LOH_JCT,,BC_HPN_DSS,BC_LOH_JCT,85,110,3.46,1.54,9.01,69,94.4444,HPN_DSS_LOH_JCT,69kV,69_HPN_DSS,69_LOH_JCT,4.01,69
32358,60L040,BC Hydro,BC,British Columbia,1,ac,5.0,3.086,9.01,5.562,69,3.46,1.92,83,107,Lougheed JCT,BC_LOH_JCT,Barnard,BC_BND_DSS,,BC_LOH_JCT,BC_BND_DSS,83,107,3.46,1.92,9.01,69,92.2222,LOH_JCT_BND_DSS,69kV,69_LOH_JCT,69_BND_DSS,5.0,69
32359,60L040LOH,BC Hydro,BC,British Columbia,1,ac,0.01,0.006,0.01,0.006,69,0.0,0.0,36,39,Lougheed JCT,BC_LOH_JCT,Lougheed,BC_LOH_DSS,,BC_LOH_JCT,BC_LOH_DSS,36,39,0.0,0.0,0.01,69,40.0,LOH_JCT_LOH_DSS,69kV,69_LOH_JCT,69_LOH_DSS,0.01,69
32360,60L041,BC Hydro,BC,British Columbia,1,ac,3.136,1.936,3.136,1.936,69,1.21,1.21,19,19,Kidd #1,BC_KI1_DSS,Richmond Steel Recycling,BC_RSR_ISS,,BC_KI1_DSS,BC_RSR_ISS,19,19,1.21,1.21,3.136,69,21.1111,KI1_DSS_RSR_ISS,69kV,69_KI1_DSS,69_RSR_ISS,3.136,69
32361,60L042,BC Hydro,BC,British Columbia,1,ac,12.807,7.906,12.807,7.906,69,4.92,4.92,50,63,Kidd #2,BC_KI2_DSS,Lafarge #1,BC_LF1_ISS,,BC_KI2_DSS,BC_LF1_ISS,50,63,4.92,4.92,12.807,69,55.5556,KI2_DSS_LF1_ISS,69kV,69_KI2_DSS,69_LF1_ISS,12.807,69
32362,60L043,BC Hydro,BC,British Columbia,1,ac,1.0,0.617,4.95,3.056,69,1.9,0.38,132,171,Kidd #2,BC_KI2_DSS,Sea Island JCT,BC_SEA_JCT,,BC_KI2_DSS,BC_SEA_JCT,132,171,1.9,0.38,4.95,69,146.6667,KI2_DSS_SEA_JCT,69kV,69_KI2_DSS,69_SEA_JCT,1.0,69
32363,60L043,BC Hydro,BC,British Columbia,1,ac,3.95,2.438,4.95,3.056,69,1.9,1.52,85,110,Sea Island JCT,BC_SEA_JCT,Richmond,BC_RIM_DSS,,BC_SEA_JCT,BC_RIM_DSS,85,110,1.9,1.52,4.95,69,94.4444,SEA_JCT_RIM_DSS,69kV,69_SEA_JCT,69_RIM_DSS,3.95,69
32364,60L043SEA,BC Hydro,BC,British Columbia,1,ac,2.756,1.701,2.756,1.701,69,1.06,1.06,69,75,Sea Island JCT,BC_SEA_JCT,Sea Island,BC_SEA_DSS,,BC_SEA_JCT,BC_SEA_DSS,69,75,1.06,1.06,2.756,69,76.6667,SEA_JCT_SEA_DSS,69kV,69_SEA_JCT,69_SEA_DSS,2.756,69
32365,60L044,BC Hydro,BC,British Columbia,1,ac,1.0,0.617,4.95,3.056,69,1.9,0.38,132,171,Kidd #2,BC_KI2_DSS,Sea Island JCT,BC_SEA_JCT,,BC_KI2_DSS,BC_SEA_JCT,132,171,1.9,0.38,4.95,69,146.6667,KI2_DSS_SEA_JCT,69kV,69_KI2_DSS,69_SEA_JCT,1.0,69
32366,60L044,BC Hydro,BC,British Columbia,1,ac,3.95,2.438,4.95,3.056,69,1.9,1.52,85,110,Sea Island JCT,BC_SEA_JCT,Richmond,BC_RIM_DSS,,BC_SEA_JCT,BC_RIM_DSS,85,110,1.9,1.52,4.95,69,94.4444,SEA_JCT_RIM_DSS,69kV,69_SEA_JCT,69_RIM_DSS,3.95,69
32367,60L044SEA,BC Hydro,BC,British Columbia,1,ac,2.61,1.611,2.61,1.611,69,1.0,1.0,69,75,Sea Island JCT,BC_SEA_JCT,Sea Island,BC_SEA_DSS,,BC_SEA_JCT,BC_SEA_DSS,69,75,1.0,1.0,2.61,69,76.6667,SEA_JCT_SEA_DSS,69kV,69_SEA_JCT,69_SEA_DSS,2.61,69
32368,60L045,BC Hydro,BC,British Columbia,1,ac,0.729,0.45,0.729,0.45,69,0.28,0.28,99,119,Kidd #2,BC_KI2_DSS,Kidd #1,BC_KI1_DSS,,BC_KI2_DSS,BC_KI1_DSS,99,119,0.28,0.28,0.729,69,110.0,KI2_DSS_KI1_DSS,69kV,69_KI2_DSS,69_KI1_DSS,0.729,69
32369,60L046,BC Hydro,BC,British Columbia,1,ac,0.719,0.444,0.719,0.444,69,0.28,0.28,99,119,Kidd #2,BC_KI2_DSS,Kidd #1,BC_KI1_DSS,,BC_KI2_DSS,BC_KI1_DSS,99,119,0.28,0.28,0.719,69,110.0,KI2_DSS_KI1_DSS,69kV,69_KI2_DSS,69_KI1_DSS,0.719,69
32370,60L047,BC Hydro,BC,British Columbia,1,ac,10.0,6.173,32.04,19.778,69,12.31,3.84,102,135,Atchelitz,BC_ALZ_DSS,Trans Mountain JCT,BC_TMO_JCT,,BC_ALZ_DSS,BC_TMO_JCT,102,135,12.31,3.84,32.04,69,113.3333,ALZ_DSS_TMO_JCT,69kV,69_ALZ_DSS,69_TMO_JCT,10.0,69
32371,60L047,BC Hydro,BC,British Columbia,1,ac,2.04,1.259,32.04,19.778,69,12.31,0.78,83,107,Sumas Way JCT,BC_SMW_JCT,Abbotsford,BC_ABT_DSS,,BC_SMW_JCT,BC_ABT_DSS,83,107,12.31,0.78,32.04,69,92.2222,SMW_JCT_ABT_DSS,69kV,69_SMW_JCT,69_ABT_DSS,2.04,69
32372,60L047,BC Hydro,BC,British Columbia,1,ac,20.0,12.346,32.04,19.778,69,12.31,7.69,83,107,Trans Mountain JCT,BC_TMO_JCT,Sumas Way JCT,BC_SMW_JCT,,BC_TMO_JCT,BC_SMW_JCT,83,107,12.31,7.69,32.04,69,92.2222,TMO_JCT_SMW_JCT,69kV,69_TMO_JCT,69_SMW_JCT,20.0,69
32373,60L047SMW,BC Hydro,BC,British Columbia,1,ac,0.036,0.022,0.036,0.022,69,0.01,0.01,36,39,Sumas Way JCT,BC_SMW_JCT,Sumas Way,BC_SMW_DSS,,BC_SMW_JCT,BC_SMW_DSS,36,39,0.01,0.01,0.036,69,40.0,SMW_JCT_SMW_DSS,69kV,69_SMW_JCT,69_SMW_DSS,0.036,69
32374,60L047TMO,BC Hydro,BC,British Columbia,1,ac,6.791,4.192,6.791,4.192,69,2.61,2.61,50,63,Trans Mountain JCT,BC_TMO_JCT,Trans Mountain,BC_TMO_DSS,,BC_TMO_JCT,BC_TMO_DSS,50,63,2.61,2.61,6.791,69,55.5556,TMO_JCT_TMO_DSS,69kV,69_TMO_JCT,69_TMO_DSS,6.791,69
32375,60L048,BC Hydro,BC,British Columbia,1,ac,10.0,6.173,32.04,19.778,69,12.31,3.84,102,135,Atchelitz,BC_ALZ_DSS,Trans Mountain JCT,BC_TMO_JCT,,BC_ALZ_DSS,BC_TMO_JCT,102,135,12.31,3.84,32.04,69,113.3333,ALZ_DSS_TMO_JCT,69kV,69_ALZ_DSS,69_TMO_JCT,10.0,69
32376,60L048,BC Hydro,BC,British Columbia,1,ac,2.04,1.259,32.04,19.778,69,12.31,0.78,85,109,Sumas Way JCT,BC_SMW_JCT,Abbotsford,BC_ABT_DSS,,BC_SMW_JCT,BC_ABT_DSS,85,109,12.31,0.78,32.04,69,94.4444,SMW_JCT_ABT_DSS,69kV,69_SMW_JCT,69_ABT_DSS,2.04,69
32377,60L048,BC Hydro,BC,British Columbia,1,ac,20.0,12.346,32.04,19.778,69,12.31,7.69,85,109,Trans Mountain JCT,BC_TMO_JCT,Sumas Way JCT,BC_SMW_JCT,,BC_TMO_JCT,BC_SMW_JCT,85,109,12.31,7.69,32.04,69,94.4444,TMO_JCT_SMW_JCT,69kV,69_TMO_JCT,69_SMW_JCT,20.0,69
32378,60L048SMW,BC Hydro,BC,British Columbia,1,ac,0.068,0.042,0.068,0.042,69,0.03,0.03,36,39,Sumas Way JCT,BC_SMW_JCT,Sumas Way,BC_SMW_DSS,,BC_SMW_JCT,BC_SMW_DSS,36,39,0.03,0.03,0.068,69,40.0,SMW_JCT_SMW_DSS,69kV,69_SMW_JCT,69_SMW_DSS,0.068,69
32379,60L048TMO,BC Hydro,BC,British Columbia,1,ac,6.791,4.192,6.791,4.192,69,2.61,2.61,36,39,Trans Mountain JCT,BC_TMO_JCT,Trans Mountain,BC_TMO_DSS,,BC_TMO_JCT,BC_TMO_DSS,36,39,2.61,2.61,6.791,69,40.0,TMO_JCT_TMO_DSS,69kV,69_TMO_JCT,69_TMO_DSS,6.791,69
32380,60L050,BC Hydro,BC,British Columbia,1,ac,2.423,1.495,2.423,1.495,69,0.93,0.93,51,54,Murrin,BC_MUR_DSS,Dal Grauer,BC_DGR_DSS,,BC_MUR_DSS,BC_DGR_DSS,51,54,0.93,0.93,2.423,69,56.6667,MUR_DSS_DGR_DSS,69kV,69_MUR_DSS,69_DGR_DSS,2.423,69
32381,60L051,BC Hydro,BC,British Columbia,1,ac,2.456,1.516,2.456,1.516,69,0.94,0.94,51,54,Murrin,BC_MUR_DSS,Dal Grauer,BC_DGR_DSS,,BC_MUR_DSS,BC_DGR_DSS,51,54,0.94,0.94,2.456,69,56.6667,MUR_DSS_DGR_DSS,69kV,69_MUR_DSS,69_DGR_DSS,2.456,69
32382,60L052,BC Hydro,BC,British Columbia,1,ac,2.606,1.609,2.606,1.609,69,1.0,1.0,51,54,Murrin,BC_MUR_DSS,Dal Grauer,BC_DGR_DSS,,BC_MUR_DSS,BC_DGR_DSS,51,54,1.0,1.0,2.606,69,56.6667,MUR_DSS_DGR_DSS,69kV,69_MUR_DSS,69_DGR_DSS,2.606,69
32383,60L053,BC Hydro,BC,British Columbia,1,ac,2.459,1.518,2.459,1.518,69,0.94,0.94,51,54,Murrin,BC_MUR_DSS,Dal Grauer,BC_DGR_DSS,,BC_MUR_DSS,BC_DGR_DSS,51,54,0.94,0.94,2.459,69,56.6667,MUR_DSS_DGR_DSS,69kV,69_MUR_DSS,69_DGR_DSS,2.459,69
32384,60L054,BC Hydro,BC,British Columbia,1,ac,2.0,1.235,2.68,1.654,69,1.03,0.77,45,58,Barnard,BC_BND_DSS,Simon Fraser University JCT,BC_SFU_JCT,,BC_BND_DSS,BC_SFU_JCT,45,58,1.03,0.77,2.68,69,50.0,BND_DSS_SFU_JCT,69kV,69_BND_DSS,69_SFU_JCT,2.0,69
32385,60L054,BC Hydro,BC,British Columbia,1,ac,0.68,0.42,2.68,1.654,69,1.03,0.26,50,63,Simon Fraser University JCT,BC_SFU_JCT,Petro Canada Products,BC_PCP_ISS,,BC_SFU_JCT,BC_PCP_ISS,50,63,1.03,0.26,2.68,69,55.5556,SFU_JCT_PCP_ISS,69kV,69_SFU_JCT,69_PCP_ISS,0.68,69
32386,60L054SFU,BC Hydro,BC,British Columbia,1,ac,1.476,0.911,1.476,0.911,69,0.57,0.57,57,68,Simon Fraser University JCT,BC_SFU_JCT,Simon Fraser University,BC_SFU_DSS,,BC_SFU_JCT,BC_SFU_DSS,57,68,0.57,0.57,1.476,69,63.3333,SFU_JCT_SFU_DSS,69kV,69_SFU_JCT,69_SFU_DSS,1.476,69
32387,60L055,BC Hydro,BC,British Columbia,1,ac,18.705,11.546,18.705,11.546,69,7.19,7.19,59,67,Jamie Creek GS,BC_JME_GSS,Lajoie GS,BC_LAJ_GSS,,BC_JME_GSS,BC_LAJ_GSS,59,67,7.19,7.19,18.705,69,65.5556,JME_GSS_LAJ_GSS,69kV,69_JME_GSS,69_LAJ_GSS,18.705,69
32388,60L056,BC Hydro,BC,British Columbia,1,ac,8.41,5.191,8.41,5.191,69,3.23,3.23,67,69,Sperling,BC_SPG_DSS,University of BC,BC_UNY_DSS,Includes underground line portion,BC_SPG_DSS,BC_UNY_DSS,67,69,3.23,3.23,8.41,69,74.4444,SPG_DSS_UNY_DSS,69kV,69_SPG_DSS,69_UNY_DSS,8.41,69
32389,60L057,BC Hydro,BC,British Columbia,1,ac,3.0,1.852,5.95,3.673,69,2.29,1.15,96,115,Camosun,BC_CSN_DSS,South Campus JCT,BC_UNS_JCT,,BC_CSN_DSS,BC_UNS_JCT,96,115,2.29,1.15,5.95,69,106.6667,CSN_DSS_UNS_JCT,69kV,69_CSN_DSS,69_UNS_JCT,3.0,69
32390,60L057,BC Hydro,BC,British Columbia,1,ac,2.95,1.821,5.95,3.673,69,2.29,1.13,76,81,Sperling,BC_SPG_DSS,Camosun,BC_CSN_DSS,,BC_SPG_DSS,BC_CSN_DSS,76,81,2.29,1.13,5.95,69,84.4444,SPG_DSS_CSN_DSS,69kV,69_SPG_DSS,69_CSN_DSS,2.95,69
32391,60L057UNS,BC Hydro,BC,British Columbia,1,ac,0.412,0.254,0.412,0.254,69,0.16,0.16,50,63,South Campus JCT,BC_UNS_JCT,South Campus,BC_UNS_DSS,,BC_UNS_JCT,BC_UNS_DSS,50,63,0.16,0.16,0.412,69,55.5556,UNS_JCT_UNS_DSS,69kV,69_UNS_JCT,69_UNS_DSS,0.412,69
32392,60L057UNY,BC Hydro,BC,British Columbia,1,ac,2.13,1.315,2.13,1.315,69,0.82,0.82,53,56,South Campus JCT,BC_UNS_JCT,University of BC,BC_UNY_DSS,,BC_UNS_JCT,BC_UNY_DSS,53,56,0.82,0.82,2.13,69,58.8889,UNS_JCT_UNY_DSS,69kV,69_UNS_JCT,69_UNY_DSS,2.13,69
32393,60L058,BC Hydro,BC,British Columbia,1,ac,4.0,2.469,8.0,4.938,69,3.07,1.54,83,107,Arnott,BC_ARN_DSS,Tsawassen JCT,BC_TSW_JCT,,BC_ARN_DSS,BC_TSW_JCT,83,107,3.07,1.54,8.0,69,92.2222,ARN_DSS_TSW_JCT,69kV,69_ARN_DSS,69_TSW_JCT,4.0,69
32394,60L058,BC Hydro,BC,British Columbia,1,ac,4.0,2.469,8.0,4.938,69,3.07,1.54,83,107,Tsawassen JCT,BC_TSW_JCT,Delta Port Terminal JCT,BC_DPT_JCT,,BC_TSW_JCT,BC_DPT_JCT,83,107,3.07,1.54,8.0,69,92.2222,TSW_JCT_DPT_JCT,69kV,69_TSW_JCT,69_DPT_JCT,4.0,69
32395,60L058DPT,BC Hydro,BC,British Columbia,1,ac,1.0,0.617,1.0,0.617,69,0.38,0.38,67,69,Delta Port Terminal JCT,BC_DPT_JCT,Delta Port Terminal,BC_DPT_DSS,,BC_DPT_JCT,BC_DPT_DSS,67,69,0.38,0.38,1.0,69,74.4444,DPT_JCT_DPT_DSS,69kV,69_DPT_JCT,69_DPT_DSS,1.0,69
32396,60L058TSW,BC Hydro,BC,British Columbia,1,ac,2.0,1.235,2.0,1.235,69,0.77,0.77,83,107,Tsawassen JCT,BC_TSW_JCT,Tsawassen,BC_TSW_DSS,,BC_TSW_JCT,BC_TSW_DSS,83,107,0.77,0.77,2.0,69,92.2222,TSW_JCT_TSW_DSS,69kV,69_TSW_JCT,69_TSW_DSS,2.0,69
32397,60L058WTL,BC Hydro,BC,British Columbia,1,ac,1.204,0.743,1.204,0.743,69,0.46,0.46,83,107,Delta Port Terminal JCT,BC_DPT_JCT,Westshore Terminals,BC_WTL_ISS,,BC_DPT_JCT,BC_WTL_ISS,83,107,0.46,0.46,1.204,69,92.2222,DPT_JCT_WTL_ISS,69kV,69_DPT_JCT,69_WTL_ISS,1.204,69
32398,60L059,BC Hydro,BC,British Columbia,1,ac,5.75,3.549,17.75,10.957,69,6.82,2.21,83,107,Arnott,BC_ARN_DSS,Tsawassen JCT,BC_TSW_JCT,,BC_ARN_DSS,BC_TSW_JCT,83,107,6.82,2.21,17.75,69,92.2222,ARN_DSS_TSW_JCT,69kV,69_ARN_DSS,69_TSW_JCT,5.75,69
32399,60L059,BC Hydro,BC,British Columbia,1,ac,6.0,3.704,17.75,10.957,69,6.82,2.31,96,115,Canadian Auto Parts Toyota JCT,BC_CAN_JCT,Arnott,BC_ARN_DSS,,BC_CAN_JCT,BC_ARN_DSS,96,115,6.82,2.31,17.75,69,106.6667,CAN_JCT_ARN_DSS,69kV,69_CAN_JCT,69_ARN_DSS,6.0,69
32400,60L059,BC Hydro,BC,British Columbia,1,ac,0.5,0.309,17.75,10.957,69,6.82,0.19,50,63,Lantic Real Property JCT,BC_LRP_JCT,Lehigh Heidelberg JCT,BC_LNH_JCT,,BC_LRP_JCT,BC_LNH_JCT,50,63,6.82,0.19,17.75,69,55.5556,LRP_JCT_LNH_JCT,69kV,69_LRP_JCT,69_LNH_JCT,0.5,69
32401,60L059,BC Hydro,BC,British Columbia,1,ac,1.1,0.679,17.75,10.957,69,6.82,0.42,96,115,Lehigh Heidelberg JCT,BC_LNH_JCT,Tilbury JCT,BC_TLB_JCT,,BC_LNH_JCT,BC_TLB_JCT,96,115,6.82,0.42,17.75,69,106.6667,LNH_JCT_TLB_JCT,69kV,69_LNH_JCT,69_TLB_JCT,1.1,69
32402,60L059,BC Hydro,BC,British Columbia,1,ac,0.4,0.247,17.75,10.957,69,6.82,0.15,96,115,Tilbury JCT,BC_TLB_JCT,Canadian Auto Parts Toyota JCT,BC_CAN_JCT,,BC_TLB_JCT,BC_CAN_JCT,96,115,6.82,0.15,17.75,69,106.6667,TLB_JCT_CAN_JCT,69kV,69_TLB_JCT,69_CAN_JCT,0.4,69
32403,60L059,BC Hydro,BC,British Columbia,1,ac,4.0,2.469,17.75,10.957,69,6.82,1.54,83,107,Tsawassen JCT,BC_TSW_JCT,Delta Port Terminal JCT,BC_DPT_JCT,,BC_TSW_JCT,BC_DPT_JCT,83,107,6.82,1.54,17.75,69,92.2222,TSW_JCT_DPT_JCT,69kV,69_TSW_JCT,69_DPT_JCT,4.0,69
32404,60L059BCI,BC Hydro,BC,British Columbia,1,ac,0.4,0.247,0.4,0.247,69,0.15,0.15,50,63,Buckeye,BC_BCI_ISS,Lantic Real Property JCT,BC_LRP_JCT,,BC_BCI_ISS,BC_LRP_JCT,50,63,0.15,0.15,0.4,69,55.5556,BCI_ISS_LRP_JCT,69kV,69_BCI_ISS,69_LRP_JCT,0.4,69
32405,60L059CAN,BC Hydro,BC,British Columbia,1,ac,0.01,0.006,0.01,0.006,69,0.0,0.0,96,115,Canadian Auto Parts Toyota JCT,BC_CAN_JCT,Canadian Auto Parts Toyota,BC_CAN_ISS,,BC_CAN_JCT,BC_CAN_ISS,96,115,0.0,0.0,0.01,69,106.6667,CAN_JCT_CAN_ISS,69kV,69_CAN_JCT,69_CAN_ISS,0.01,69
32406,60L059DPT,BC Hydro,BC,British Columbia,1,ac,0.05,0.031,0.05,0.031,69,0.02,0.02,67,69,Delta Port Terminal JCT,BC_DPT_JCT,Delta Port Terminal,BC_DPT_DSS,,BC_DPT_JCT,BC_DPT_DSS,67,69,0.02,0.02,0.05,69,74.4444,DPT_JCT_DPT_DSS,69kV,69_DPT_JCT,69_DPT_DSS,0.05,69
32407,60L059LNH,BC Hydro,BC,British Columbia,1,ac,0.2,0.123,0.2,0.123,69,0.08,0.08,50,63,Lehigh Heidelberg JCT,BC_LNH_JCT,Lehigh Heidelberg,BC_LNH_ISS,,BC_LNH_JCT,BC_LNH_ISS,50,63,0.08,0.08,0.2,69,55.5556,LNH_JCT_LNH_ISS,69kV,69_LNH_JCT,69_LNH_ISS,0.2,69
32408,60L059LRP,BC Hydro,BC,British Columbia,1,ac,0.02,0.012,0.02,0.012,69,0.01,0.01,50,63,Lantic Real Property JCT,BC_LRP_JCT,Lantic Real Property,BC_LRP_ISS,,BC_LRP_JCT,BC_LRP_ISS,50,63,0.01,0.01,0.02,69,55.5556,LRP_JCT_LRP_ISS,69kV,69_LRP_JCT,69_LRP_ISS,0.02,69
32409,60L059TLB,BC Hydro,BC,British Columbia,1,ac,0.5,0.309,0.5,0.309,69,0.19,0.19,96,115,Tilbury JCT,BC_TLB_JCT,Tilbury,BC_TLB_ISS,,BC_TLB_JCT,BC_TLB_ISS,96,115,0.19,0.19,0.5,69,106.6667,TLB_JCT_TLB_ISS,69kV,69_TLB_JCT,69_TLB_ISS,0.5,69
32410,60L059TSW,BC Hydro,BC,British Columbia,1,ac,3.0,1.852,3.0,1.852,69,1.15,1.15,83,107,Tsawassen JCT,BC_TSW_JCT,Tsawassen,BC_TSW_DSS,,BC_TSW_JCT,BC_TSW_DSS,83,107,1.15,1.15,3.0,69,92.2222,TSW_JCT_TSW_DSS,69kV,69_TSW_JCT,69_TSW_DSS,3.0,69
32411,60L060,BC Hydro,BC,British Columbia,1,ac,4.166,2.572,4.166,2.572,69,1.6,1.6,83,100,Newell,BC_NEL_DSS,New Westminster,BC_NWR_DSS,,BC_NEL_DSS,BC_NWR_DSS,83,100,1.6,1.6,4.166,69,92.2222,NEL_DSS_NWR_DSS,69kV,69_NEL_DSS,69_NWR_DSS,4.166,69
32412,60L061,BC Hydro,BC,British Columbia,1,ac,0.3,0.185,3.41,2.105,69,1.31,0.12,96,116,Brooksbank JCT,BC_BRB_JCT,Brooksbank,BC_BRB_ISS,,BC_BRB_JCT,BC_BRB_ISS,96,116,1.31,0.12,3.41,69,106.6667,BRB_JCT_BRB_ISS,69kV,69_BRB_JCT,69_BRB_ISS,0.3,69
32413,60L061,BC Hydro,BC,British Columbia,1,ac,1.81,1.117,3.41,2.105,69,1.31,0.7,96,116,Brooksbank JCT,BC_BRB_JCT,North Vancouver,BC_NVR_DSS,,BC_BRB_JCT,BC_NVR_DSS,96,116,1.31,0.7,3.41,69,106.6667,BRB_JCT_NVR_DSS,69kV,69_BRB_JCT,69_NVR_DSS,1.81,69
32414,60L061,BC Hydro,BC,British Columbia,1,ac,1.3,0.802,3.41,2.105,69,1.31,0.5,96,116,Walters,BC_WLT_DSS,Brooksbank JCT,BC_BRB_JCT,,BC_WLT_DSS,BC_BRB_JCT,96,116,1.31,0.5,3.41,69,106.6667,WLT_DSS_BRB_JCT,69kV,69_WLT_DSS,69_BRB_JCT,1.3,69
32415,60L062,BC Hydro,BC,British Columbia,1,ac,0.5,0.309,3.39,2.093,69,1.3,0.19,96,116,Neptune Bulk Terminal JCT,BC_LCS_JCT,Saskatchewan Wheat Pool JCT,BC_SWP_JCT,,BC_LCS_JCT,BC_SWP_JCT,96,116,1.3,0.19,3.39,69,106.6667,LCS_JCT_SWP_JCT,69kV,69_LCS_JCT,69_SWP_JCT,0.5,69
32416,60L062,BC Hydro,BC,British Columbia,1,ac,0.5,0.309,3.39,2.093,69,1.3,0.19,96,116,Saskatchewan Wheat Pool JCT,BC_SWP_JCT,North Vancouver,BC_NVR_DSS,,BC_SWP_JCT,BC_NVR_DSS,96,116,1.3,0.19,3.39,69,106.6667,SWP_JCT_NVR_DSS,69kV,69_SWP_JCT,69_NVR_DSS,0.5,69
32417,60L062,BC Hydro,BC,British Columbia,1,ac,2.39,1.475,3.39,2.093,69,1.3,0.92,96,116,Walters,BC_WLT_DSS,Neptune Bulk Terminal JCT,BC_LCS_JCT,,BC_WLT_DSS,BC_LCS_JCT,96,116,1.3,0.92,3.39,69,106.6667,WLT_DSS_LCS_JCT,69kV,69_WLT_DSS,69_LCS_JCT,2.39,69
32418,60L062LCS,BC Hydro,BC,British Columbia,1,ac,0.121,0.075,0.121,0.075,69,0.05,0.05,56,68,Neptune Bulk Terminal JCT,BC_LCS_JCT,Neptune Bulk Terminal,BC_LCS_ISS,,BC_LCS_JCT,BC_LCS_ISS,56,68,0.05,0.05,0.121,69,62.2222,LCS_JCT_LCS_ISS,69kV,69_LCS_JCT,69_LCS_ISS,0.121,69
32419,60L062SWP,BC Hydro,BC,British Columbia,1,ac,0.426,0.263,0.426,0.263,69,0.16,0.16,83,107,Saskatchewan Wheat Pool JCT,BC_SWP_JCT,Saskatchewan Wheat Pool,BC_SWP_ISS,,BC_SWP_JCT,BC_SWP_ISS,83,107,0.16,0.16,0.426,69,92.2222,SWP_JCT_SWP_ISS,69kV,69_SWP_JCT,69_SWP_ISS,0.426,69
32420,60L063,BC Hydro,BC,British Columbia,1,ac,1.0,0.617,4.88,3.012,69,1.88,0.38,99,119,James Richardson JCT,BC_JRI_JCT,Vancouver Dry Dock JCT,BC_VDK_JCT,,BC_JRI_JCT,BC_VDK_JCT,99,119,1.88,0.38,4.88,69,110.0,JRI_JCT_VDK_JCT,69kV,69_JRI_JCT,69_VDK_JCT,1.0,69
32421,60L063,BC Hydro,BC,British Columbia,1,ac,1.0,0.617,4.88,3.012,69,1.88,0.38,99,119,North Vancouver,BC_NVR_DSS,James Richardson JCT,BC_JRI_JCT,,BC_NVR_DSS,BC_JRI_JCT,99,119,1.88,0.38,4.88,69,110.0,NVR_DSS_JRI_JCT,69kV,69_NVR_DSS,69_JRI_JCT,1.0,69
32422,60L063,BC Hydro,BC,British Columbia,1,ac,1.88,1.16,4.88,3.012,69,1.88,0.72,99,119,Vancouver Dry Dock JCT,BC_VDK_JCT,Vancouver Shipyards JCT,BC_VSD_JCT,,BC_VDK_JCT,BC_VSD_JCT,99,119,1.88,0.72,4.88,69,110.0,VDK_JCT_VSD_JCT,69kV,69_VDK_JCT,69_VSD_JCT,1.88,69
32423,60L063,BC Hydro,BC,British Columbia,1,ac,1.0,0.617,4.88,3.012,69,1.88,0.38,99,119,Vancouver Shipyards JCT,BC_VSD_JCT,Northgate,BC_NOR_DSS,,BC_VSD_JCT,BC_NOR_DSS,99,119,1.88,0.38,4.88,69,110.0,VSD_JCT_NOR_DSS,69kV,69_VSD_JCT,69_NOR_DSS,1.0,69
32424,60L063JRI,BC Hydro,BC,British Columbia,1,ac,0.418,0.258,0.418,0.258,69,0.16,0.16,57,67,James Richardson JCT,BC_JRI_JCT,James Richardson,BC_JRI_DSS,,BC_JRI_JCT,BC_JRI_DSS,57,67,0.16,0.16,0.418,69,63.3333,JRI_JCT_JRI_DSS,69kV,69_JRI_JCT,69_JRI_DSS,0.418,69
32425,60L063VDK,BC Hydro,BC,British Columbia,1,ac,0.388,0.24,0.388,0.24,69,0.15,0.15,36,39,Vancouver Dry Dock JCT,BC_VDK_JCT,Vancouver Dry Dock,BC_VDK_ISS,,BC_VDK_JCT,BC_VDK_ISS,36,39,0.15,0.15,0.388,69,40.0,VDK_JCT_VDK_ISS,69kV,69_VDK_JCT,69_VDK_ISS,0.388,69
32426,60L063VSD,BC Hydro,BC,British Columbia,1,ac,0.098,0.06,0.098,0.06,69,0.04,0.04,36,39,Vancouver Shipyards JCT,BC_VSD_JCT,Vancouver Shipyards,BC_VSD _ISS,,BC_VSD_JCT,BC_VSD_ISS,36,39,0.04,0.04,0.098,69,40.0,VSD_JCT_VSD_ISS,69kV,69_VSD_JCT,69_VSD_ISS,0.098,69
32427,60L064,BC Hydro,BC,British Columbia,1,ac,8.853,5.465,8.853,5.465,69,3.4,3.4,88,110,Capilano,BC_CAP_DSS,Walters,BC_WLT_DSS,,BC_CAP_DSS,BC_WLT_DSS,88,110,3.4,3.4,8.853,69,97.7778,CAP_DSS_WLT_DSS,69kV,69_CAP_DSS,69_WLT_DSS,8.853,69
32428,60L065,BC Hydro,BC,British Columbia,1,ac,2.0,1.235,7.54,4.654,69,2.9,0.77,125,171,Hillcrest JCT,BC_HCT_JCT,Cypress,BC_CYP_DSS,,BC_HCT_JCT,BC_CYP_DSS,125,171,2.9,0.77,7.54,69,138.8889,HCT_JCT_CYP_DSS,69kV,69_HCT_JCT,69_CYP_DSS,2.0,69
32429,60L065,BC Hydro,BC,British Columbia,1,ac,5.54,3.42,7.54,4.654,69,2.9,2.13,83,107,John Lawson,BC_JLN_DSS,Hillcrest JCT,BC_HCT_JCT,,BC_JLN_DSS,BC_HCT_JCT,83,107,2.9,2.13,7.54,69,92.2222,JLN_DSS_HCT_JCT,69kV,69_JLN_DSS,69_HCT_JCT,5.54,69
32430,60L065HCT,BC Hydro,BC,British Columbia,1,ac,0.017,0.011,0.017,0.011,69,0.01,0.01,36,39,Hillcrest JCT,BC_HCT_JCT,Hillcrest,BC_HCT_DSS,,BC_HCT_JCT,BC_HCT_DSS,36,39,0.01,0.01,0.017,69,40.0,HCT_JCT_HCT_DSS,69kV,69_HCT_JCT,69_HCT_DSS,0.017,69
32431,60L066,BC Hydro,BC,British Columbia,1,ac,4.784,2.953,9.567,5.906,69,3.68,1.84,83,107,Capilano,BC_CAP_DSS,Capilano Pumps JCT,BC_CPS_JCT,,BC_CAP_DSS,BC_CPS_JCT,83,107,3.68,1.84,9.567,69,92.2222,CAP_DSS_CPS_JCT,69kV,69_CAP_DSS,69_CPS_JCT,4.784,69
32432,60L066,BC Hydro,BC,British Columbia,1,ac,4.784,2.953,9.567,5.906,69,3.68,1.84,83,107,Capilano Pumps JCT,BC_CPS_JCT,Glenmore BCH,BC_GLR_DSS,,BC_CPS_JCT,BC_GLR_DSS,83,107,3.68,1.84,9.567,69,92.2222,CPS_JCT_GLR_DSS,69kV,69_CPS_JCT,69_GLR_DSS,4.784,69
32433,60L066CPS,BC Hydro,BC,British Columbia,1,ac,0.51,0.315,0.51,0.315,69,0.2,0.2,61,65,Capilano Pumps JCT,BC_CPS_JCT,Capilano Pumps,BC_CPS_DSS,,BC_CPS_JCT,BC_CPS_DSS,61,65,0.2,0.2,0.51,69,67.7778,CPS_JCT_CPS_DSS,69kV,69_CPS_JCT,69_CPS_DSS,0.51,69
32434,60L067,BC Hydro,BC,British Columbia,1,ac,5.79,3.574,11.581,7.149,69,4.45,2.23,96,116,Kruger Products JCT,BC_SCP_JCT,Royal 2,BC_RO2_DSS,,BC_SCP_JCT,BC_RO2_DSS,96,116,4.45,2.23,11.581,69,106.6667,SCP_JCT_RO2_DSS,69kV,69_SCP_JCT,69_RO2_DSS,5.79,69
32435,60L067,BC Hydro,BC,British Columbia,1,ac,5.79,3.574,11.581,7.149,69,4.45,2.23,83,100,Newell,BC_NEL_DSS,Kruger Products JCT,BC_SCP_JCT,,BC_NEL_DSS,BC_SCP_JCT,83,100,4.45,2.23,11.581,69,92.2222,NEL_DSS_SCP_JCT,69kV,69_NEL_DSS,69_SCP_JCT,5.79,69
32436,60L067SCP,BC Hydro,BC,British Columbia,1,ac,0.038,0.023,0.038,0.023,69,0.01,0.01,36,39,Kruger Products JCT,BC_SCP_JCT,Kruger Products,BC_SCP_ISS,,BC_SCP_JCT,BC_SCP_ISS,36,39,0.01,0.01,0.038,69,40.0,SCP_JCT_SCP_ISS,69kV,69_SCP_JCT,69_SCP_ISS,0.038,69
32437,60L068,BC Hydro,BC,British Columbia,1,ac,7.49,4.623,11.49,7.093,69,4.42,2.88,96,116,Cheekye,BC_CKY_DSS,Upper Mamquam JCT,BC_UMH_JCT,,BC_CKY_DSS,BC_UMH_JCT,96,116,4.42,2.88,11.49,69,106.6667,CKY_DSS_UMH_JCT,69kV,69_CKY_DSS,69_UMH_JCT,7.49,69
32438,60L068,BC Hydro,BC,British Columbia,1,ac,4.0,2.469,11.49,7.093,69,4.42,1.54,50,63,Upper Mamquam JCT,BC_UMH_JCT,Squamish,BC_SQH_DSS,,BC_UMH_JCT,BC_SQH_DSS,50,63,4.42,1.54,11.49,69,55.5556,UMH_JCT_SQH_DSS,69kV,69_UMH_JCT,69_SQH_DSS,4.0,69
32439,60L068UMH,BC Hydro,BC,British Columbia,1,ac,8.0,4.938,8.0,4.938,69,3.07,3.07,96,116,Upper Mamquam JCT,BC_UMH_JCT,Upper Mamquam GS,BC_UMH_GSS,,BC_UMH_JCT,BC_UMH_GSS,96,116,3.07,3.07,8.0,69,106.6667,UMH_JCT_UMH_GSS,69kV,69_UMH_JCT,69_UMH_GSS,8.0,69
32440,60L069,BC Hydro,BC,British Columbia,1,ac,4.0,2.469,44.5,27.469,69,17.1,1.54,96,116,Britannia JCT,BC_BTA_JCT,Furry Creek JCT,BC_FRC_JCT,,BC_BTA_JCT,BC_FRC_JCT,96,116,17.1,1.54,44.5,69,106.6667,BTA_JCT_FRC_JCT,69kV,69_BTA_JCT,69_FRC_JCT,4.0,69
32441,60L069,BC Hydro,BC,British Columbia,1,ac,3.0,1.852,44.5,27.469,69,17.1,1.15,57,68,Furry Creek GS JCT,BC_FRI_JCT,Porteau Cove JCT,BC_PTO_JCT,,BC_FRI_JCT,BC_PTO_JCT,57,68,17.1,1.15,44.5,69,63.3333,FRI_JCT_PTO_JCT,69kV,69_FRI_JCT,69_PTO_JCT,3.0,69
32442,60L069,BC Hydro,BC,British Columbia,1,ac,1.0,0.617,44.5,27.469,69,17.1,0.38,57,68,Furry Creek JCT,BC_FRC_JCT,Furry Creek GS JCT,BC_FRI_JCT,,BC_FRC_JCT,BC_FRI_JCT,57,68,17.1,0.38,44.5,69,63.3333,FRC_JCT_FRI_JCT,69kV,69_FRC_JCT,69_FRI_JCT,1.0,69
32443,60L069,BC Hydro,BC,British Columbia,1,ac,15.0,9.259,44.5,27.469,69,17.1,5.76,57,68,Lions Bay JCT,BC_LBY_JCT,Horsheshoe Bay,BC_HSB_DSS,,BC_LBY_JCT,BC_HSB_DSS,57,68,17.1,5.76,44.5,69,63.3333,LBY_JCT_HSB_DSS,69kV,69_LBY_JCT,69_HSB_DSS,15.0,69
32444,60L069,BC Hydro,BC,British Columbia,1,ac,7.0,4.321,44.5,27.469,69,17.1,2.69,57,68,Porteau Cove JCT,BC_PTO_JCT,Lions Bay JCT,BC_LBY_JCT,,BC_PTO_JCT,BC_LBY_JCT,57,68,17.1,2.69,44.5,69,63.3333,PTO_JCT_LBY_JCT,69kV,69_PTO_JCT,69_LBY_JCT,7.0,69
32445,60L069,BC Hydro,BC,British Columbia,1,ac,14.5,8.951,44.5,27.469,69,17.1,5.57,96,116,Squamish,BC_SQH_DSS,Britannia JCT,BC_BTA_JCT,,BC_SQH_DSS,BC_BTA_JCT,96,116,17.1,5.57,44.5,69,106.6667,SQH_DSS_BTA_JCT,69kV,69_SQH_DSS,69_BTA_JCT,14.5,69
32446,60L069BTA,BC Hydro,BC,British Columbia,1,ac,0.176,0.109,0.176,0.109,69,0.07,0.07,48,58,Britannia JCT,BC_BTA_JCT,Britannia,BC_BTA_DSS,,BC_BTA_JCT,BC_BTA_DSS,48,58,0.07,0.07,0.176,69,53.3333,BTA_JCT_BTA_DSS,69kV,69_BTA_JCT,69_BTA_DSS,0.176,69
32447,60L069FRC,BC Hydro,BC,British Columbia,1,ac,0.048,0.03,0.048,0.03,69,0.02,0.02,36,39,Furry Creek JCT,BC_FRC_JCT,Furry Creek,BC_FRC_DSS,,BC_FRC_JCT,BC_FRC_DSS,36,39,0.02,0.02,0.048,69,40.0,FRC_JCT_FRC_DSS,69kV,69_FRC_JCT,69_FRC_DSS,0.048,69
32448,60L069FRI,BC Hydro,BC,British Columbia,1,ac,0.048,0.03,0.048,0.03,69,0.02,0.02,30,51,Furry Creek GS JCT,BC_FRI_JCT,Furry Creek GS,BC_FRI_GSS,,BC_FRI_JCT,BC_FRI_GSS,30,51,0.02,0.02,0.048,69,33.3333,FRI_JCT_FRI_GSS,69kV,69_FRI_JCT,69_FRI_GSS,0.048,69
32449,60L069LBY,BC Hydro,BC,British Columbia,1,ac,0.026,0.016,0.026,0.016,69,0.01,0.01,36,39,Lions Bay JCT,BC_LBY_JCT,Lions Bay,BC_LBY_DSS,,BC_LBY_JCT,BC_LBY_DSS,36,39,0.01,0.01,0.026,69,40.0,LBY_JCT_LBY_DSS,69kV,69_LBY_JCT,69_LBY_DSS,0.026,69
32450,60L069PTO,BC Hydro,BC,British Columbia,1,ac,0.014,0.008,0.014,0.008,69,0.01,0.01,36,39,Porteau Cove JCT,BC_PTO_JCT,Porteau Cove,BC_PTO_DSS,,BC_PTO_JCT,BC_PTO_DSS,36,39,0.01,0.01,0.014,69,40.0,PTO_JCT_PTO_DSS,69kV,69_PTO_JCT,69_PTO_DSS,0.014,69
32451,60L070,BC Hydro,BC,British Columbia,1,ac,7.02,4.333,12.02,7.42,69,4.62,2.7,83,107,Cheekye,BC_CKY_DSS,Mamquam JCT,BC_MAM_JCT,,BC_CKY_DSS,BC_MAM_JCT,83,107,4.62,2.7,12.02,69,92.2222,CKY_DSS_MAM_JCT,69kV,69_CKY_DSS,69_MAM_JCT,7.02,69
32452,60L070,BC Hydro,BC,British Columbia,1,ac,5.0,3.086,12.02,7.42,69,4.62,1.92,50,63,Mamquam JCT,BC_MAM_JCT,Squamish,BC_SQH_DSS,,BC_MAM_JCT,BC_SQH_DSS,50,63,4.62,1.92,12.02,69,55.5556,MAM_JCT_SQH_DSS,69kV,69_MAM_JCT,69_SQH_DSS,5.0,69
32453,60L070MAM,BC Hydro,BC,British Columbia,1,ac,2.5,1.543,2.5,1.543,69,0.96,0.96,49,84,Mamquam JCT,BC_MAM_JCT,Mamquam GS,BC_MAM_GSS,,BC_MAM_JCT,BC_MAM_GSS,49,84,0.96,0.96,2.5,69,54.4444,MAM_JCT_MAM_GSS,69kV,69_MAM_JCT,69_MAM_GSS,2.5,69
32454,60L071,BC Hydro,BC,British Columbia,1,ac,0.2,0.123,9.2,5.679,69,3.54,0.08,92,107,Annacis Island JCT,BC_ANN_JCT,Annacis Island Wastewater Treatment Plant JCT,BC_AWT_JCT,,BC_ANN_JCT,BC_AWT_JCT,92,107,3.54,0.08,9.2,69,102.2222,ANN_JCT_AWT_JCT,69kV,69_ANN_JCT,69_AWT_JCT,0.2,69
32455,60L071,BC Hydro,BC,British Columbia,1,ac,2.2,1.358,9.2,5.679,69,3.54,0.85,92,107,Annacis Island JCT,BC_ANN_JCT,Queensborough JCT,BC_QBS_JCT,,BC_ANN_JCT,BC_QBS_JCT,92,107,3.54,0.85,9.2,69,102.2222,ANN_JCT_QBS_JCT,69kV,69_ANN_JCT,69_QBS_JCT,2.2,69
32456,60L071,BC Hydro,BC,British Columbia,1,ac,5.8,3.58,9.2,5.679,69,3.54,2.23,92,107,Annacis Island Wastewater Treatment Plant JCT,BC_AWT_JCT,Ingledow,BC_ING_DSS,,BC_AWT_JCT,BC_ING_DSS,92,107,3.54,2.23,9.2,69,102.2222,AWT_JCT_ING_DSS,69kV,69_AWT_JCT,69_ING_DSS,5.8,69
32457,60L071,BC Hydro,BC,British Columbia,1,ac,1.0,0.617,9.2,5.679,69,3.54,0.38,92,107,Queensborough JCT,BC_QBS_JCT,Seegen JCT,BC_SEE_JCT,,BC_QBS_JCT,BC_SEE_JCT,92,107,3.54,0.38,9.2,69,102.2222,QBS_JCT_SEE_JCT,69kV,69_QBS_JCT,69_SEE_JCT,1.0,69
32458,60L071ANN,BC Hydro,BC,British Columbia,1,ac,0.054,0.034,0.054,0.034,69,0.02,0.02,92,107,Annacis Island JCT,BC_ANN_JCT,Annacis Island,BC_ANN_DSS,,BC_ANN_JCT,BC_ANN_DSS,92,107,0.02,0.02,0.054,69,102.2222,ANN_JCT_ANN_DSS,69kV,69_ANN_JCT,69_ANN_DSS,0.054,69
32459,60L071AWT,BC Hydro,BC,British Columbia,1,ac,1.547,0.955,1.547,0.955,69,0.59,0.59,57,68,Annacis Island Wastewater Treatment Plant JCT,BC_AWT_JCT,Annacis Island Wastewater Treatment Plant,BC_AWT_ISS,,BC_AWT_JCT,BC_AWT_ISS,57,68,0.59,0.59,1.547,69,63.3333,AWT_JCT_AWT_ISS,69kV,69_AWT_JCT,69_AWT_ISS,1.547,69
32460,60L071QBS,BC Hydro,BC,British Columbia,1,ac,0.1,0.062,0.1,0.062,69,0.04,0.04,86,100,Queensborough JCT,BC_QBS_JCT,Queensborough,BC_QBS_DSS,,BC_QBS_JCT,BC_QBS_DSS,86,100,0.04,0.04,0.1,69,95.5556,QBS_JCT_QBS_DSS,69kV,69_QBS_JCT,69_QBS_DSS,0.1,69
32461,60L071SEE,BC Hydro,BC,British Columbia,1,ac,2.5,1.543,2.5,1.543,69,0.96,0.96,52,55,Seegen JCT,BC_SEE_JCT,Seegen GS,BC_SEE_GSS,,BC_SEE_JCT,BC_SEE_GSS,52,55,0.96,0.96,2.5,69,57.7778,SEE_JCT_SEE_GSS,69kV,69_SEE_JCT,69_SEE_GSS,2.5,69
32462,60L073,BC Hydro,BC,British Columbia,1,ac,7.1,4.383,18.59,11.475,69,7.14,2.73,119,148,Ingledow,BC_ING_DSS,Surrey JCT,BC_SRY_JCT,,BC_ING_DSS,BC_SRY_JCT,119,148,7.14,2.73,18.59,69,132.2222,ING_DSS_SRY_JCT,69kV,69_ING_DSS,69_SRY_JCT,7.1,69
32463,60L073,BC Hydro,BC,British Columbia,1,ac,11.49,7.093,18.59,11.475,69,7.14,4.42,103,109,Surrey JCT,BC_SRY_JCT,White Rock,BC_WRK_DSS,,BC_SRY_JCT,BC_WRK_DSS,103,109,7.14,4.42,18.59,69,114.4444,SRY_JCT_WRK_DSS,69kV,69_SRY_JCT,69_WRK_DSS,11.49,69
32464,60L073SRY,BC Hydro,BC,British Columbia,1,ac,2.456,1.516,2.456,1.516,69,0.94,0.94,24,33,Surrey JCT,BC_SRY_JCT,Surrey,BC_SRY_DSS,,BC_SRY_JCT,BC_SRY_DSS,24,33,0.94,0.94,2.456,69,26.6667,SRY_JCT_SRY_DSS,69kV,69_SRY_JCT,69_SRY_DSS,2.456,69
32465,60L074,BC Hydro,BC,British Columbia,1,ac,6.04,3.728,15.04,9.284,69,5.78,2.32,119,148,Ingledow,BC_ING_DSS,Surrey JCT,BC_SRY_JCT,,BC_ING_DSS,BC_SRY_JCT,119,148,5.78,2.32,15.04,69,132.2222,ING_DSS_SRY_JCT,69kV,69_ING_DSS,69_SRY_JCT,6.04,69
32466,60L074,BC Hydro,BC,British Columbia,1,ac,9.0,5.556,15.04,9.284,69,5.78,3.46,96,116,Surrey JCT,BC_SRY_JCT,Nicomekl JCT,BC_NKL_JCT,,BC_SRY_JCT,BC_NKL_JCT,96,116,5.78,3.46,15.04,69,106.6667,SRY_JCT_NKL_JCT,69kV,69_SRY_JCT,69_NKL_JCT,9.0,69
32467,60L074NKL,BC Hydro,BC,British Columbia,1,ac,0.026,0.016,0.026,0.016,69,0.01,0.01,91,116,Nicomekl JCT,BC_NKL_JCT,Nicomekl,BC_NKL_DSS,,BC_NKL_JCT,BC_NKL_DSS,91,116,0.01,0.01,0.026,69,101.1111,NKL_JCT_NKL_DSS,69kV,69_NKL_JCT,69_NKL_DSS,0.026,69
32468,60L074SRY,BC Hydro,BC,British Columbia,1,ac,2.446,1.51,2.446,1.51,69,0.94,0.94,24,33,Surrey JCT,BC_SRY_JCT,Surrey,BC_SRY_DSS,,BC_SRY_JCT,BC_SRY_DSS,24,33,0.94,0.94,2.446,69,26.6667,SRY_JCT_SRY_DSS,69kV,69_SRY_JCT,69_SRY_DSS,2.446,69
32469,60L074WRK,BC Hydro,BC,British Columbia,1,ac,11.49,7.093,11.49,7.093,69,4.42,4.42,103,109,Surrey JCT,BC_SRY_JCT,White Rock,BC_WRK_DSS,,BC_SRY_JCT,BC_WRK_DSS,103,109,4.42,4.42,11.49,69,114.4444,SRY_JCT_WRK_DSS,69kV,69_SRY_JCT,69_WRK_DSS,11.49,69
32470,60L075,BC Hydro,BC,British Columbia,1,ac,1.96,1.21,1.96,1.21,69,0.75,0.75,50,63,Chevron,BC_CVN_ISS,Shelburn,BC_SHL_DSS,,BC_CVN_ISS,BC_SHL_DSS,50,63,0.75,0.75,1.96,69,55.5556,CVN_ISS_SHL_DSS,69kV,69_CVN_ISS,69_SHL_DSS,1.96,69
32471,60L076,BC Hydro,BC,British Columbia,1,ac,6.172,3.81,6.172,3.81,69,2.37,2.37,45,58,Horne Payne,BC_HPN_DSS,Chevron,BC_CVN_ISS,,BC_HPN_DSS,BC_CVN_ISS,45,58,2.37,2.37,6.172,69,50.0,HPN_DSS_CVN_ISS,69kV,69_HPN_DSS,69_CVN_ISS,6.172,69
32472,60L077,BC Hydro,BC,British Columbia,1,ac,3.225,1.991,3.225,1.991,69,1.24,1.24,83,107,New Westminster,BC_NWR_DSS,Royal 2,BC_RO2_DSS,,BC_NWR_DSS,BC_RO2_DSS,83,107,1.24,1.24,3.225,69,92.2222,NWR_DSS_RO2_DSS,69kV,69_NWR_DSS,69_RO2_DSS,3.225,69
32473,60L079,BC Hydro,BC,British Columbia,1,ac,4.01,2.475,18.01,11.117,69,6.92,1.54,83,100,Harvie Road JCT,BC_HRD_JCT,Port Kells JCT,BC_PKL_JCT,,BC_HRD_JCT,BC_PKL_JCT,83,100,6.92,1.54,18.01,69,92.2222,HRD_JCT_PKL_JCT,69kV,69_HRD_JCT,69_PKL_JCT,4.01,69
32474,60L079,BC Hydro,BC,British Columbia,1,ac,1.0,0.617,18.01,11.117,69,6.92,0.38,121,147,Ingledow,BC_ING_DSS,Scott JCT,BC_SCT_JCT,,BC_ING_DSS,BC_SCT_JCT,121,147,6.92,0.38,18.01,69,134.4444,ING_DSS_SCT_JCT,69kV,69_ING_DSS,69_SCT_JCT,1.0,69
32475,60L079,BC Hydro,BC,British Columbia,1,ac,13.0,8.025,18.01,11.117,69,6.92,5.0,83,100,Scott JCT,BC_SCT_JCT,Harvie Road JCT,BC_HRD_JCT,,BC_SCT_JCT,BC_HRD_JCT,83,100,6.92,5.0,18.01,69,92.2222,SCT_JCT_HRD_JCT,69kV,69_SCT_JCT,69_HRD_JCT,13.0,69
32476,60L079HRD,BC Hydro,BC,British Columbia,1,ac,0.05,0.031,0.05,0.031,69,0.02,0.02,36,39,Harvie Road JCT,BC_HRD_JCT,Harvie Road,BC_HRD_DSS,,BC_HRD_JCT,BC_HRD_DSS,36,39,0.02,0.02,0.05,69,40.0,HRD_JCT_HRD_DSS,69kV,69_HRD_JCT,69_HRD_DSS,0.05,69
32477,60L079SCT,BC Hydro,BC,British Columbia,1,ac,2.98,1.84,2.98,1.84,69,1.15,1.15,36,39,Scott JCT,BC_SCT_JCT,Scott,BC_SCT_DSS,,BC_SCT_JCT,BC_SCT_DSS,36,39,1.15,1.15,2.98,69,40.0,SCT_JCT_SCT_DSS,69kV,69_SCT_JCT,69_SCT_DSS,2.98,69
32478,60L080,BC Hydro,BC,British Columbia,1,ac,4.01,2.475,22.93,14.154,69,8.81,1.54,83,100,Harvie Road JCT,BC_HRD_JCT,Port Kells JCT,BC_PKL_JCT,,BC_HRD_JCT,BC_PKL_JCT,83,100,8.81,1.54,22.93,69,92.2222,HRD_JCT_PKL_JCT,69kV,69_HRD_JCT,69_PKL_JCT,4.01,69
32479,60L080,BC Hydro,BC,British Columbia,1,ac,1.0,0.617,22.93,14.154,69,8.81,0.38,121,147,Ingledow,BC_ING_DSS,Scott JCT,BC_SCT_JCT,,BC_ING_DSS,BC_SCT_JCT,121,147,8.81,0.38,22.93,69,134.4444,ING_DSS_SCT_JCT,69kV,69_ING_DSS,69_SCT_JCT,1.0,69
32480,60L080,BC Hydro,BC,British Columbia,1,ac,2.0,1.235,22.93,14.154,69,8.81,0.77,83,100,Port Kells Pumping JCT,BC_PKP_JCT,Port Kells JCT,BC_PKL_JCT,,BC_PKP_JCT,BC_PKL_JCT,83,100,8.81,0.77,22.93,69,92.2222,PKP_JCT_PKL_JCT,69kV,69_PKP_JCT,69_PKL_JCT,2.0,69
32481,60L080,BC Hydro,BC,British Columbia,1,ac,15.92,9.827,22.93,14.154,69,8.81,6.12,83,100,Scott JCT,BC_SCT_JCT,Port Kells Pumping JCT,BC_PKP_JCT,,BC_SCT_JCT,BC_PKP_JCT,83,100,8.81,6.12,22.93,69,92.2222,SCT_JCT_PKP_JCT,69kV,69_SCT_JCT,69_PKP_JCT,15.92,69
32482,60L080HRD,BC Hydro,BC,British Columbia,1,ac,0.05,0.031,0.05,0.031,69,0.02,0.02,36,39,Harvie Road JCT,BC_HRD_JCT,Harvie Road,BC_HRD_DSS,,BC_HRD_JCT,BC_HRD_DSS,36,39,0.02,0.02,0.05,69,40.0,HRD_JCT_HRD_DSS,69kV,69_HRD_JCT,69_HRD_DSS,0.05,69
32483,60L080PKP,BC Hydro,BC,British Columbia,1,ac,0.368,0.227,0.368,0.227,69,0.14,0.14,36,39,Port Kells Pumping JCT,BC_PKP_JCT,Port Kells Pumping,BC_PKP_DSS,,BC_PKP_JCT,BC_PKP_DSS,36,39,0.14,0.14,0.368,69,40.0,PKP_JCT_PKP_DSS,69kV,69_PKP_JCT,69_PKP_DSS,0.368,69
32484,60L080SCT,BC Hydro,BC,British Columbia,1,ac,3.013,1.86,3.013,1.86,69,1.16,1.16,36,39,Scott JCT,BC_SCT_JCT,Scott,BC_SCT_DSS,,BC_SCT_JCT,BC_SCT_DSS,36,39,1.16,1.16,3.013,69,40.0,SCT_JCT_SCT_DSS,69kV,69_SCT_JCT,69_SCT_DSS,3.013,69
32485,60L082,BC Hydro,BC,British Columbia,1,ac,8.881,5.482,8.881,5.482,69,3.41,3.41,83,100,Ruskin GS,BC_RUS_GSS,Silverdale,BC_SVD_DSS,,BC_RUS_GSS,BC_SVD_DSS,83,100,3.41,3.41,8.881,69,92.2222,RUS_GSS_SVD_DSS,69kV,69_RUS_GSS,69_SVD_DSS,8.881,69
32486,60L083,BC Hydro,BC,British Columbia,1,ac,8.891,5.488,8.891,5.488,69,3.42,3.42,72,93,Keating,BC_KTG_DSS,Sidney,BC_SNY_DSS,,BC_KTG_DSS,BC_SNY_DSS,72,93,3.42,3.42,8.891,69,80.0,KTG_DSS_SNY_DSS,69kV,69_KTG_DSS,69_SNY_DSS,8.891,69
32487,60L085,BC Hydro,BC,British Columbia,1,ac,9.415,5.812,9.415,5.812,69,3.62,3.62,85,110,Kidd #1,BC_KI1_DSS,Big Bend,BC_BBS_DSS,,BC_KI1_DSS,BC_BBS_DSS,85,110,3.62,3.62,9.415,69,94.4444,KI1_DSS_BBS_DSS,69kV,69_KI1_DSS,69_BBS_DSS,9.415,69
32488,60L087,BC Hydro,BC,British Columbia,1,ac,8.874,5.478,8.874,5.478,69,3.41,3.41,73,93,Keating,BC_KTG_DSS,Sidney,BC_SNY_DSS,,BC_KTG_DSS,BC_SNY_DSS,73,93,3.41,3.41,8.874,69,81.1111,KTG_DSS_SNY_DSS,69kV,69_KTG_DSS,69_SNY_DSS,8.874,69
32489,60L089,BC Hydro,BC,British Columbia,1,ac,5.34,3.296,5.34,3.296,69,2.05,2.05,42,53,Cypress,BC_CYP_DSS,Horsheshoe Bay,BC_HSB_DSS,,BC_CYP_DSS,BC_HSB_DSS,42,53,2.05,2.05,5.34,69,46.6667,CYP_DSS_HSB_DSS,69kV,69_CYP_DSS,69_HSB_DSS,5.34,69
32490,60L090,BC Hydro,BC,British Columbia,1,ac,0.8,0.494,7.0,4.321,69,2.69,0.31,121,147,Canexus Corporation JCT,BC_NXC_JCT,Erco Worldwide JCT,BC_ERW_JCT,,BC_NXC_JCT,BC_ERW_JCT,121,147,2.69,0.31,7.0,69,134.4444,NXC_JCT_ERW_JCT,69kV,69_NXC_JCT,69_ERW_JCT,0.8,69
32491,60L090,BC Hydro,BC,British Columbia,1,ac,0.2,0.123,7.0,4.321,69,2.69,0.08,69,76,Deep Cove JCT,BC_DCV_JCT,Deep Cove,BC_DCV_DSS,,BC_DCV_JCT,BC_DCV_DSS,69,76,2.69,0.08,7.0,69,76.6667,DCV_JCT_DCV_DSS,69kV,69_DCV_JCT,69_DCV_DSS,0.2,69
32492,60L090,BC Hydro,BC,British Columbia,1,ac,2.5,1.543,7.0,4.321,69,2.69,0.96,121,147,Deep Cove JCT,BC_DCV_JCT,Canexus Corporation JCT,BC_NXC_JCT,,BC_DCV_JCT,BC_NXC_JCT,121,147,2.69,0.96,7.0,69,134.4444,DCV_JCT_NXC_JCT,69kV,69_DCV_JCT,69_NXC_JCT,2.5,69
32493,60L090,BC Hydro,BC,British Columbia,1,ac,3.5,2.16,7.0,4.321,69,2.69,1.35,154,187,Walters,BC_WLT_DSS,Deep Cove JCT,BC_DCV_JCT,,BC_WLT_DSS,BC_DCV_JCT,154,187,2.69,1.35,7.0,69,171.1111,WLT_DSS_DCV_JCT,69kV,69_WLT_DSS,69_DCV_JCT,3.5,69
32494,60L090ERW,BC Hydro,BC,British Columbia,1,ac,0.13,0.08,0.13,0.08,69,0.05,0.05,121,147,Erco Worldwide JCT,BC_ERW_JCT,Erco Worldwide,BC_ERW_ISS,,BC_ERW_JCT,BC_ERW_ISS,121,147,0.05,0.05,0.13,69,134.4444,ERW_JCT_ERW_ISS,69kV,69_ERW_JCT,69_ERW_ISS,0.13,69
32495,60L090NXC,BC Hydro,BC,British Columbia,1,ac,1.3,0.802,1.3,0.802,69,0.5,0.5,99,119,Canexus Corporation JCT,BC_NXC_JCT,Canexus Corporation,BC_NXC_ISS,,BC_NXC_JCT,BC_NXC_ISS,99,119,0.5,0.5,1.3,69,110.0,NXC_JCT_NXC_ISS,69kV,69_NXC_JCT,69_NXC_ISS,1.3,69
32496,60L091,BC Hydro,BC,British Columbia,1,ac,2.11,1.303,2.11,1.303,69,0.81,0.81,96,115,Walters,BC_WLT_DSS,Canexus Corporation,BC_NXC_ISS,,BC_WLT_DSS,BC_NXC_ISS,96,115,0.81,0.81,2.11,69,106.6667,WLT_DSS_NXC_ISS,69kV,69_WLT_DSS,69_NXC_ISS,2.11,69
32497,60L092,BC Hydro,BC,British Columbia,1,ac,3.942,2.433,3.942,2.433,69,1.51,1.51,83,107,Walters,BC_WLT_DSS,Deep Cove,BC_DCV_DSS,,BC_WLT_DSS,BC_DCV_DSS,83,107,1.51,1.51,3.942,69,92.2222,WLT_DSS_DCV_DSS,69kV,69_WLT_DSS,69_DCV_DSS,3.942,69
32498,60L093,BC Hydro,BC,British Columbia,1,ac,5.7,3.519,8.6,5.309,69,3.3,2.19,83,107,Atchelitz,BC_ALZ_DSS,Wahleach JCT,BC_WAH_JCT,,BC_ALZ_DSS,BC_WAH_JCT,83,107,3.3,2.19,8.6,69,92.2222,ALZ_DSS_WAH_JCT,69kV,69_ALZ_DSS,69_WAH_JCT,5.7,69
32499,60L093,BC Hydro,BC,British Columbia,1,ac,2.9,1.79,8.6,5.309,69,3.3,1.11,83,107,Wahleach JCT,BC_WAH_JCT,Chilliwack,BC_CHK_DSS,,BC_WAH_JCT,BC_CHK_DSS,83,107,3.3,1.11,8.6,69,92.2222,WAH_JCT_CHK_DSS,69kV,69_WAH_JCT,69_CHK_DSS,2.9,69
32500,60L093KEN,BC Hydro,BC,British Columbia,1,ac,10.712,6.613,10.712,6.613,69,4.12,4.12,50,63,Kent JCT,BC_KEN_JCT,Kent,BC_KEN_DSS,,BC_KEN_JCT,BC_KEN_DSS,50,63,4.12,4.12,10.712,69,55.5556,KEN_JCT_KEN_DSS,69kV,69_KEN_JCT,69_KEN_DSS,10.712,69
32501,60L093WAH,BC Hydro,BC,British Columbia,1,ac,5.0,3.086,25.1,15.494,69,9.65,1.92,69,89,Kent JCT,BC_KEN_JCT,Wahleach Pumping Station JCT,BC_WHP_JCT,,BC_KEN_JCT,BC_WHP_JCT,69,89,9.65,1.92,25.1,69,76.6667,KEN_JCT_WHP_JCT,69kV,69_KEN_JCT,69_WHP_JCT,5.0,69
32502,60L093WAH,BC Hydro,BC,British Columbia,1,ac,15.1,9.321,25.1,15.494,69,9.65,5.8,69,89,Wahleach JCT,BC_WAH_JCT,Kent JCT,BC_KEN_JCT,,BC_WAH_JCT,BC_KEN_JCT,69,89,9.65,5.8,25.1,69,76.6667,WAH_JCT_KEN_JCT,69kV,69_WAH_JCT,69_KEN_JCT,15.1,69
32503,60L093WAH,BC Hydro,BC,British Columbia,1,ac,5.0,3.086,25.1,15.494,69,9.65,1.92,69,89,Wahleach Pumping Station JCT,BC_WHP_JCT,Wahleach GS,BC_WAH_GSS,,BC_WHP_JCT,BC_WAH_GSS,69,89,9.65,1.92,25.1,69,76.6667,WHP_JCT_WAH_GSS,69kV,69_WHP_JCT,69_WAH_GSS,5.0,69
32504,60L093WHP,BC Hydro,BC,British Columbia,1,ac,0.425,0.262,0.425,0.262,69,0.16,0.16,36,39,Wahleach Pumping Station JCT,BC_WHP_JCT,Wahleach Pumping Station,BC_WHP_DSS,,BC_WHP_JCT,BC_WHP_DSS,36,39,0.16,0.16,0.425,69,40.0,WHP_JCT_WHP_DSS,69kV,69_WHP_JCT,69_WHP_DSS,0.425,69
32505,60L094,BC Hydro,BC,British Columbia,1,ac,8.686,5.362,8.686,5.362,69,3.34,3.34,83,107,Atchelitz,BC_ALZ_DSS,Chilliwack,BC_CHK_DSS,,BC_ALZ_DSS,BC_CHK_DSS,83,107,3.34,3.34,8.686,69,92.2222,ALZ_DSS_CHK_DSS,69kV,69_ALZ_DSS,69_CHK_DSS,8.686,69
32506,60L095,BC Hydro,BC,British Columbia,1,ac,1.0,0.617,28.65,17.685,69,11.01,0.38,83,107,Hope Pumping Station JCT,BC_HPS_JCT,Hope,BC_HOP_DSS,,BC_HPS_JCT,BC_HOP_DSS,83,107,11.01,0.38,28.65,69,92.2222,HPS_JCT_HOP_DSS,69kV,69_HPS_JCT,69_HOP_DSS,1.0,69
32507,60L095,BC Hydro,BC,British Columbia,1,ac,27.65,17.068,28.65,17.685,69,11.01,10.63,83,107,Wahleach GS,BC_WAH_GSS,Hope Pumping Station JCT,BC_HPS_JCT,,BC_WAH_GSS,BC_HPS_JCT,83,107,11.01,10.63,28.65,69,92.2222,WAH_GSS_HPS_JCT,69kV,69_WAH_GSS,69_HPS_JCT,27.65,69
32508,60L095HPS,BC Hydro,BC,British Columbia,1,ac,0.297,0.183,0.297,0.183,69,0.11,0.11,36,39,Hope Pumping Station JCT,BC_HPS_JCT,Hope Pumping Station,BC_HPS_DSS,,BC_HPS_JCT,BC_HPS_DSS,36,39,0.11,0.11,0.297,69,40.0,HPS_JCT_HPS_DSS,69kV,69_HPS_JCT,69_HPS_DSS,0.297,69
32509,60L097,BC Hydro,BC,British Columbia,1,ac,3.402,2.1,3.402,2.1,69,1.31,1.31,85,109,Northgate,BC_NOR_DSS,John Lawson,BC_JLN_DSS,,BC_NOR_DSS,BC_JLN_DSS,85,109,1.31,1.31,3.402,69,94.4444,NOR_DSS_JLN_DSS,69kV,69_NOR_DSS,69_JLN_DSS,3.402,69
32510,60L098,BC Hydro,BC,British Columbia,1,ac,13.706,8.461,13.706,8.461,69,5.27,5.27,68,68,Culliton Creek GS,BC_CTN_GSS,Cheekye,BC_CKY_DSS,,BC_CTN_GSS,BC_CKY_DSS,68,68,5.27,5.27,13.706,69,75.5556,CTN_GSS_CKY_DSS,69kV,69_CTN_GSS,69_CKY_DSS,13.706,69
32511,60L099,BC Hydro,BC,British Columbia,1,ac,7.396,4.566,14.793,9.131,69,5.68,2.84,127,163,Cypress,BC_CYP_DSS,Hillcrest JCT,BC_HCT_JCT,,BC_CYP_DSS,BC_HCT_JCT,127,163,5.68,2.84,14.793,69,141.1111,CYP_DSS_HCT_JCT,69kV,69_CYP_DSS,69_HCT_JCT,7.396,69
32512,60L099,BC Hydro,BC,British Columbia,1,ac,7.396,4.566,14.793,9.131,69,5.68,2.84,83,107,Hillcrest JCT,BC_HCT_JCT,Glenmore BCH,BC_GLR_DSS,,BC_HCT_JCT,BC_GLR_DSS,83,107,5.68,2.84,14.793,69,92.2222,HCT_JCT_GLR_DSS,69kV,69_HCT_JCT,69_GLR_DSS,7.396,69
32513,60L099HCT,BC Hydro,BC,British Columbia,1,ac,1.465,0.905,1.465,0.905,69,0.56,0.56,83,107,Hillcrest JCT,BC_HCT_JCT,Hillcrest,BC_HCT_DSS,,BC_HCT_JCT,BC_HCT_DSS,83,107,0.56,0.56,1.465,69,92.2222,HCT_JCT_HCT_DSS,69kV,69_HCT_JCT,69_HCT_DSS,1.465,69
32514,60L100,BC Hydro,BC,British Columbia,1,ac,14.602,9.013,15.602,9.631,69,6.0,5.61,131,157,McLellan,BC_MLN_DSS,Nicomekl JCT,BC_NKL_JCT,,BC_MLN_DSS,BC_NKL_JCT,131,157,6.0,5.61,15.602,69,145.5556,MLN_DSS_NKL_JCT,69kV,69_MLN_DSS,69_NKL_JCT,14.602,69
32515,60L100,BC Hydro,BC,British Columbia,1,ac,1.0,0.617,15.602,9.631,69,6.0,0.38,103,109,Nicomekl JCT,BC_NKL_JCT,Nicomekl,BC_NKL_DSS,,BC_NKL_JCT,BC_NKL_DSS,103,109,6.0,0.38,15.602,69,114.4444,NKL_JCT_NKL_DSS,69kV,69_NKL_JCT,69_NKL_DSS,1.0,69
32516,60L101,BC Hydro,BC,British Columbia,1,ac,1.7,1.049,1.7,1.049,69,0.65,0.65,46,55,Chevron,BC_CVN_ISS,Parkland Refinery,BC_PLR_ISS,,BC_CVN_ISS,BC_PLR_ISS,46,55,0.65,0.65,1.7,69,51.1111,CVN_ISS_PLR_ISS,69kV,69_CVN_ISS,69_PLR_ISS,1.7,69
32517,60L102,BC Hydro,BC,British Columbia,1,ac,1.7,1.049,1.7,1.049,69,0.65,0.65,46,55,Chevron,BC_CVN_ISS,Parkland Refinery,BC_PLR_ISS,,BC_CVN_ISS,BC_PLR_ISS,46,55,0.65,0.65,1.7,69,51.1111,CVN_ISS_PLR_ISS,69kV,69_CVN_ISS,69_PLR_ISS,1.7,69
32518,60L107,BC Hydro,BC,British Columbia,1,ac,2.49,1.537,2.49,1.537,69,0.96,0.96,91,116,Nicomekl JCT,BC_NKL_JCT,White Rock,BC_WRK_DSS,,BC_NKL_JCT,BC_WRK_DSS,91,116,0.96,0.96,2.49,69,101.1111,NKL_JCT_WRK_DSS,69kV,69_NKL_JCT,69_WRK_DSS,2.49,69
32519,60L128,BC Hydro,BC,British Columbia,1,ac,30.013,18.526,30.013,18.526,69,11.53,11.53,38,43,Prevost,BC_PVO_DSS,Lake Cowichan,BC_LCW_DSS,,BC_PVO_DSS,BC_LCW_DSS,38,43,11.53,11.53,30.013,69,42.2222,PVO_DSS_LCW_DSS,69kV,69_PVO_DSS,69_LCW_DSS,30.013,69
32520,60L129,BC Hydro,BC,British Columbia,1,ac,19.38,11.963,79.38,49.0,69,30.5,7.45,57,68,Canoe Creek JCT,BC_CNK_JCT,Long Beach,BC_LBH_DSS,,BC_CNK_JCT,BC_LBH_DSS,57,68,30.5,7.45,79.38,69,63.3333,CNK_JCT_LBH_DSS,69kV,69_CNK_JCT,69_LBH_DSS,19.38,69
32521,60L129,BC Hydro,BC,British Columbia,1,ac,6.0,3.704,79.38,49.0,69,30.5,2.31,57,68,Doran Taylor JCT,BC_DTR_JCT,South Sutton JCT,BC_SSH_JCT,,BC_DTR_JCT,BC_SSH_JCT,57,68,30.5,2.31,79.38,69,63.3333,DTR_JCT_SSH_JCT,69kV,69_DTR_JCT,69_SSH_JCT,6.0,69
32522,60L129,BC Hydro,BC,British Columbia,1,ac,25.0,15.432,79.38,49.0,69,30.5,9.61,57,68,Great Central,BC_GCL_DSS,Doran Taylor JCT,BC_DTR_JCT,,BC_GCL_DSS,BC_DTR_JCT,57,68,30.5,9.61,79.38,69,63.3333,GCL_DSS_DTR_JCT,69kV,69_GCL_DSS,69_DTR_JCT,25.0,69
32523,60L129,BC Hydro,BC,British Columbia,1,ac,6.0,3.704,79.38,49.0,69,30.5,2.31,57,68,Haa-Ak-Suuk JCT,BC_HAS_JCT,Marion 3 Creek JCT,BC_M3C_JCT,,BC_HAS_JCT,BC_M3C_JCT,57,68,30.5,2.31,79.38,69,63.3333,HAS_JCT_M3C_JCT,69kV,69_HAS_JCT,69_M3C_JCT,6.0,69
32524,60L129,BC Hydro,BC,British Columbia,1,ac,6.0,3.704,79.38,49.0,69,30.5,2.31,57,68,Marion 3 Creek JCT,BC_M3C_JCT,Canoe Creek JCT,BC_CNK_JCT,,BC_M3C_JCT,BC_CNK_JCT,57,68,30.5,2.31,79.38,69,63.3333,M3C_JCT_CNK_JCT,69kV,69_M3C_JCT,69_CNK_JCT,6.0,69
32525,60L129,BC Hydro,BC,British Columbia,1,ac,1.0,0.617,79.38,49.0,69,30.5,0.38,57,68,South Sutton JCT,BC_SSH_JCT,Taylor River Rest Area JCT,BC_TRR_JCT,,BC_SSH_JCT,BC_TRR_JCT,57,68,30.5,0.38,79.38,69,63.3333,SSH_JCT_TRR_JCT,69kV,69_SSH_JCT,69_TRR_JCT,1.0,69
32526,60L129,BC Hydro,BC,British Columbia,1,ac,6.0,3.704,79.38,49.0,69,30.5,2.31,57,68,Taylor River Rest Area JCT,BC_TRR_JCT,Haa-Ak-Suuk JCT,BC_HAS_JCT,,BC_TRR_JCT,BC_HAS_JCT,57,68,30.5,2.31,79.38,69,63.3333,TRR_JCT_HAS_JCT,69kV,69_TRR_JCT,69_HAS_JCT,6.0,69
32527,60L129,BC Hydro,BC,British Columbia,1,ac,10.0,6.173,79.38,49.0,69,30.5,3.84,57,68,Winchie Creek GS,BC_WCH_GSS,Winchie Creek JCT,BC_WCH_JCT,,BC_WCH_GSS,BC_WCH_JCT,57,68,30.5,3.84,79.38,69,63.3333,WCH_GSS_WCH_JCT,69kV,69_WCH_GSS,69_WCH_JCT,10.0,69
32528,60L129CNK,BC Hydro,BC,British Columbia,1,ac,0.1,0.061,0.1,0.061,69,0.04,0.04,36,39,Canoe Creek JCT,BC_CNK_JCT,Canoe Creek GS,BC_CNK_GSS,,BC_CNK_JCT,BC_CNK_GSS,36,39,0.04,0.04,0.1,69,40.0,CNK_JCT_CNK_GSS,69kV,69_CNK_JCT,69_CNK_GSS,0.1,69
32529,60L129DTR,BC Hydro,BC,British Columbia,1,ac,0.036,0.022,0.036,0.022,69,0.01,0.01,36,39,Doran Taylor JCT,BC_DTR_JCT,Doran Taylor GS,BC_DTR_GSS,,BC_DTR_JCT,BC_DTR_GSS,36,39,0.01,0.01,0.036,69,40.0,DTR_JCT_DTR_GSS,69kV,69_DTR_JCT,69_DTR_GSS,0.036,69
32530,60L129HAS,BC Hydro,BC,British Columbia,1,ac,0.193,0.119,0.193,0.119,69,0.07,0.07,36,39,Haa-Ak-Suuk JCT,BC_HAS_JCT,Haa-Ak-Suuk GS,BC_HAS_GSS,,BC_HAS_JCT,BC_HAS_GSS,36,39,0.07,0.07,0.193,69,40.0,HAS_JCT_HAS_GSS,69kV,69_HAS_JCT,69_HAS_GSS,0.193,69
32531,60L129M3C,BC Hydro,BC,British Columbia,1,ac,0.169,0.105,0.169,0.105,69,0.07,0.07,36,39,Marion 3 Creek JCT,BC_M3C_JCT,Marion 3 Creek GS,BC_M3C_GSS,,BC_M3C_JCT,BC_M3C_GSS,36,39,0.07,0.07,0.169,69,40.0,M3C_JCT_M3C_GSS,69kV,69_M3C_JCT,69_M3C_GSS,0.169,69
32532,60L129SSH,BC Hydro,BC,British Columbia,1,ac,0.522,0.322,0.522,0.322,69,0.2,0.2,36,39,South Sutton JCT,BC_SSH_JCT,South Sutton GS,BC_SSH_GSS,,BC_SSH_JCT,BC_SSH_GSS,36,39,0.2,0.2,0.522,69,40.0,SSH_JCT_SSH_GSS,69kV,69_SSH_JCT,69_SSH_GSS,0.522,69
32533,60L129TRR,BC Hydro,BC,British Columbia,1,ac,0.015,0.009,0.015,0.009,69,0.01,0.01,36,39,Taylor River Rest Area JCT,BC_TRR_JCT,Taylor River Rest Area,BC_TRR_DSS,,BC_TRR_JCT,BC_TRR_DSS,36,39,0.01,0.01,0.015,69,40.0,TRR_JCT_TRR_DSS,69kV,69_TRR_JCT,69_TRR_DSS,0.015,69
32534,60L129WCH,BC Hydro,BC,British Columbia,1,ac,0.04,0.025,0.04,0.025,69,0.02,0.02,36,39,Winchie Creek JCT,BC_WCH_JCT,Winchie Creek GS,BC_WCH_GSS,,BC_WCH_JCT,BC_WCH_GSS,36,39,0.02,0.02,0.04,69,40.0,WCH_JCT_WCH_GSS,69kV,69_WCH_JCT,69_WCH_GSS,0.04,69
32535,60L205,BC Hydro,BC,British Columbia,1,ac,30.0,18.519,30.0,18.519,69,11.53,11.53,27,38,Vernon TS,BC_VNT_TSS,Woods Lake,BC_WDS_DSS,,BC_VNT_TSS,BC_WDS_DSS,27,38,11.53,11.53,30.0,69,30.0,VNT_TSS_WDS_DSS,69kV,69_VNT_TSS,69_WDS_DSS,30.0,69
32536,60L208,BC Hydro,BC,British Columbia,1,ac,60.0,37.037,68.04,42.0,69,26.15,23.06,26,48,Vernon TS,BC_VNT_TSS,Westwold JCT,BC_WWD_JCT,,BC_VNT_TSS,BC_WWD_JCT,26,48,26.15,23.06,68.04,69,28.8889,VNT_TSS_WWD_JCT,69kV,69_VNT_TSS,69_WWD_JCT,60.0,69
32537,60L208,BC Hydro,BC,British Columbia,1,ac,8.04,4.963,68.04,42.0,69,26.15,3.09,26,48,Westwold JCT,BC_WWD_JCT,Monte Lake JCT,BC_MTE_JCT,,BC_WWD_JCT,BC_MTE_JCT,26,48,26.15,3.09,68.04,69,28.8889,WWD_JCT_MTE_JCT,69kV,69_WWD_JCT,69_MTE_JCT,8.04,69
32538,60L208MTE,BC Hydro,BC,British Columbia,1,ac,0.85,0.525,0.85,0.525,69,0.33,0.33,36,39,Monte Lake JCT,BC_MTE_JCT,Monte Lake,BC_MTE_DSS,,BC_MTE_JCT,BC_MTE_DSS,36,39,0.33,0.33,0.85,69,40.0,MTE_JCT_MTE_DSS,69kV,69_MTE_JCT,69_MTE_DSS,0.85,69
32539,60L208WWD,BC Hydro,BC,British Columbia,1,ac,0.005,0.003,0.005,0.003,69,0.0,0.0,36,39,Westwold JCT,BC_WWD_JCT,Westwold,BC_WWD_DSS,,BC_WWD_JCT,BC_WWD_DSS,36,39,0.0,0.0,0.005,69,40.0,WWD_JCT_WWD_DSS,69kV,69_WWD_JCT,69_WWD_DSS,0.005,69
32540,60L209,BC Hydro,BC,British Columbia,1,ac,25.71,15.87,30.71,18.957,69,11.8,9.88,29,41,Canoe Forest Products Ltd JCT,BC_FCO_JCT,Sicamous,BC_SCM_DSS,,BC_FCO_JCT,BC_SCM_DSS,29,41,11.8,9.88,30.71,69,32.2222,FCO_JCT_SCM_DSS,69kV,69_FCO_JCT,69_SCM_DSS,25.71,69
32541,60L209,BC Hydro,BC,British Columbia,1,ac,5.0,3.086,30.71,18.957,69,11.8,1.92,27,44,Salmon Arm,BC_SAM_DSS,Canoe Forest Products Ltd JCT,BC_FCO_JCT,,BC_SAM_DSS,BC_FCO_JCT,27,44,11.8,1.92,30.71,69,30.0,SAM_DSS_FCO_JCT,69kV,69_SAM_DSS,69_FCO_JCT,5.0,69
32542,60L209FCO,BC Hydro,BC,British Columbia,1,ac,0.286,0.176,0.286,0.176,69,0.11,0.11,36,39,Canoe Forest Products Ltd JCT,BC_FCO_JCT,Canoe Forest Products Ltd,BC_FCO_ISS,,BC_FCO_JCT,BC_FCO_ISS,36,39,0.11,0.11,0.286,69,40.0,FCO_JCT_FCO_ISS,69kV,69_FCO_JCT,69_FCO_ISS,0.286,69
32543,60L210,BC Hydro,BC,British Columbia,1,ac,50.0,30.864,101.19,62.463,69,38.89,19.21,20,35,Monashee,BC_MON_DSS,New Denver JCT,BC_NDR_JCT,,BC_MON_DSS,BC_NDR_JCT,20,35,38.89,19.21,101.19,69,22.2222,MON_DSS_NDR_JCT,69kV,69_MON_DSS,69_NDR_JCT,50.0,69
32544,60L210,BC Hydro,BC,British Columbia,1,ac,51.19,31.599,101.19,62.463,69,38.89,19.67,20,35,New Denver JCT,BC_NDR_JCT,New Denver,BC_NDR_DSS,,BC_NDR_JCT,BC_NDR_DSS,20,35,38.89,19.67,101.19,69,22.2222,NDR_JCT_NDR_DSS,69kV,69_NDR_JCT,69_NDR_DSS,51.19,69
32545,60L210NAK,BC Hydro,BC,British Columbia,1,ac,2.333,1.44,2.333,1.44,69,0.9,0.9,20,35,New Denver JCT,BC_NDR_JCT,Nakusp,BC_NAK_DSS,,BC_NDR_JCT,BC_NAK_DSS,20,35,0.9,0.9,2.333,69,22.2222,NDR_JCT_NAK_DSS,69kV,69_NDR_JCT,69_NAK_DSS,2.333,69
32546,60L218,BC Hydro,BC,British Columbia,1,ac,25.534,15.761,25.534,15.761,69,9.81,9.81,94,120,Illecillewaet,BC_ILL_DSS,Walter Hardman GS,BC_WHN_GSS,,BC_ILL_DSS,BC_WHN_GSS,94,120,9.81,9.81,25.534,69,104.4444,ILL_DSS_WHN_GSS,69kV,69_ILL_DSS,69_WHN_GSS,25.534,69
32547,60L219,BC Hydro,BC,British Columbia,1,ac,23.55,14.537,24.55,15.154,69,9.43,9.05,94,120,South Cranberry JCT,BC_SCB_JCT,Pingston GS,BC_PIN_GSS,,BC_SCB_JCT,BC_PIN_GSS,94,120,9.43,9.05,24.55,69,104.4444,SCB_JCT_PIN_GSS,69kV,69_SCB_JCT,69_PIN_GSS,23.55,69
32548,60L219,BC Hydro,BC,British Columbia,1,ac,1.0,0.617,24.55,15.154,69,9.43,0.38,94,120,Walter Hardman GS,BC_WHN_GSS,South Cranberry JCT,BC_SCB_JCT,,BC_WHN_GSS,BC_SCB_JCT,94,120,9.43,0.38,24.55,69,104.4444,WHN_GSS_SCB_JCT,69kV,69_WHN_GSS,69_SCB_JCT,1.0,69
32549,60L219SCB,BC Hydro,BC,British Columbia,1,ac,0.2,0.123,0.2,0.123,69,0.08,0.08,94,120,South Cranberry JCT,BC_SCB_JCT,South Cranberry GS,BC_SCB_GSS,,BC_SCB_JCT,BC_SCB_GSS,94,120,0.08,0.08,0.2,69,104.4444,SCB_JCT_SCB_GSS,69kV,69_SCB_JCT,69_SCB_GSS,0.2,69
32550,60L223,BC Hydro,BC,British Columbia,1,ac,10.0,6.173,64.68,39.926,69,24.86,3.84,56,71,Goldstream JCT,BC_GST_JCT,McCulloch Creek JCT,BC_MCK_JCT,,BC_GST_JCT,BC_MCK_JCT,56,71,24.86,3.84,64.68,69,62.2222,GST_JCT_MCK_JCT,69kV,69_GST_JCT,69_MCK_JCT,10.0,69
32551,60L223,BC Hydro,BC,British Columbia,1,ac,20.0,12.346,64.68,39.926,69,24.86,7.69,56,71,McCulloch Creek JCT,BC_MCK_JCT,Goldstream Mine,BC_GSM_ISS,,BC_MCK_JCT,BC_GSM_ISS,56,71,24.86,7.69,64.68,69,62.2222,MCK_JCT_GSM_ISS,69kV,69_MCK_JCT,69_GSM_ISS,20.0,69
32552,60L223,BC Hydro,BC,British Columbia,1,ac,34.68,21.407,64.68,39.926,69,24.86,13.33,56,71,Mica GS,BC_MCA_GSS,Goldstream JCT,BC_GST_JCT,,BC_MCA_GSS,BC_GST_JCT,56,71,24.86,13.33,64.68,69,62.2222,MCA_GSS_GST_JCT,69kV,69_MCA_GSS,69_GST_JCT,34.68,69
32553,60L223MCK,BC Hydro,BC,British Columbia,1,ac,0.6,0.37,0.6,0.37,69,0.23,0.23,36,39,McCulloch Creek JCT,BC_MCK_JCT,McCulloch Creek,BC_MCK_DSS,,BC_MCK_JCT,BC_MCK_DSS,36,39,0.23,0.23,0.6,69,40.0,MCK_JCT_MCK_DSS,69kV,69_MCK_JCT,69_MCK_DSS,0.6,69
32554,60L270,BC Hydro,BC,British Columbia,1,ac,10.61,6.549,130.61,80.623,69,50.19,4.08,40,51,Athalmer JCT,BC_ATH_JCT,Invermere,BC_INV_DSS,,BC_ATH_JCT,BC_INV_DSS,40,51,50.19,4.08,130.61,69,44.4444,ATH_JCT_INV_DSS,69kV,69_ATH_JCT,69_INV_DSS,10.61,69
32555,60L270,BC Hydro,BC,British Columbia,1,ac,27.0,16.667,130.61,80.623,69,50.19,10.38,40,51,Canal Flats JCT,BC_CNL_JCT,Fairmont JCT,BC_FMT_JCT,,BC_CNL_JCT,BC_FMT_JCT,40,51,50.19,10.38,130.61,69,44.4444,CNL_JCT_FMT_JCT,69kV,69_CNL_JCT,69_FMT_JCT,27.0,69
32556,60L270,BC Hydro,BC,British Columbia,1,ac,3.0,1.852,130.61,80.623,69,50.19,1.15,40,51,Crestbrook Canal Flats JCT,BC_CRC_JCT,Canal Flats JCT,BC_CNL_JCT,,BC_CRC_JCT,BC_CNL_JCT,40,51,50.19,1.15,130.61,69,44.4444,CRC_JCT_CNL_JCT,69kV,69_CRC_JCT,69_CNL_JCT,3.0,69
32557,60L270,BC Hydro,BC,British Columbia,1,ac,30.0,18.519,130.61,80.623,69,50.19,11.53,40,51,Fairmont JCT,BC_FMT_JCT,Athalmer JCT,BC_ATH_JCT,,BC_FMT_JCT,BC_ATH_JCT,40,51,50.19,11.53,130.61,69,44.4444,FMT_JCT_ATH_JCT,69kV,69_FMT_JCT,69_ATH_JCT,30.0,69
32558,60L270,BC Hydro,BC,British Columbia,1,ac,30.0,18.519,130.61,80.623,69,50.19,11.53,40,51,Kimberley,BC_KBY_DSS,Skookumchuck JCT,BC_SKU_JCT,,BC_KBY_DSS,BC_SKU_JCT,40,51,50.19,11.53,130.61,69,44.4444,KBY_DSS_SKU_JCT,69kV,69_KBY_DSS,69_SKU_JCT,30.0,69
32559,60L270,BC Hydro,BC,British Columbia,1,ac,30.0,18.519,130.61,80.623,69,50.19,11.53,40,51,Skookumchuck JCT,BC_SKU_JCT,Crestbrook Canal Flats JCT,BC_CRC_JCT,,BC_SKU_JCT,BC_CRC_JCT,40,51,50.19,11.53,130.61,69,44.4444,SKU_JCT_CRC_JCT,69kV,69_SKU_JCT,69_CRC_JCT,30.0,69
32560,60L270ATH,BC Hydro,BC,British Columbia,1,ac,0.143,0.088,0.143,0.088,69,0.06,0.06,94,114,Athalmer JCT,BC_ATH_JCT,Athalmer,BC_ATH_DSS,,BC_ATH_JCT,BC_ATH_DSS,94,114,0.06,0.06,0.143,69,104.4444,ATH_JCT_ATH_DSS,69kV,69_ATH_JCT,69_ATH_DSS,0.143,69
32561,60L270CNL,BC Hydro,BC,British Columbia,1,ac,0.026,0.016,0.026,0.016,69,0.01,0.01,56,67,Canal Flats JCT,BC_CNL_JCT,Canal Flats,BC_CNL_DSS,,BC_CNL_JCT,BC_CNL_DSS,56,67,0.01,0.01,0.026,69,62.2222,CNL_JCT_CNL_DSS,69kV,69_CNL_JCT,69_CNL_DSS,0.026,69
32562,60L270CRC,BC Hydro,BC,British Columbia,1,ac,0.073,0.045,0.073,0.045,69,0.03,0.03,26,43,Crestbrook Canal Flats JCT,BC_CRC_JCT,Crestbrook Canal Flats,BC_CRC_DSS,,BC_CRC_JCT,BC_CRC_DSS,26,43,0.03,0.03,0.073,69,28.8889,CRC_JCT_CRC_DSS,69kV,69_CRC_JCT,69_CRC_DSS,0.073,69
32563,60L270CRS,BC Hydro,BC,British Columbia,1,ac,0.024,0.015,0.024,0.015,69,0.01,0.01,42,50,Skookumchuck,BC_SKU_DSS,Crestbrook Skookumchuck,BC_CRS_DSS,,BC_SKU_DSS,BC_CRS_DSS,42,50,0.01,0.01,0.024,69,46.6667,SKU_DSS_CRS_DSS,69kV,69_SKU_DSS,69_CRS_DSS,0.024,69
32564,60L270FMT,BC Hydro,BC,British Columbia,1,ac,0.044,0.027,0.044,0.027,69,0.02,0.02,48,58,Fairmont JCT,BC_FMT_JCT,Fairmont,BC_FMT_DSS,,BC_FMT_JCT,BC_FMT_DSS,48,58,0.02,0.02,0.044,69,53.3333,FMT_JCT_FMT_DSS,69kV,69_FMT_JCT,69_FMT_DSS,0.044,69
32565,60L270SKU,BC Hydro,BC,British Columbia,1,ac,0.077,0.048,0.077,0.048,69,0.03,0.03,26,43,Skookumchuck JCT,BC_SKU_JCT,Skookumchuck,BC_SKU_DSS,,BC_SKU_JCT,BC_SKU_DSS,26,43,0.03,0.03,0.077,69,28.8889,SKU_JCT_SKU_DSS,69kV,69_SKU_JCT,69_SKU_DSS,0.077,69
32566,60L271,BC Hydro,BC,British Columbia,1,ac,15.0,9.259,127.52,78.716,69,49.0,5.76,46,109,Athalmer JCT,BC_ATH_JCT,Radium JCT,BC_RDM_JCT,,BC_ATH_JCT,BC_RDM_JCT,46,109,49.0,5.76,127.52,69,51.1111,ATH_JCT_RDM_JCT,69kV,69_ATH_JCT,69_RDM_JCT,15.0,69
32567,60L271,BC Hydro,BC,British Columbia,1,ac,12.52,7.728,127.52,78.716,69,49.0,4.81,71,109,Invermere,BC_INV_DSS,Athalmer JCT,BC_ATH_JCT,,BC_INV_DSS,BC_ATH_JCT,71,109,49.0,4.81,127.52,69,78.8889,INV_DSS_ATH_JCT,69kV,69_INV_DSS,69_ATH_JCT,12.52,69
32568,60L271,BC Hydro,BC,British Columbia,1,ac,30.0,18.519,127.52,78.716,69,49.0,11.53,46,64,Parson JCT,BC_PSN_JCT,Golden,BC_GDN_DSS,,BC_PSN_JCT,BC_GDN_DSS,46,64,49.0,11.53,127.52,69,51.1111,PSN_JCT_GDN_DSS,69kV,69_PSN_JCT,69_GDN_DSS,30.0,69
32569,60L271,BC Hydro,BC,British Columbia,1,ac,45.0,27.778,127.52,78.716,69,49.0,17.29,46,64,Radium JCT,BC_RDM_JCT,Spillimacheen JCT,BC_SPN_JCT,,BC_RDM_JCT,BC_SPN_JCT,46,64,49.0,17.29,127.52,69,51.1111,RDM_JCT_SPN_JCT,69kV,69_RDM_JCT,69_SPN_JCT,45.0,69
32570,60L271,BC Hydro,BC,British Columbia,1,ac,25.0,15.432,127.52,78.716,69,49.0,9.61,46,64,Spillimacheen JCT,BC_SPN_JCT,Parson JCT,BC_PSN_JCT,,BC_SPN_JCT,BC_PSN_JCT,46,64,49.0,9.61,127.52,69,51.1111,SPN_JCT_PSN_JCT,69kV,69_SPN_JCT,69_PSN_JCT,25.0,69
32571,60L271ATH,BC Hydro,BC,British Columbia,1,ac,0.139,0.086,0.139,0.086,69,0.05,0.05,49,94,Athalmer JCT,BC_ATH_JCT,Athalmer,BC_ATH_DSS,,BC_ATH_JCT,BC_ATH_DSS,49,94,0.05,0.05,0.139,69,54.4444,ATH_JCT_ATH_DSS,69kV,69_ATH_JCT,69_ATH_DSS,0.139,69
32572,60L271PSN,BC Hydro,BC,British Columbia,1,ac,0.576,0.356,0.576,0.356,69,0.22,0.22,30,56,Parson JCT,BC_PSN_JCT,Parson,BC_PSN_DSS,,BC_PSN_JCT,BC_PSN_DSS,30,56,0.22,0.22,0.576,69,33.3333,PSN_JCT_PSN_DSS,69kV,69_PSN_JCT,69_PSN_DSS,0.576,69
32573,60L271RDM,BC Hydro,BC,British Columbia,1,ac,0.054,0.033,0.054,0.033,69,0.02,0.02,30,56,Radium JCT,BC_RDM_JCT,Radium,BC_RDM_DSS,,BC_RDM_JCT,BC_RDM_DSS,30,56,0.02,0.02,0.054,69,33.3333,RDM_JCT_RDM_DSS,69kV,69_RDM_JCT,69_RDM_DSS,0.054,69
32574,60L271SPN,BC Hydro,BC,British Columbia,1,ac,3.78,2.334,3.78,2.334,69,1.45,1.45,30,56,Spillimacheen JCT,BC_SPN_JCT,Spillimacheen GS,BC_SPN_GSS,,BC_SPN_JCT,BC_SPN_GSS,30,56,1.45,1.45,3.78,69,33.3333,SPN_JCT_SPN_GSS,69kV,69_SPN_JCT,69_SPN_GSS,3.78,69
32575,60L272,BC Hydro,BC,British Columbia,1,ac,3.088,1.906,3.088,1.906,69,1.19,1.19,83,100,Kicking Horse,BC_KHS_DSS,Golden,BC_GDN_DSS,,BC_KHS_DSS,BC_GDN_DSS,83,100,1.19,1.19,3.088,69,92.2222,KHS_DSS_GDN_DSS,69kV,69_KHS_DSS,69_GDN_DSS,3.088,69
32576,60L281,BC Hydro,BC,British Columbia,1,ac,28.93,17.858,30.93,19.093,69,11.89,11.12,49,93,Fernie,BC_FNE_DSS,Sparwood JCT,BC_SPD_JCT,,BC_FNE_DSS,BC_SPD_JCT,49,93,11.89,11.12,30.93,69,54.4444,FNE_DSS_SPD_JCT,69kV,69_FNE_DSS,69_SPD_JCT,28.93,69
32577,60L281,BC Hydro,BC,British Columbia,1,ac,2.0,1.235,30.93,19.093,69,11.89,0.77,49,93,Sparwood JCT,BC_SPD_JCT,Natal,BC_NTL_DSS,,BC_SPD_JCT,BC_NTL_DSS,49,93,11.89,0.77,30.93,69,54.4444,SPD_JCT_NTL_DSS,69kV,69_SPD_JCT,69_NTL_DSS,2.0,69
32578,60L281SPD,BC Hydro,BC,British Columbia,1,ac,0.345,0.213,0.345,0.213,69,0.13,0.13,49,93,Sparwood JCT,BC_SPD_JCT,Sparwood,BC_SPD_DSS,,BC_SPD_JCT,BC_SPD_DSS,49,93,0.13,0.13,0.345,69,54.4444,SPD_JCT_SPD_DSS,69kV,69_SPD_JCT,69_SPD_DSS,0.345,69
32579,60L282,BC Hydro,BC,British Columbia,1,ac,32.14,19.84,32.14,19.84,69,12.35,12.35,37,49,Fernie,BC_FNE_DSS,Elko GS,BC_ELK_GSS,,BC_FNE_DSS,BC_ELK_GSS,37,49,12.35,12.35,32.14,69,41.1111,FNE_DSS_ELK_GSS,69kV,69_FNE_DSS,69_ELK_GSS,32.14,69
32580,60L283,BC Hydro,BC,British Columbia,1,ac,15.0,9.259,37.56,23.185,69,14.43,5.76,49,93,Cranbrook,BC_CBK_DSS,Fort Steele JCT,BC_FST_JCT,,BC_CBK_DSS,BC_FST_JCT,49,93,14.43,5.76,37.56,69,54.4444,CBK_DSS_FST_JCT,69kV,69_CBK_DSS,69_FST_JCT,15.0,69
32581,60L283,BC Hydro,BC,British Columbia,1,ac,20.56,12.691,37.56,23.185,69,14.43,7.9,49,93,Fort Steele JCT,BC_FST_JCT,Marysville JCT,BC_MVL_JCT,,BC_FST_JCT,BC_MVL_JCT,49,93,14.43,7.9,37.56,69,54.4444,FST_JCT_MVL_JCT,69kV,69_FST_JCT,69_MVL_JCT,20.56,69
32582,60L283,BC Hydro,BC,British Columbia,1,ac,2.0,1.235,37.56,23.185,69,14.43,0.77,49,93,Marysville JCT,BC_MVL_JCT,Kimberley,BC_KBY_DSS,,BC_MVL_JCT,BC_KBY_DSS,49,93,14.43,0.77,37.56,69,54.4444,MVL_JCT_KBY_DSS,69kV,69_MVL_JCT,69_KBY_DSS,2.0,69
32583,60L283FST,BC Hydro,BC,British Columbia,1,ac,0.078,0.048,0.078,0.048,69,0.03,0.03,30,55,Fort Steele JCT,BC_FST_JCT,Fort Steele,BC_FST_DSS,,BC_FST_JCT,BC_FST_DSS,30,55,0.03,0.03,0.078,69,33.3333,FST_JCT_FST_DSS,69kV,69_FST_JCT,69_FST_DSS,0.078,69
32584,60L283MVL,BC Hydro,BC,British Columbia,1,ac,0.072,0.045,0.072,0.045,69,0.03,0.03,49,93,Marysville JCT,BC_MVL_JCT,Marysville,BC_MVL_DSS,,BC_MVL_JCT,BC_MVL_DSS,49,93,0.03,0.03,0.072,69,54.4444,MVL_JCT_MVL_DSS,69kV,69_MVL_JCT,69_MVL_DSS,0.072,69
32585,60L284,BC Hydro,BC,British Columbia,1,ac,12.0,7.407,24.0,14.815,69,9.22,4.61,62,118,Cranbrook,BC_CBK_DSS,Moyie JCT,BC_MYE_JCT,,BC_CBK_DSS,BC_MYE_JCT,62,118,9.22,4.61,24.0,69,68.8889,CBK_DSS_MYE_JCT,69kV,69_CBK_DSS,69_MYE_JCT,12.0,69
32586,60L284,BC Hydro,BC,British Columbia,1,ac,12.0,7.407,24.0,14.815,69,9.22,4.61,62,118,Moyie JCT,BC_MYE_JCT,Steeples,BC_SPL_DSS,,BC_MYE_JCT,BC_SPL_DSS,62,118,9.22,4.61,24.0,69,68.8889,MYE_JCT_SPL_DSS,69kV,69_MYE_JCT,69_SPL_DSS,12.0,69
32587,60L284MYE,BC Hydro,BC,British Columbia,1,ac,27.39,16.907,27.39,16.907,69,10.53,10.53,16,28,Moyie JCT,BC_MYE_JCT,Moyie,BC_MYE_DSS,,BC_MYE_JCT,BC_MYE_DSS,16,28,10.53,10.53,27.39,69,17.7778,MYE_JCT_MYE_DSS,69kV,69_MYE_JCT,69_MYE_DSS,27.39,69
32588,60L285,BC Hydro,BC,British Columbia,1,ac,4.218,2.604,4.218,2.604,69,1.62,1.62,49,93,Natal,BC_NTL_DSS,Sparwood,BC_SPD_DSS,,BC_NTL_DSS,BC_SPD_DSS,49,93,1.62,1.62,4.218,69,54.4444,NTL_DSS_SPD_DSS,69kV,69_NTL_DSS,69_SPD_DSS,4.218,69
32589,60L287,BC Hydro,BC,British Columbia,1,ac,1.18,0.728,1.18,0.728,69,0.45,0.45,20,35,Elko GS,BC_ELK_GSS,Crestbrook,BC_CFE_DSS,,BC_ELK_GSS,BC_CFE_DSS,20,35,0.45,0.45,1.18,69,22.2222,ELK_GSS_CFE_DSS,69kV,69_ELK_GSS,69_CFE_DSS,1.18,69
32590,60L288,Elkview Coal,BC,British Columbia,1,ac,2.0,1.235,2.47,1.525,69,0.95,0.77,50,65,Elkview PN6 JCT,BC_PN6_JCT,Elkview Coal,BC_EV1_ISS,,BC_PN6_JCT,BC_EV1_ISS,50,65,0.95,0.77,2.47,69,55.5556,PN6_JCT_EV1_ISS,69kV,69_PN6_JCT,69_EV1_ISS,2.0,69
32591,60L288,BC Hydro,BC,British Columbia,1,ac,0.47,0.29,2.47,1.525,69,0.95,0.18,39,46,Natal,BC_NTL_DSS,Elkview PN6 JCT,BC_PN6_JCT,,BC_NTL_DSS,BC_PN6_JCT,39,46,0.95,0.18,2.47,69,43.3333,NTL_DSS_PN6_JCT,69kV,69_NTL_DSS,69_PN6_JCT,0.47,69
32592,60L288PN6,Elkview Coal,BC,British Columbia,1,ac,1.0,0.617,2.0,1.235,69,0.77,0.38,34,45,Elkview PN6,BC_PN6_ISS,Elkview MCL,BC_MCL_ISS,,BC_PN6_ISS,BC_MCL_ISS,34,45,0.77,0.38,2.0,69,37.7778,PN6_ISS_MCL_ISS,69kV,69_PN6_ISS,69_MCL_ISS,1.0,69
32593,60L288PN6,Elkview Coal,BC,British Columbia,1,ac,1.0,0.617,2.0,1.235,69,0.77,0.38,34,45,Elkview PN6 JCT,BC_PN6_JCT,Elkview PN6,BC_PN6_ISS,,BC_PN6_JCT,BC_PN6_ISS,34,45,0.77,0.38,2.0,69,37.7778,PN6_JCT_PN6_ISS,69kV,69_PN6_JCT,69_PN6_ISS,1.0,69
32594,60L289,BC Hydro,BC,British Columbia,1,ac,1.0,0.617,16.46,10.16,69,6.33,0.38,30,55,Bull River Mineral JCT,BC_BRM_JCT,Wardner,BC_WAR_DSS,,BC_BRM_JCT,BC_WAR_DSS,30,55,6.33,0.38,16.46,69,33.3333,BRM_JCT_WAR_DSS,69kV,69_BRM_JCT,69_WAR_DSS,1.0,69
32595,60L289,BC Hydro,BC,British Columbia,1,ac,14.46,8.926,16.46,10.16,69,6.33,5.56,30,55,Cranbrook,BC_CBK_DSS,Bull River Mineral JCT,BC_BRM_JCT,,BC_CBK_DSS,BC_BRM_JCT,30,55,6.33,5.56,16.46,69,33.3333,CBK_DSS_BRM_JCT,69kV,69_CBK_DSS,69_BRM_JCT,14.46,69
32596,60L289,BC Hydro,BC,British Columbia,1,ac,1.0,0.617,16.46,10.16,69,6.33,0.38,30,55,Wardner,BC_WAR_DSS,Aberfeldie GS,BC_ABN_GSS,,BC_WAR_DSS,BC_ABN_GSS,30,55,6.33,0.38,16.46,69,33.3333,WAR_DSS_ABN_GSS,69kV,69_WAR_DSS,69_ABN_GSS,1.0,69
32597,60L289BRM,BC Hydro,BC,British Columbia,1,ac,0.55,0.34,0.55,0.34,69,0.21,0.21,36,39,Bull River Mineral JCT,BC_BRM_JCT,Bull River Mineral,BC_BRM_ISS,,BC_BRM_JCT,BC_BRM_ISS,36,39,0.21,0.21,0.55,69,40.0,BRM_JCT_BRM_ISS,69kV,69_BRM_JCT,69_BRM_ISS,0.55,69
32598,60L290,BC Hydro,BC,British Columbia,1,ac,3.852,2.378,3.852,2.378,69,1.48,1.48,17,31,Elko GS,BC_ELK_GSS,Windsor JCT,BC_WIN_JCT,,BC_ELK_GSS,BC_WIN_JCT,17,31,1.48,1.48,3.852,69,18.8889,ELK_GSS_WIN_JCT,69kV,69_ELK_GSS,69_WIN_JCT,3.852,69
32599,60L290WIN,BC Hydro,BC,British Columbia,1,ac,0.01,0.006,0.01,0.006,69,0.0,0.0,17,31,Windsor JCT,BC_WIN_JCT,Windsor,BC_WIN_DSS,,BC_WIN_JCT,BC_WIN_DSS,17,31,0.0,0.0,0.01,69,18.8889,WIN_JCT_WIN_DSS,69kV,69_WIN_JCT,69_WIN_DSS,0.01,69
32600,60L292,BC Hydro,BC,British Columbia,1,ac,3.0,1.852,16.6,10.247,69,6.38,1.15,13,23,Coal Mountain JCT,BC_CMO_JCT,Crowsnest TransCanada JCT,BC_CNT_JCT,,BC_CMO_JCT,BC_CNT_JCT,13,23,6.38,1.15,16.6,69,14.4444,CMO_JCT_CNT_JCT,69kV,69_CMO_JCT,69_CNT_JCT,3.0,69
32601,60L292,BC Hydro,BC,British Columbia,1,ac,3.6,2.222,16.6,10.247,69,6.38,1.38,13,23,Crowsnest TransCanada JCT,BC_CNT_JCT,Crowsnest Pass GS,BC_CRW_GSS,,BC_CNT_JCT,BC_CRW_GSS,13,23,6.38,1.38,16.6,69,14.4444,CNT_JCT_CRW_GSS,69kV,69_CNT_JCT,69_CRW_GSS,3.6,69
32602,60L292,BC Hydro,BC,British Columbia,1,ac,10.0,6.173,16.6,10.247,69,6.38,3.84,30,55,Natal,BC_NTL_DSS,Coal Mountain JCT,BC_CMO_JCT,,BC_NTL_DSS,BC_CMO_JCT,30,55,6.38,3.84,16.6,69,33.3333,NTL_DSS_CMO_JCT,69kV,69_NTL_DSS,69_CMO_JCT,10.0,69
32603,60L292CMO,BC Hydro,BC,British Columbia,1,ac,24.351,15.032,24.351,15.032,69,9.36,9.36,30,55,Coal Mountain JCT,BC_CMO_JCT,Coal Mountain,BC_CMO_DSS,,BC_CMO_JCT,BC_CMO_DSS,30,55,9.36,9.36,24.351,69,33.3333,CMO_JCT_CMO_DSS,69kV,69_CMO_JCT,69_CMO_DSS,24.351,69
32604,60L292CNT,BC Hydro,BC,British Columbia,1,ac,0.27,0.167,0.27,0.167,69,0.1,0.1,36,39,Crowsnest TransCanada JCT,BC_CNT_JCT,Crowsnest TransCanada,BC_CNT_ISS,,BC_CNT_JCT,BC_CNT_ISS,36,39,0.1,0.1,0.27,69,40.0,CNT_JCT_CNT_ISS,69kV,69_CNT_JCT,69_CNT_ISS,0.27,69
32605,60L294,BC Hydro,BC,British Columbia,1,ac,32.087,19.807,64.174,39.614,69,24.66,12.33,30,55,Elko GS,BC_ELK_GSS,Windsor JCT,BC_WIN_JCT,,BC_ELK_GSS,BC_WIN_JCT,30,55,24.66,12.33,64.174,69,33.3333,ELK_GSS_WIN_JCT,69kV,69_ELK_GSS,69_WIN_JCT,32.087,69
32606,60L294,BC Hydro,BC,British Columbia,1,ac,32.087,19.807,64.174,39.614,69,24.66,12.33,30,55,Windsor JCT,BC_WIN_JCT,Aberfeldie GS,BC_ABN_GSS,,BC_WIN_JCT,BC_ABN_GSS,30,55,24.66,12.33,64.174,69,33.3333,WIN_JCT_ABN_GSS,69kV,69_WIN_JCT,69_ABN_GSS,32.087,69
32607,60L294WIN,BC Hydro,BC,British Columbia,1,ac,3.0,1.852,3.0,1.852,69,1.15,1.15,30,55,Windsor JCT,BC_WIN_JCT,Windsor,BC_WIN_DSS,,BC_WIN_JCT,BC_WIN_DSS,30,55,1.15,1.15,3.0,69,33.3333,WIN_JCT_WIN_DSS,69kV,69_WIN_JCT,69_WIN_DSS,3.0,69
32608,60L295,BC Hydro,BC,British Columbia,1,ac,11.6,7.161,11.95,7.377,69,4.59,4.46,62,93,Steeples JCT,BC_SPL_JCT,Joseph Creek,BC_JOE_DSS,,BC_SPL_JCT,BC_JOE_DSS,62,93,4.59,4.46,11.95,69,68.8889,SPL_JCT_JOE_DSS,69kV,69_SPL_JCT,69_JOE_DSS,11.6,69
32609,60L295,BC Hydro,BC,British Columbia,1,ac,0.35,0.216,11.95,7.377,69,4.59,0.13,62,118,Steeples JCT,BC_SPL_JCT,Steeples,BC_SPL_DSS,,BC_SPL_JCT,BC_SPL_DSS,62,118,4.59,0.13,11.95,69,68.8889,SPL_JCT_SPL_DSS,69kV,69_SPL_JCT,69_SPL_DSS,0.35,69
32610,60L298,BC Hydro,BC,British Columbia,1,ac,21.766,13.436,21.766,13.436,69,8.36,8.36,49,93,Joseph Creek,BC_JOE_DSS,Kimberley,BC_KBY_DSS,,BC_JOE_DSS,BC_KBY_DSS,49,93,8.36,8.36,21.766,69,54.4444,JOE_DSS_KBY_DSS,69kV,69_JOE_DSS,69_KBY_DSS,21.766,69
32611,60L299,BC Hydro,BC,British Columbia,1,ac,18.22,11.247,18.22,11.247,69,7.0,7.0,62,118,Cranbrook,BC_CBK_DSS,Joseph Creek,BC_JOE_DSS,,BC_CBK_DSS,BC_JOE_DSS,62,118,7.0,7.0,18.22,69,68.8889,CBK_DSS_JOE_DSS,69kV,69_CBK_DSS,69_JOE_DSS,18.22,69
32612,60L300,BC Hydro,BC,British Columbia,1,ac,20.15,12.438,51.3,31.667,69,19.71,7.74,26,43,Gibraltar Wells JCT,BC_GBW_JCT,West Fraser Quesnel Plywood JCT,BC_WQL_JCT,,BC_GBW_JCT,BC_WQL_JCT,26,43,19.71,7.74,51.3,69,28.8889,GBW_JCT_WQL_JCT,69kV,69_GBW_JCT,69_WQL_JCT,20.15,69
32613,60L300,BC Hydro,BC,British Columbia,1,ac,1.0,0.617,51.3,31.667,69,19.71,0.38,96,115,Marguerite JCT,BC_MGT_JCT,Gibraltar Wells JCT,BC_GBW_JCT,,BC_MGT_JCT,BC_GBW_JCT,96,115,19.71,0.38,51.3,69,106.6667,MGT_JCT_GBW_JCT,69kV,69_MGT_JCT,69_GBW_JCT,1.0,69
32614,60L300,BC Hydro,BC,British Columbia,1,ac,5.0,3.086,51.3,31.667,69,19.71,1.92,96,115,Mount Polley Mining JCT,BC_MTP_JCT,Marguerite JCT,BC_MGT_JCT,,BC_MTP_JCT,BC_MGT_JCT,96,115,19.71,1.92,51.3,69,106.6667,MTP_JCT_MGT_JCT,69kV,69_MTP_JCT,69_MGT_JCT,5.0,69
32615,60L300,BC Hydro,BC,British Columbia,1,ac,5.0,3.086,51.3,31.667,69,19.71,1.92,97,110,Soda Creek,BC_SCK_DSS,Mount Polley Mining JCT,BC_MTP_JCT,,BC_SCK_DSS,BC_MTP_JCT,97,110,19.71,1.92,51.3,69,107.7778,SCK_DSS_MTP_JCT,69kV,69_SCK_DSS,69_MTP_JCT,5.0,69
32616,60L300,BC Hydro,BC,British Columbia,1,ac,20.15,12.438,51.3,31.667,69,19.71,7.74,26,43,West Fraser Quesnel Plywood JCT,BC_WQL_JCT,Barlow,BC_BLW_DSS,,BC_WQL_JCT,BC_BLW_DSS,26,43,19.71,7.74,51.3,69,28.8889,WQL_JCT_BLW_DSS,69kV,69_WQL_JCT,69_BLW_DSS,20.15,69
32617,60L300GBR,BC Hydro,BC,British Columbia,1,ac,10.38,6.407,10.38,6.407,69,3.99,3.99,51,86,Gibraltar Wells,BC_GBW_ISS,Gibraltar Mine,BC_GBR_ISS,,BC_GBW_ISS,BC_GBR_ISS,51,86,3.99,3.99,10.38,69,56.6667,GBW_ISS_GBR_ISS,69kV,69_GBW_ISS,69_GBR_ISS,10.38,69
32618,60L300GBW,BC Hydro,BC,British Columbia,1,ac,0.044,0.027,0.044,0.027,69,0.02,0.02,51,86,Gibraltar Wells JCT,BC_GBW_JCT,Gibraltar Wells,BC_GBW_ISS,,BC_GBW_JCT,BC_GBW_ISS,51,86,0.02,0.02,0.044,69,56.6667,GBW_JCT_GBW_ISS,69kV,69_GBW_JCT,69_GBW_ISS,0.044,69
32619,60L300GVL,BC Hydro,BC,British Columbia,1,ac,0.02,0.012,0.02,0.012,69,0.01,0.01,56,71,Gavin Lake JCT,BC_GVL_JCT,Gavin Lake,BC_GVL_DSS,,BC_GVL_JCT,BC_GVL_DSS,56,71,0.01,0.01,0.02,69,62.2222,GVL_JCT_GVL_DSS,69kV,69_GVL_JCT,69_GVL_DSS,0.02,69
32620,60L300MGT,BC Hydro,BC,British Columbia,1,ac,0.259,0.16,0.259,0.16,69,0.1,0.1,26,43,Marguerite JCT,BC_MGT_JCT,Marguerite,BC_MGT_DSS,,BC_MGT_JCT,BC_MGT_DSS,26,43,0.1,0.1,0.259,69,28.8889,MGT_JCT_MGT_DSS,69kV,69_MGT_JCT,69_MGT_DSS,0.259,69
32621,60L300MTP,BC Hydro,BC,British Columbia,1,ac,8.5,5.247,58.5,36.111,69,22.48,3.27,97,116,Gavin Lake JCT,BC_GVL_JCT,Mount Polley Mining,BC_MTP_DSS,,BC_GVL_JCT,BC_MTP_DSS,97,116,22.48,3.27,58.5,69,107.7778,GVL_JCT_MTP_DSS,69kV,69_GVL_JCT,69_MTP_DSS,8.5,69
32622,60L300MTP,BC Hydro,BC,British Columbia,1,ac,50.0,30.864,58.5,36.111,69,22.48,19.21,97,116,Mount Polley Mining JCT,BC_MTP_JCT,Gavin Lake JCT,BC_GVL_JCT,,BC_MTP_JCT,BC_GVL_JCT,97,116,22.48,19.21,58.5,69,107.7778,MTP_JCT_GVL_JCT,69kV,69_MTP_JCT,69_GVL_JCT,50.0,69
32623,60L300WQL,BC Hydro,BC,British Columbia,1,ac,0.96,0.593,0.96,0.593,69,0.37,0.37,32,51,West Fraser Quesnel Plywood JCT,BC_WQL_JCT,West Fraser Quesnel Plywood,BC_WQL_ISS,,BC_WQL_JCT,BC_WQL_ISS,32,51,0.37,0.37,0.96,69,35.5556,WQL_JCT_WQL_ISS,69kV,69_WQL_JCT,69_WQL_ISS,0.96,69
32624,60L301,BC Hydro,BC,British Columbia,1,ac,1.24,0.765,101.24,62.494,69,38.91,0.48,30,50,Ainsworth JCT,BC_AWL_JCT,Hundred Mile House,BC_HMH_DSS,,BC_AWL_JCT,BC_HMH_DSS,30,50,38.91,0.48,101.24,69,33.3333,AWL_JCT_HMH_DSS,69kV,69_AWL_JCT,69_HMH_DSS,1.24,69
32625,60L301,BC Hydro,BC,British Columbia,1,ac,30.0,18.519,101.24,62.494,69,38.91,11.53,30,50,Carquille,BC_CRQ_DSS,Clinton JCT,BC_CLN_JCT,,BC_CRQ_DSS,BC_CLN_JCT,30,50,38.91,11.53,101.24,69,33.3333,CRQ_DSS_CLN_JCT,69kV,69_CRQ_DSS,69_CLN_JCT,30.0,69
32626,60L301,BC Hydro,BC,British Columbia,1,ac,30.0,18.519,101.24,62.494,69,38.91,11.53,30,50,Clinton JCT,BC_CLN_JCT,Seventy Mile House JCT,BC_SMH_JCT,,BC_CLN_JCT,BC_SMH_JCT,30,50,38.91,11.53,101.24,69,33.3333,CLN_JCT_SMH_JCT,69kV,69_CLN_JCT,69_SMH_JCT,30.0,69
32627,60L301,BC Hydro,BC,British Columbia,1,ac,40.0,24.691,101.24,62.494,69,38.91,15.37,30,50,Seventy Mile House JCT,BC_SMH_JCT,Ainsworth JCT,BC_AWL_JCT,,BC_SMH_JCT,BC_AWL_JCT,30,50,38.91,15.37,101.24,69,33.3333,SMH_JCT_AWL_JCT,69kV,69_SMH_JCT,69_AWL_JCT,40.0,69
32628,60L301AWL,BC Hydro,BC,British Columbia,1,ac,2.5,1.543,2.5,1.543,69,0.96,0.96,36,43,Ainsworth JCT,BC_AWL_JCT,Ainsworth,BC_AWL_DSS,,BC_AWL_JCT,BC_AWL_DSS,36,43,0.96,0.96,2.5,69,40.0,AWL_JCT_AWL_DSS,69kV,69_AWL_JCT,69_AWL_DSS,2.5,69
32629,60L301CLN,BC Hydro,BC,British Columbia,1,ac,0.97,0.599,0.97,0.599,69,0.37,0.37,30,50,Clinton JCT,BC_CLN_JCT,Clinton,BC_CLN_DSS,,BC_CLN_JCT,BC_CLN_DSS,30,50,0.37,0.37,0.97,69,33.3333,CLN_JCT_CLN_DSS,69kV,69_CLN_JCT,69_CLN_DSS,0.97,69
32630,60L301SMH,BC Hydro,BC,British Columbia,1,ac,0.111,0.069,0.111,0.069,69,0.04,0.04,30,50,Seventy Mile House JCT,BC_SMH_JCT,Seventy Mile House,BC_SMH_DSS,,BC_SMH_JCT,BC_SMH_DSS,30,50,0.04,0.04,0.111,69,33.3333,SMH_JCT_SMH_DSS,69kV,69_SMH_JCT,69_SMH_DSS,0.111,69
32631,60L302,BC Hydro,BC,British Columbia,1,ac,18.0,11.111,21.73,13.414,69,8.35,6.92,51,86,Soda Creek,BC_SCK_DSS,Timber West JCT,BC_TWT_JCT,,BC_SCK_DSS,BC_TWT_JCT,51,86,8.35,6.92,21.73,69,56.6667,SCK_DSS_TWT_JCT,69kV,69_SCK_DSS,69_TWT_JCT,18.0,69
32632,60L302,BC Hydro,BC,British Columbia,1,ac,1.0,0.617,21.73,13.414,69,8.35,0.38,51,86,Timber West JCT,BC_TWT_JCT,West Fraser Williams Lake JCT,BC_WWL_JCT,,BC_TWT_JCT,BC_WWL_JCT,51,86,8.35,0.38,21.73,69,56.6667,TWT_JCT_WWL_JCT,69kV,69_TWT_JCT,69_WWL_JCT,1.0,69
32633,60L302,BC Hydro,BC,British Columbia,1,ac,1.0,0.617,21.73,13.414,69,8.35,0.38,51,86,Tolko Lignum JCT,BC_LGW_JCT,Williams Lake,BC_WLM_DSS,,BC_LGW_JCT,BC_WLM_DSS,51,86,8.35,0.38,21.73,69,56.6667,LGW_JCT_WLM_DSS,69kV,69_LGW_JCT,69_WLM_DSS,1.0,69
32634,60L302,BC Hydro,BC,British Columbia,1,ac,1.73,1.068,21.73,13.414,69,8.35,0.66,51,86,West Fraser Williams Lake JCT,BC_WWL_JCT,Tolko Lignum JCT,BC_LGW_JCT,,BC_WWL_JCT,BC_LGW_JCT,51,86,8.35,0.66,21.73,69,56.6667,WWL_JCT_LGW_JCT,69kV,69_WWL_JCT,69_LGW_JCT,1.73,69
32635,60L302LGW,BC Hydro,BC,British Columbia,1,ac,1.658,1.023,1.658,1.023,69,0.64,0.64,36,39,Tolko Lignum JCT,BC_LGW_JCT,Tolko Lignum,BC_LGW_DSS,,BC_LGW_JCT,BC_LGW_DSS,36,39,0.64,0.64,1.658,69,40.0,LGW_JCT_LGW_DSS,69kV,69_LGW_JCT,69_LGW_DSS,1.658,69
32636,60L302TWT,BC Hydro,BC,British Columbia,1,ac,0.009,0.005,0.009,0.005,69,0.0,0.0,36,39,Timber West JCT,BC_TWT_JCT,Timber West,BC_TWT_DSS,,BC_TWT_JCT,BC_TWT_DSS,36,39,0.0,0.0,0.009,69,40.0,TWT_JCT_TWT_DSS,69kV,69_TWT_JCT,69_TWT_DSS,0.009,69
32637,60L302WWL,BC Hydro,BC,British Columbia,1,ac,0.055,0.034,0.055,0.034,69,0.02,0.02,36,39,West Fraser Williams Lake JCT,BC_WWL_JCT,West Fraser Williams Lake,BC_WWL_ISS,,BC_WWL_JCT,BC_WWL_ISS,36,39,0.02,0.02,0.055,69,40.0,WWL_JCT_WWL_ISS,69kV,69_WWL_JCT,69_WWL_ISS,0.055,69
32638,60L303,BC Hydro,BC,British Columbia,1,ac,3.9,2.407,11.8,7.284,69,4.53,1.5,77,109,Cariboo Pulp JCT,BC_CBP_JCT,West Pine JCT,BC_WPN_JCT,,BC_CBP_JCT,BC_WPN_JCT,77,109,4.53,1.5,11.8,69,85.5556,CBP_JCT_WPN_JCT,69kV,69_CBP_JCT,69_WPN_JCT,3.9,69
32639,60L303,BC Hydro,BC,British Columbia,1,ac,0.6,0.37,11.8,7.284,69,4.53,0.23,97,116,Cariboo Pulp JCT,BC_CBP_JCT,Weldwood Quesnel JCT,BC_WWQ_JCT,,BC_CBP_JCT,BC_WWQ_JCT,97,116,4.53,0.23,11.8,69,107.7778,CBP_JCT_WWQ_JCT,69kV,69_CBP_JCT,69_WWQ_JCT,0.6,69
32640,60L303,BC Hydro,BC,British Columbia,1,ac,1.0,0.617,11.8,7.284,69,4.53,0.38,66,94,Quesnel,BC_QNL_DSS,Cariboo Pulp JCT,BC_CBP_JCT,,BC_QNL_DSS,BC_CBP_JCT,66,94,4.53,0.38,11.8,69,73.3333,QNL_DSS_CBP_JCT,69kV,69_QNL_DSS,69_CBP_JCT,1.0,69
32641,60L303,BC Hydro,BC,British Columbia,1,ac,1.4,0.864,11.8,7.284,69,4.53,0.54,57,68,Slocan Sawmill Quesnel JCT,BC_SSQ_JCT,West Pine,BC_WPN_DSS,,BC_SSQ_JCT,BC_WPN_DSS,57,68,4.53,0.54,11.8,69,63.3333,SSQ_JCT_WPN_DSS,69kV,69_SSQ_JCT,69_WPN_DSS,1.4,69
32642,60L303,BC Hydro,BC,British Columbia,1,ac,3.9,2.407,11.8,7.284,69,4.53,1.5,57,68,Slocan Sawmill Quesnel JCT,BC_SSQ_JCT,West Pine JCT,BC_WPN_JCT,,BC_SSQ_JCT,BC_WPN_JCT,57,68,4.53,1.5,11.8,69,63.3333,SSQ_JCT_WPN_JCT,69kV,69_SSQ_JCT,69_WPN_JCT,3.9,69
32643,60L303,BC Hydro,BC,British Columbia,1,ac,1.0,0.617,11.8,7.284,69,4.53,0.38,97,116,West Pine JCT,BC_WPN_JCT,Barlow,BC_BLW_DSS,,BC_WPN_JCT,BC_BLW_DSS,97,116,4.53,0.38,11.8,69,107.7778,WPN_JCT_BLW_DSS,69kV,69_WPN_JCT,69_BLW_DSS,1.0,69
32644,60L303CBP,BC Hydro,BC,British Columbia,1,ac,0.49,0.302,0.49,0.302,69,0.19,0.19,57,68,Weldwood Quesnel JCT,BC_WWQ_JCT,Cariboo Pulp GS,BC_CBP_GSS,,BC_WWQ_JCT,BC_CBP_GSS,57,68,0.19,0.19,0.49,69,63.3333,WWQ_JCT_CBP_GSS,69kV,69_WWQ_JCT,69_CBP_GSS,0.49,69
32645,60L303SSQ,BC Hydro,BC,British Columbia,1,ac,1.03,0.636,1.03,0.636,69,0.4,0.4,57,68,Slocan Sawmill Quesnel JCT,BC_SSQ_JCT,Slocan Sawmill Quesnel,BC_SSQ_ISS,,BC_SSQ_JCT,BC_SSQ_ISS,57,68,0.4,0.4,1.03,69,63.3333,SSQ_JCT_SSQ_ISS,69kV,69_SSQ_JCT,69_SSQ_ISS,1.03,69
32646,60L303WPN,BC Hydro,BC,British Columbia,1,ac,5.661,3.495,5.661,3.495,69,2.18,2.18,57,68,West Pine JCT,BC_WPN_JCT,West Pine,BC_WPN_DSS,,BC_WPN_JCT,BC_WPN_DSS,57,68,2.18,2.18,5.661,69,63.3333,WPN_JCT_WPN_DSS,69kV,69_WPN_JCT,69_WPN_DSS,5.661,69
32647,60L303WWQ,BC Hydro,BC,British Columbia,1,ac,0.2,0.123,0.2,0.123,69,0.08,0.08,57,68,Weldwood Quesnel,BC_WWQ_ISS,Weldwood Quesnel JCT,BC_WWQ_JCT,,BC_WWQ_ISS,BC_WWQ_JCT,57,68,0.08,0.08,0.2,69,63.3333,WWQ_ISS_WWQ_JCT,69kV,69_WWQ_ISS,69_WWQ_JCT,0.2,69
32648,60L306,BC Hydro,BC,British Columbia,1,ac,1.0,0.617,6.66,4.111,69,2.56,0.38,97,116,Quesnel,BC_QNL_DSS,West Fraser Quesnel JCT,BC_WFQ_JCT,,BC_QNL_DSS,BC_WFQ_JCT,97,116,2.56,0.38,6.66,69,107.7778,QNL_DSS_WFQ_JCT,69kV,69_QNL_DSS,69_WFQ_JCT,1.0,69
32649,60L306,BC Hydro,BC,British Columbia,1,ac,5.66,3.494,6.66,4.111,69,2.56,2.18,97,116,West Fraser Quesnel JCT,BC_WFQ_JCT,Barlow JCT,BC_BLW_JCT,,BC_WFQ_JCT,BC_BLW_JCT,97,116,2.56,2.18,6.66,69,107.7778,WFQ_JCT_BLW_JCT,69kV,69_WFQ_JCT,69_BLW_JCT,5.66,69
32650,60L306BLW,BC Hydro,BC,British Columbia,1,ac,0.07,0.043,0.07,0.043,69,0.03,0.03,97,116,Barlow JCT,BC_BLW_JCT,Barlow,BC_BLW_DSS,,BC_BLW_JCT,BC_BLW_DSS,97,116,0.03,0.03,0.07,69,107.7778,BLW_JCT_BLW_DSS,69kV,69_BLW_JCT,69_BLW_DSS,0.07,69
32651,60L306WFQ,BC Hydro,BC,British Columbia,1,ac,0.13,0.08,0.13,0.08,69,0.05,0.05,56,71,West Fraser Quesnel JCT,BC_WFQ_JCT,West Fraser Quesnel,BC_WFQ_ISS,,BC_WFQ_JCT,BC_WFQ_ISS,56,71,0.05,0.05,0.13,69,62.2222,WFQ_JCT_WFQ_ISS,69kV,69_WFQ_JCT,69_WFQ_ISS,0.13,69
32652,60L308,BC Hydro,BC,British Columbia,1,ac,26.83,16.562,26.83,16.562,69,10.31,10.31,52,89,Soda Creek,BC_SCK_DSS,Williams Lake,BC_WLM_DSS,,BC_SCK_DSS,BC_WLM_DSS,52,89,10.31,10.31,26.83,69,57.7778,SCK_DSS_WLM_DSS,69kV,69_SCK_DSS,69_WLM_DSS,26.83,69
32653,60L309,BC Hydro,BC,British Columbia,1,ac,6.382,3.94,6.382,3.94,69,2.45,2.45,94,114,North West Energy,BC_NWE_ISS,Williams Lake,BC_WLM_DSS,,BC_NWE_ISS,BC_WLM_DSS,94,114,2.45,2.45,6.382,69,104.4444,NWE_ISS_WLM_DSS,69kV,69_NWE_ISS,69_WLM_DSS,6.382,69
32654,60L310,BC Hydro,BC,British Columbia,1,ac,1.19,0.735,31.19,19.253,69,11.99,0.46,94,120,Gibraltar Capacitor JCT,BC_GBC_JCT,Gibraltar Mine,BC_GBR_ISS,,BC_GBC_JCT,BC_GBR_ISS,94,120,11.99,0.46,31.19,69,104.4444,GBC_JCT_GBR_ISS,69kV,69_GBC_JCT,69_GBR_ISS,1.19,69
32655,60L310,BC Hydro,BC,British Columbia,1,ac,30.0,18.519,31.19,19.253,69,11.99,11.53,94,120,Soda Creek,BC_SCK_DSS,Gibraltar Capacitor JCT,BC_GBC_JCT,,BC_SCK_DSS,BC_GBC_JCT,94,120,11.99,11.53,31.19,69,104.4444,SCK_DSS_GBC_JCT,69kV,69_SCK_DSS,69_GBC_JCT,30.0,69
32656,60L310GBC,BC Hydro,BC,British Columbia,1,ac,0.07,0.043,0.07,0.043,69,0.03,0.03,36,39,Gibraltar Capacitor JCT,BC_GBC_JCT,Gibraltar Capacitor,BC_GBC_DSS,,BC_GBC_JCT,BC_GBC_DSS,36,39,0.03,0.03,0.07,69,40.0,GBC_JCT_GBC_DSS,69kV,69_GBC_JCT,69_GBC_DSS,0.07,69
32657,60L327,BC Hydro,BC,British Columbia,1,ac,14.8,9.136,14.8,9.136,69,5.69,5.69,51,86,Williston,BC_WSN_DSS,Beaverley,BC_BVY_DSS,,BC_WSN_DSS,BC_BVY_DSS,51,86,5.69,5.69,14.8,69,56.6667,WSN_DSS_BVY_DSS,69kV,69_WSN_DSS,69_BVY_DSS,14.8,69
32658,60L329,BC Hydro,BC,British Columbia,1,ac,19.0,11.728,22.0,13.58,69,8.45,7.3,46,64,Canfor JCT,BC_PLT_JCT,Tachick JCT,BC_TAC_JCT,,BC_PLT_JCT,BC_TAC_JCT,46,64,8.45,7.3,22.0,69,51.1111,PLT_JCT_TAC_JCT,69kV,69_PLT_JCT,69_TAC_JCT,19.0,69
32659,60L329,BC Hydro,BC,British Columbia,1,ac,1.0,0.617,22.0,13.58,69,8.45,0.38,39,55,Nechako Lumber JCT,BC_NLV_JCT,Vanderhoof JCT,BC_VDF_JCT,,BC_NLV_JCT,BC_VDF_JCT,39,55,8.45,0.38,22.0,69,43.3333,NLV_JCT_VDF_JCT,69kV,69_NLV_JCT,69_VDF_JCT,1.0,69
32660,60L329,BC Hydro,BC,British Columbia,1,ac,2.0,1.235,22.0,13.58,69,8.45,0.77,39,55,Tachick JCT,BC_TAC_JCT,Nechako Lumber JCT,BC_NLV_JCT,,BC_TAC_JCT,BC_NLV_JCT,39,55,8.45,0.77,22.0,69,43.3333,TAC_JCT_NLV_JCT,69kV,69_TAC_JCT,69_NLV_JCT,2.0,69
32661,60L329NLV,BC Hydro,BC,British Columbia,1,ac,0.058,0.036,0.058,0.036,69,0.02,0.02,56,71,Nechako Lumber JCT,BC_NLV_JCT,Nechako Lumber,BC_NLV_DSS,,BC_NLV_JCT,BC_NLV_DSS,56,71,0.02,0.02,0.058,69,62.2222,NLV_JCT_NLV_DSS,69kV,69_NLV_JCT,69_NLV_DSS,0.058,69
32662,60L329PLT,BC Hydro,BC,British Columbia,1,ac,0.289,0.178,0.289,0.178,69,0.11,0.11,46,64,Canfor,BC_PLT_ISS,Canfor JCT,BC_PLT_JCT,,BC_PLT_ISS,BC_PLT_JCT,46,64,0.11,0.11,0.289,69,51.1111,PLT_ISS_PLT_JCT,69kV,69_PLT_ISS,69_PLT_JCT,0.289,69
32663,60L329TAC,BC Hydro,BC,British Columbia,1,ac,1.736,1.072,1.736,1.072,69,0.67,0.67,94,120,Tachick JCT,BC_TAC_JCT,Tachick,BC_TAC_DSS,,BC_TAC_JCT,BC_TAC_DSS,94,120,0.67,0.67,1.736,69,104.4444,TAC_JCT_TAC_DSS,69kV,69_TAC_JCT,69_TAC_DSS,1.736,69
32664,60L329VDF,BC Hydro,BC,British Columbia,2,ac,0.014,0.009,0.014,0.009,69,0.01,0.01,39,55,Vanderhoof JCT,BC_VDF_JCT,Vanderhoof,BC_VDF_DSS,,BC_VDF_JCT,BC_VDF_DSS,39,55,0.01,0.01,0.014,69,43.3333,VDF_JCT_VDF_DSS,69kV,69_VDF_JCT,69_VDF_DSS,0.014,69
32665,60L330,BC Hydro,BC,British Columbia,1,ac,6.232,3.847,6.232,3.847,69,2.39,2.39,51,86,Williston,BC_WSN_DSS,Pineview,BC_PVW_DSS,,BC_WSN_DSS,BC_PVW_DSS,51,86,2.39,2.39,6.232,69,56.6667,WSN_DSS_PVW_DSS,69kV,69_WSN_DSS,69_PVW_DSS,6.232,69
32666,60L331,BC Hydro,BC,British Columbia,1,ac,6.0,3.704,14.597,9.01,69,5.61,2.31,97,116,Prince George JCT,BC_PGG_JCT,Patricia,BC_PCA_DSS,,BC_PGG_JCT,BC_PCA_DSS,97,116,5.61,2.31,14.597,69,107.7778,PGG_JCT_PCA_DSS,69kV,69_PGG_JCT,69_PCA_DSS,6.0,69
32667,60L331,BC Hydro,BC,British Columbia,1,ac,8.597,5.307,14.597,9.01,69,5.61,3.3,97,116,Williston,BC_WSN_DSS,Prince George JCT,BC_PGG_JCT,,BC_WSN_DSS,BC_PGG_JCT,97,116,5.61,3.3,14.597,69,107.7778,WSN_DSS_PGG_JCT,69kV,69_WSN_DSS,69_PGG_JCT,8.597,69
32668,60L331PGG,BC Hydro,BC,British Columbia,1,ac,4.628,2.857,4.628,2.857,69,1.78,1.78,97,116,Prince George JCT,BC_PGG_JCT,Prince George,BC_PGG_DSS,,BC_PGG_JCT,BC_PGG_DSS,97,116,1.78,1.78,4.628,69,107.7778,PGG_JCT_PGG_DSS,69kV,69_PGG_JCT,69_PGG_DSS,4.628,69
32669,60L332,BC Hydro,BC,British Columbia,1,ac,6.0,3.704,17.41,10.747,69,6.69,2.31,97,116,Canfor Rustad Division JCT,BC_NOS_JCT,Patricia,BC_PCA_DSS,,BC_NOS_JCT,BC_PCA_DSS,97,116,6.69,2.31,17.41,69,107.7778,NOS_JCT_PCA_DSS,69kV,69_NOS_JCT,69_PCA_DSS,6.0,69
32670,60L332,BC Hydro,BC,British Columbia,1,ac,5.0,3.086,17.41,10.747,69,6.69,1.92,97,116,Pineview JCT,BC_PVW_JCT,Canfor Rustad Division JCT,BC_NOS_JCT,,BC_PVW_JCT,BC_NOS_JCT,97,116,6.69,1.92,17.41,69,107.7778,PVW_JCT_NOS_JCT,69kV,69_PVW_JCT,69_NOS_JCT,5.0,69
32671,60L332,BC Hydro,BC,British Columbia,1,ac,6.41,3.957,17.41,10.747,69,6.69,2.46,97,116,Williston,BC_WSN_DSS,Pineview JCT,BC_PVW_JCT,,BC_WSN_DSS,BC_PVW_JCT,97,116,6.69,2.46,17.41,69,107.7778,WSN_DSS_PVW_JCT,69kV,69_WSN_DSS,69_PVW_JCT,6.41,69
32672,60L332NOS,BC Hydro,BC,British Columbia,1,ac,0.016,0.01,0.016,0.01,69,0.01,0.01,36,39,Canfor Rustad Division JCT,BC_NOS_JCT,Canfor Rustad Division,BC_NOS_ISS,,BC_NOS_JCT,BC_NOS_ISS,36,39,0.01,0.01,0.016,69,40.0,NOS_JCT_NOS_ISS,69kV,69_NOS_JCT,69_NOS_ISS,0.016,69
32673,60L332PVW,BC Hydro,BC,British Columbia,1,ac,0.102,0.063,0.102,0.063,69,0.04,0.04,36,39,Pineview JCT,BC_PVW_JCT,Pineview,BC_PVW_DSS,,BC_PVW_JCT,BC_PVW_DSS,36,39,0.04,0.04,0.102,69,40.0,PVW_JCT_PVW_DSS,69kV,69_PVW_JCT,69_PVW_DSS,0.102,69
32674,60L336,BC Hydro,BC,British Columbia,1,ac,0.5,0.309,14.24,8.79,69,5.47,0.19,97,116,Chemtrade Pulp Chlorate JCT,BC_BCM_JCT,FMC Prince George JCT,BC_FMC_JCT,,BC_BCM_JCT,BC_FMC_JCT,97,116,5.47,0.19,14.24,69,107.7778,BCM_JCT_FMC_JCT,69kV,69_BCM_JCT,69_FMC_JCT,0.5,69
32675,60L336,BC Hydro,BC,British Columbia,1,ac,0.24,0.148,14.24,8.79,69,5.47,0.09,97,116,FMC Prince George JCT,BC_FMC_JCT,Canreed,BC_CRD_DSS,,BC_FMC_JCT,BC_CRD_DSS,97,116,5.47,0.09,14.24,69,107.7778,FMC_JCT_CRD_DSS,69kV,69_FMC_JCT,69_CRD_DSS,0.24,69
32676,60L336,BC Hydro,BC,British Columbia,1,ac,13.5,8.333,14.24,8.79,69,5.47,5.19,97,116,Williston,BC_WSN_DSS,Chemtrade Pulp Chlorate JCT,BC_BCM_JCT,,BC_WSN_DSS,BC_BCM_JCT,97,116,5.47,5.19,14.24,69,107.7778,WSN_DSS_BCM_JCT,69kV,69_WSN_DSS,69_BCM_JCT,13.5,69
32677,60L336BCM,BC Hydro,BC,British Columbia,1,ac,0.037,0.023,0.037,0.023,69,0.01,0.01,97,116,Chemtrade Pulp Chlorate JCT,BC_BCM_JCT,Chemtrade Pulp Chlorate,BC_BCM_ISS,,BC_BCM_JCT,BC_BCM_ISS,97,116,0.01,0.01,0.037,69,107.7778,BCM_JCT_BCM_ISS,69kV,69_BCM_JCT,69_BCM_ISS,0.037,69
32678,60L336FMC,BC Hydro,BC,British Columbia,1,ac,1.158,0.715,1.158,0.715,69,0.44,0.44,57,68,FMC Prince George JCT,BC_FMC_JCT,FMC Prince George,BC_FMC_ISS,,BC_FMC_JCT,BC_FMC_ISS,57,68,0.44,0.44,1.158,69,63.3333,FMC_JCT_FMC_ISS,69kV,69_FMC_JCT,69_FMC_ISS,1.158,69
32679,60L337,BC Hydro,BC,British Columbia,1,ac,30.0,18.519,68.16,42.074,69,26.19,11.53,32,51,Canadian National JCT,BC_CNG_JCT,Upper Fraser,BC_UFR_DSS,,BC_CNG_JCT,BC_UFR_DSS,32,51,26.19,11.53,68.16,69,35.5556,CNG_JCT_UFR_DSS,69kV,69_CNG_JCT,69_UFR_DSS,30.0,69
32680,60L337,BC Hydro,BC,British Columbia,1,ac,38.16,23.556,68.16,42.074,69,26.19,14.66,32,51,Williston,BC_WSN_DSS,Canadian National JCT,BC_CNG_JCT,,BC_WSN_DSS,BC_CNG_JCT,32,51,26.19,14.66,68.16,69,35.5556,WSN_DSS_CNG_JCT,69kV,69_WSN_DSS,69_CNG_JCT,38.16,69
32681,60L337CNG,BC Hydro,BC,British Columbia,1,ac,0.106,0.066,0.106,0.066,69,0.04,0.04,36,39,Canadian National JCT,BC_CNG_JCT,Canadian National,BC_CNG_ISS,,BC_CNG_JCT,BC_CNG_ISS,36,39,0.04,0.04,0.106,69,40.0,CNG_JCT_CNG_ISS,69kV,69_CNG_JCT,69_CNG_ISS,0.106,69
32682,60L338,BC Hydro,BC,British Columbia,1,ac,0.6,0.37,14.97,9.241,69,5.75,0.23,97,116,Chemtrade Pulp Chlorate JCT,BC_BCM_JCT,Prince George HCR JCT,BC_HCR_JCT,,BC_BCM_JCT,BC_HCR_JCT,97,116,5.75,0.23,14.97,69,107.7778,BCM_JCT_HCR_JCT,69kV,69_BCM_JCT,69_HCR_JCT,0.6,69
32683,60L338,BC Hydro,BC,British Columbia,1,ac,0.27,0.167,14.97,9.241,69,5.75,0.1,97,116,FMC Prince George JCT,BC_FMC_JCT,Canreed,BC_CRD_DSS,,BC_FMC_JCT,BC_CRD_DSS,97,116,5.75,0.1,14.97,69,107.7778,FMC_JCT_CRD_DSS,69kV,69_FMC_JCT,69_CRD_DSS,0.27,69
32684,60L338,BC Hydro,BC,British Columbia,1,ac,0.6,0.37,14.97,9.241,69,5.75,0.23,97,116,Prince George HCR JCT,BC_HCR_JCT,FMC Prince George JCT,BC_FMC_JCT,,BC_HCR_JCT,BC_FMC_JCT,97,116,5.75,0.23,14.97,69,107.7778,HCR_JCT_FMC_JCT,69kV,69_HCR_JCT,69_FMC_JCT,0.6,69
32685,60L338,BC Hydro,BC,British Columbia,1,ac,13.5,8.333,14.97,9.241,69,5.75,5.19,97,116,Williston,BC_WSN_DSS,Chemtrade Pulp Chlorate JCT,BC_BCM_JCT,,BC_WSN_DSS,BC_BCM_JCT,97,116,5.75,5.19,14.97,69,107.7778,WSN_DSS_BCM_JCT,69kV,69_WSN_DSS,69_BCM_JCT,13.5,69
32686,60L338BCM,BC Hydro,BC,British Columbia,1,ac,0.05,0.031,0.05,0.031,69,0.02,0.02,97,116,Chemtrade Pulp Chlorate JCT,BC_BCM_JCT,Chemtrade Pulp Chlorate,BC_BCM_ISS,,BC_BCM_JCT,BC_BCM_ISS,97,116,0.02,0.02,0.05,69,107.7778,BCM_JCT_BCM_ISS,69kV,69_BCM_JCT,69_BCM_ISS,0.05,69
32687,60L338FMC,BC Hydro,BC,British Columbia,1,ac,1.153,0.711,1.153,0.711,69,0.44,0.44,57,68,FMC Prince George JCT,BC_FMC_JCT,FMC Prince George,BC_FMC_ISS,,BC_FMC_JCT,BC_FMC_ISS,57,68,0.44,0.44,1.153,69,63.3333,FMC_JCT_FMC_ISS,69kV,69_FMC_JCT,69_FMC_ISS,1.153,69
32688,60L338HCR,BC Hydro,BC,British Columbia,1,ac,0.212,0.131,0.212,0.131,69,0.08,0.08,56,71,Prince George HCR JCT,BC_HCR_JCT,Prince George HCR,BC_HCR_ISS,,BC_HCR_JCT,BC_HCR_ISS,56,71,0.08,0.08,0.212,69,62.2222,HCR_JCT_HCR_ISS,69kV,69_HCR_JCT,69_HCR_ISS,0.212,69
32689,60L339,BC Hydro,BC,British Columbia,1,ac,3.0,1.852,106.85,65.957,69,41.06,1.15,35,57,Colebank JCT,BC_CLB_JCT,Dunkley Lumber JCT,BC_DKY_JCT,,BC_CLB_JCT,BC_DKY_JCT,35,57,41.06,1.15,106.85,69,38.8889,CLB_JCT_DKY_JCT,69kV,69_CLB_JCT,69_DKY_JCT,3.0,69
32690,60L339,BC Hydro,BC,British Columbia,1,ac,36.85,22.747,106.85,65.957,69,41.06,14.16,32,51,Dunkley Lumber JCT,BC_DKY_JCT,Barlow,BC_BLW_DSS,,BC_DKY_JCT,BC_BLW_DSS,32,51,41.06,14.16,106.85,69,35.5556,DKY_JCT_BLW_DSS,69kV,69_DKY_JCT,69_BLW_DSS,36.85,69
32691,60L339,BC Hydro,BC,British Columbia,1,ac,12.0,7.407,106.85,65.957,69,41.06,4.61,35,57,Pinnacle Pellets Meadowbank JCT,BC_PMB_JCT,Colebank JCT,BC_CLB_JCT,,BC_PMB_JCT,BC_CLB_JCT,35,57,41.06,4.61,106.85,69,38.8889,PMB_JCT_CLB_JCT,69kV,69_PMB_JCT,69_CLB_JCT,12.0,69
32692,60L339,BC Hydro,BC,British Columbia,1,ac,55.0,33.951,106.85,65.957,69,41.06,21.14,35,57,Williston,BC_WSN_DSS,Pinnacle Pellets Meadowbank JCT,BC_PMB_JCT,,BC_WSN_DSS,BC_PMB_JCT,35,57,41.06,21.14,106.85,69,38.8889,WSN_DSS_PMB_JCT,69kV,69_WSN_DSS,69_PMB_JCT,55.0,69
32693,60L339CLB,BC Hydro,BC,British Columbia,1,ac,0.067,0.041,0.067,0.041,69,0.03,0.03,36,39,Colebank JCT,BC_CLB_JCT,Colebank,BC_CLB_DSS,,BC_CLB_JCT,BC_CLB_DSS,36,39,0.03,0.03,0.067,69,40.0,CLB_JCT_CLB_DSS,69kV,69_CLB_JCT,69_CLB_DSS,0.067,69
32694,60L339DKY,BC Hydro,BC,British Columbia,1,ac,0.284,0.176,0.284,0.176,69,0.11,0.11,36,39,Dunkley Lumber JCT,BC_DKY_JCT,Dunkley Lumber,BC_DKY_ISS,,BC_DKY_JCT,BC_DKY_ISS,36,39,0.11,0.11,0.284,69,40.0,DKY_JCT_DKY_ISS,69kV,69_DKY_JCT,69_DKY_ISS,0.284,69
32695,60L339PMB,BC Hydro,BC,British Columbia,1,ac,0.024,0.015,0.024,0.015,69,0.01,0.01,36,39,Pinnacle Pellets Meadowbank JCT,BC_PMB_JCT,Pinnacle Pellets Meadowbank,BC_PMB_ISS,,BC_PMB_JCT,BC_PMB_ISS,36,39,0.01,0.01,0.024,69,40.0,PMB_JCT_PMB_ISS,69kV,69_PMB_JCT,69_PMB_ISS,0.024,69
32696,60L340,BC Hydro,BC,British Columbia,1,ac,7.682,4.742,7.682,4.742,69,2.95,2.95,94,115,Canreed,BC_CRD_DSS,Northwood,BC_NWP_ISS,,BC_CRD_DSS,BC_NWP_ISS,94,115,2.95,2.95,7.682,69,104.4444,CRD_DSS_NWP_ISS,69kV,69_CRD_DSS,69_NWP_ISS,7.682,69
32697,60L341,BC Hydro,BC,British Columbia,1,ac,7.0,4.321,56.58,34.926,69,21.74,2.69,32,51,Fraser Lake JCT,BC_FSR_JCT,Fraser Lake Sawmill JCT,BC_FSS_JCT,,BC_FSR_JCT,BC_FSS_JCT,32,51,21.74,2.69,56.58,69,35.5556,FSR_JCT_FSS_JCT,69kV,69_FSR_JCT,69_FSS_JCT,7.0,69
32698,60L341,BC Hydro,BC,British Columbia,1,ac,7.0,4.321,56.58,34.926,69,21.74,2.69,32,51,Fraser Lake Sawmill JCT,BC_FSS_JCT,Fraser Lake Biomass,BC_FLB_GSS,,BC_FSS_JCT,BC_FLB_GSS,32,51,21.74,2.69,56.58,69,35.5556,FSS_JCT_FLB_GSS,69kV,69_FSS_JCT,69_FLB_GSS,7.0,69
32699,60L341,BC Hydro,BC,British Columbia,1,ac,33.58,20.728,56.58,34.926,69,21.74,12.9,32,51,Fraser Lake Sawmill JCT,BC_FSS_JCT,Canfor JCT,BC_PLT_JCT,,BC_FSS_JCT,BC_PLT_JCT,32,51,21.74,12.9,56.58,69,35.5556,FSS_JCT_PLT_JCT,69kV,69_FSS_JCT,69_PLT_JCT,33.58,69
32700,60L341,BC Hydro,BC,British Columbia,1,ac,9.0,5.556,56.58,34.926,69,21.74,3.46,32,51,Glenannan,BC_GLN_DSS,Fraser Lake JCT,BC_FSR_JCT,,BC_GLN_DSS,BC_FSR_JCT,32,51,21.74,3.46,56.58,69,35.5556,GLN_DSS_FSR_JCT,69kV,69_GLN_DSS,69_FSR_JCT,9.0,69
32701,60L341FSR,BC Hydro,BC,British Columbia,1,ac,0.098,0.06,0.098,0.06,69,0.04,0.04,36,39,Fraser Lake JCT,BC_FSR_JCT,Fraser Lake,BC_FSR_DSS,,BC_FSR_JCT,BC_FSR_DSS,36,39,0.04,0.04,0.098,69,40.0,FSR_JCT_FSR_DSS,69kV,69_FSR_JCT,69_FSR_DSS,0.098,69
32702,60L341FSS,BC Hydro,BC,British Columbia,1,ac,0.126,0.078,0.126,0.078,69,0.05,0.05,36,39,Fraser Lake Sawmill JCT,BC_FSS_JCT,Fraser Lake Sawmill,BC_FSS_ISS,,BC_FSS_JCT,BC_FSS_ISS,36,39,0.05,0.05,0.126,69,40.0,FSS_JCT_FSS_ISS,69kV,69_FSS_JCT,69_FSS_ISS,0.126,69
32703,60L342,BC Hydro,BC,British Columbia,1,ac,0.7,0.432,0.7,0.432,69,0.27,0.27,72,92,Prince George Pulp,BC_PGP_ISS,Canreed,BC_CRD_DSS,,BC_PGP_ISS,BC_CRD_DSS,72,92,0.27,0.27,0.7,69,80.0,PGP_ISS_CRD_DSS,69kV,69_PGP_ISS,69_CRD_DSS,0.7,69
32704,60L343,BC Hydro,BC,British Columbia,1,ac,0.7,0.432,0.7,0.432,69,0.27,0.27,72,92,Prince George Pulp,BC_PGP_ISS,Canreed,BC_CRD_DSS,,BC_PGP_ISS,BC_CRD_DSS,72,92,0.27,0.27,0.7,69,80.0,PGP_ISS_CRD_DSS,69kV,69_PGP_ISS,69_CRD_DSS,0.7,69
32705,60L344,BC Hydro,BC,British Columbia,1,ac,61.119,37.728,61.119,37.728,69,23.49,23.49,32,51,Tachick,BC_TAC_DSS,Fort St James,BC_FM2_DSS,,BC_TAC_DSS,BC_FM2_DSS,32,51,23.49,23.49,61.119,69,35.5556,TAC_DSS_FM2_DSS,69kV,69_TAC_DSS,69_FM2_DSS,61.119,69
32706,60L345,BC Hydro,BC,British Columbia,1,ac,0.6,0.37,0.6,0.37,69,0.23,0.23,56,71,Husky Oil,BC_HSK_ISS,Canreed,BC_CRD_DSS,,BC_HSK_ISS,BC_CRD_DSS,56,71,0.23,0.23,0.6,69,62.2222,HSK_ISS_CRD_DSS,69kV,69_HSK_ISS,69_CRD_DSS,0.6,69
32707,60L346,BC Hydro,BC,British Columbia,1,ac,0.7,0.432,0.7,0.432,69,0.27,0.27,36,39,Prince George Pulp Intercontinental,BC_ICP_GSS,Canreed,BC_CRD_DSS,,BC_ICP_GSS,BC_CRD_DSS,36,39,0.27,0.27,0.7,69,40.0,ICP_GSS_CRD_DSS,69kV,69_ICP_GSS,69_CRD_DSS,0.7,69
32708,60L347,BC Hydro,BC,British Columbia,1,ac,0.7,0.432,0.7,0.432,69,0.27,0.27,36,39,Prince George Pulp Intercontinental,BC_ICP_GSS,Canreed,BC_CRD_DSS,,BC_ICP_GSS,BC_CRD_DSS,36,39,0.27,0.27,0.7,69,40.0,ICP_GSS_CRD_DSS,69kV,69_ICP_GSS,69_CRD_DSS,0.7,69
32709,60L348,BC Hydro,BC,British Columbia,1,ac,0.7,0.432,0.7,0.432,69,0.27,0.27,36,39,Chemtrade Pulp Chemicals,BC_BCC_ISS,Canreed,BC_CRD_DSS,,BC_BCC_ISS,BC_CRD_DSS,36,39,0.27,0.27,0.7,69,40.0,BCC_ISS_CRD_DSS,69kV,69_BCC_ISS,69_CRD_DSS,0.7,69
32710,60L351BVY,BC Hydro,BC,British Columbia,1,ac,15.06,9.296,15.06,9.296,69,5.79,5.79,51,86,Williston,BC_WSN_DSS,Beaverley,BC_BVY_DSS,,BC_WSN_DSS,BC_BVY_DSS,51,86,5.79,5.79,15.06,69,56.6667,WSN_DSS_BVY_DSS,69kV,69_WSN_DSS,69_BVY_DSS,15.06,69
32711,60L351PGG,BC Hydro,BC,British Columbia,1,ac,15.01,9.265,15.01,9.265,69,5.77,5.77,93,114,Prince George International,BC_PGI_ISS,Williston,BC_WSN_DSS,,BC_PGI_ISS,BC_WSN_DSS,93,114,5.77,5.77,15.01,69,103.3333,PGI_ISS_WSN_DSS,69kV,69_PGI_ISS,69_WSN_DSS,15.01,69
32712,60L352,BC Hydro,BC,British Columbia,1,ac,8.11,5.006,8.11,5.006,69,3.12,3.12,82,105,Glenannan,BC_GLN_DSS,Endako,BC_EKO_DSS,,BC_GLN_DSS,BC_EKO_DSS,82,105,3.12,3.12,8.11,69,91.1111,GLN_DSS_EKO_DSS,69kV,69_GLN_DSS,69_EKO_DSS,8.11,69
32713,60L354,BC Hydro,BC,British Columbia,1,ac,10.0,6.173,22.63,13.969,69,8.7,3.84,51,86,Beaverley,BC_BVY_DSS,Foothills JCT,BC_FHS_JCT,,BC_BVY_DSS,BC_FHS_JCT,51,86,8.7,3.84,22.63,69,56.6667,BVY_DSS_FHS_JCT,69kV,69_BVY_DSS,69_FHS_JCT,10.0,69
32714,60L354,BC Hydro,BC,British Columbia,1,ac,12.63,7.796,22.63,13.969,69,8.7,4.85,51,86,Foothills JCT,BC_FHS_JCT,Chief Lake,BC_CHF_DSS,,BC_FHS_JCT,BC_CHF_DSS,51,86,8.7,4.85,22.63,69,56.6667,FHS_JCT_CHF_DSS,69kV,69_FHS_JCT,69_CHF_DSS,12.63,69
32715,60L354FHS,BC Hydro,BC,British Columbia,1,ac,1.416,0.874,1.416,0.874,69,0.54,0.54,51,86,Foothills JCT,BC_FHS_JCT,Foothills,BC_FHS_DSS,,BC_FHS_JCT,BC_FHS_DSS,51,86,0.54,0.54,1.416,69,56.6667,FHS_JCT_FHS_DSS,69kV,69_FHS_JCT,69_FHS_DSS,1.416,69
32716,60L357,BC Hydro,BC,British Columbia,1,ac,10.0,6.173,11.78,7.272,69,4.53,3.84,94,120,Beaverley,BC_BVY_DSS,Patricia JCT,BC_PCA_JCT,,BC_BVY_DSS,BC_PCA_JCT,94,120,4.53,3.84,11.78,69,104.4444,BVY_DSS_PCA_JCT,69kV,69_BVY_DSS,69_PCA_JCT,10.0,69
32717,60L357,BC Hydro,BC,British Columbia,1,ac,1.78,1.099,11.78,7.272,69,4.53,0.68,119,135,Patricia JCT,BC_PCA_JCT,Patricia,BC_PCA_DSS,,BC_PCA_JCT,BC_PCA_DSS,119,135,4.53,0.68,11.78,69,132.2222,PCA_JCT_PCA_DSS,69kV,69_PCA_JCT,69_PCA_DSS,1.78,69
32718,60L357FHS,BC Hydro,BC,British Columbia,1,ac,2.237,1.381,2.237,1.381,69,0.86,0.86,119,135,Patricia JCT,BC_PCA_JCT,Foothills,BC_FHS_DSS,,BC_PCA_JCT,BC_FHS_DSS,119,135,0.86,0.86,2.237,69,132.2222,PCA_JCT_FHS_DSS,69kV,69_PCA_JCT,69_FHS_DSS,2.237,69
32719,60L358,BC Hydro,BC,British Columbia,1,ac,28.51,17.599,88.51,54.636,69,34.01,10.96,32,51,Beaverley,BC_BVY_DSS,Isle Pierre JCT,BC_IPR_JCT,,BC_BVY_DSS,BC_IPR_JCT,32,51,34.01,10.96,88.51,69,35.5556,BVY_DSS_IPR_JCT,69kV,69_BVY_DSS,69_IPR_JCT,28.51,69
32720,60L358,BC Hydro,BC,British Columbia,1,ac,60.0,37.037,88.51,54.636,69,34.01,23.06,32,51,Isle Pierre JCT,BC_IPR_JCT,Vanderhoof JCT,BC_VDF_JCT,,BC_IPR_JCT,BC_VDF_JCT,32,51,34.01,23.06,88.51,69,35.5556,IPR_JCT_VDF_JCT,69kV,69_IPR_JCT,69_VDF_JCT,60.0,69
32721,60L358IPR,BC Hydro,BC,British Columbia,1,ac,0.04,0.025,0.04,0.025,69,0.02,0.02,36,39,Isle Pierre JCT,BC_IPR_JCT,Isle Pierre,BC_IPR_DSS,,BC_IPR_JCT,BC_IPR_DSS,36,39,0.02,0.02,0.04,69,40.0,IPR_JCT_IPR_DSS,69kV,69_IPR_JCT,69_IPR_DSS,0.04,69
32722,60L359,BC Hydro,BC,British Columbia,1,ac,5.0,3.086,5.0,3.086,69,1.92,1.92,41,61,Fort St James,BC_FM2_DSS,Apollo Forest Products JCT,BC_AFP_JCT,,BC_FM2_DSS,BC_AFP_JCT,41,61,1.92,1.92,5.0,69,45.5556,FM2_DSS_AFP_JCT,69kV,69_FM2_DSS,69_AFP_JCT,5.0,69
32723,60L359AFP,BC Hydro,BC,British Columbia,1,ac,2.373,1.465,2.373,1.465,69,0.91,0.91,36,39,Apollo Forest Products JCT,BC_AFP_JCT,Apollo Forest Products,BC_AFP_ISS,,BC_AFP_JCT,BC_AFP_ISS,36,39,0.91,0.91,2.373,69,40.0,AFP_JCT_AFP_ISS,69kV,69_AFP_JCT,69_AFP_ISS,2.373,69
32724,60L359FGE,BC Hydro,BC,British Columbia,1,ac,2.373,1.465,2.373,1.465,69,0.91,0.91,36,39,Apollo Forest Products JCT,BC_AFP_JCT,Fort St James Green Energy GS,BC_FGE_GSS,,BC_AFP_JCT,BC_FGE_GSS,36,39,0.91,0.91,2.373,69,40.0,AFP_JCT_FGE_GSS,69kV,69_AFP_JCT,69_FGE_GSS,2.373,69
32725,60L359TFP,BC Hydro,BC,British Columbia,1,ac,2.35,1.451,2.35,1.451,69,0.9,0.9,41,61,Apollo Forest Products JCT,BC_AFP_JCT,Takla Forest Products,BC_TFP_DSS,,BC_AFP_JCT,BC_TFP_DSS,41,61,0.9,0.9,2.35,69,45.5556,AFP_JCT_TFP_DSS,69kV,69_AFP_JCT,69_TFP_DSS,2.35,69
32726,60L383,BC Hydro,BC,British Columbia,1,ac,5.0,3.086,13.53,8.352,69,5.2,1.92,51,86,Skeena,BC_SKA_DSS,Terrace JCT,BC_TER_JCT,,BC_SKA_DSS,BC_TER_JCT,51,86,5.2,1.92,13.53,69,56.6667,SKA_DSS_TER_JCT,69kV,69_SKA_DSS,69_TER_JCT,5.0,69
32727,60L383,BC Hydro,BC,British Columbia,1,ac,4.53,2.796,13.53,8.352,69,5.2,1.74,32,51,Terrace JCT,BC_TER_JCT,Terrace Skeena Cellulose,BC_TSC_DSS,,BC_TER_JCT,BC_TSC_DSS,32,51,5.2,1.74,13.53,69,35.5556,TER_JCT_TSC_DSS,69kV,69_TER_JCT,69_TSC_DSS,4.53,69
32728,60L383,BC Hydro,BC,British Columbia,1,ac,4.0,2.469,13.53,8.352,69,5.2,1.54,32,51,Terrace Skeena Cellulose,BC_TSC_DSS,Kalum,BC_KAL_DSS,,BC_TSC_DSS,BC_KAL_DSS,32,51,5.2,1.54,13.53,69,35.5556,TSC_DSS_KAL_DSS,69kV,69_TSC_DSS,69_KAL_DSS,4.0,69
32729,60L383TER,BC Hydro,BC,British Columbia,1,ac,4.82,2.975,4.82,2.975,69,1.85,1.85,32,51,Terrace JCT,BC_TER_JCT,Terrace,BC_TER_DSS,,BC_TER_JCT,BC_TER_DSS,32,51,1.85,1.85,4.82,69,35.5556,TER_JCT_TER_DSS,69kV,69_TER_JCT,69_TER_DSS,4.82,69
32730,60L389,BC Hydro,BC,British Columbia,1,ac,21.549,13.302,21.549,13.302,69,8.28,8.28,36,39,Skeena,BC_SKA_DSS,Dasque Creek GS,BC_DSQ_GSS,,BC_SKA_DSS,BC_DSQ_GSS,36,39,8.28,8.28,21.549,69,40.0,SKA_DSS_DSQ_GSS,69kV,69_SKA_DSS,69_DSQ_GSS,21.549,69
32731,60L389MDL,BC Hydro,BC,British Columbia,1,ac,0.09,0.056,0.09,0.056,69,0.03,0.03,36,39,Dasque Creek GS,BC_DSQ_GSS,Dasque Creek GS,BC_DSQ_GSS,,BC_DSQ_GSS,BC_DSQ_GSS,36,39,0.03,0.03,0.09,69,40.0,DSQ_GSS_DSQ_GSS,69kV,69_DSQ_GSS,69_DSQ_GSS,0.09,69
32732,60L390,BC Hydro,BC,British Columbia,1,ac,2.0,1.235,30.61,18.895,69,11.76,0.77,26,43,Brown Lake JCT,BC_BRL_JCT,Falls River GS,BC_FLS_GSS,,BC_BRL_JCT,BC_FLS_GSS,26,43,11.76,0.77,30.61,69,28.8889,BRL_JCT_FLS_GSS,69kV,69_BRL_JCT,69_FLS_GSS,2.0,69
32733,60L390,BC Hydro,BC,British Columbia,1,ac,2.61,1.611,30.61,18.895,69,11.76,1.0,26,43,Diana Lake JCT,BC_DIL_JCT,Green River JCT,BC_GRR_JCT,,BC_DIL_JCT,BC_GRR_JCT,26,43,11.76,1.0,30.61,69,28.8889,DIL_JCT_GRR_JCT,69kV,69_DIL_JCT,69_GRR_JCT,2.61,69
32734,60L390,BC Hydro,BC,British Columbia,1,ac,22.0,13.58,30.61,18.895,69,11.76,8.45,26,43,Green River JCT,BC_GRR_JCT,Brown Lake JCT,BC_BRL_JCT,,BC_GRR_JCT,BC_BRL_JCT,26,43,11.76,8.45,30.61,69,28.8889,GRR_JCT_BRL_JCT,69kV,69_GRR_JCT,69_BRL_JCT,22.0,69
32735,60L390,BC Hydro,BC,British Columbia,1,ac,4.0,2.469,30.61,18.895,69,11.76,1.54,26,43,Rupert,BC_RUP_DSS,Diana Lake JCT,BC_DIL_JCT,,BC_RUP_DSS,BC_DIL_JCT,26,43,11.76,1.54,30.61,69,28.8889,RUP_DSS_DIL_JCT,69kV,69_RUP_DSS,69_DIL_JCT,4.0,69
32736,60L390BRL,BC Hydro,BC,British Columbia,1,ac,0.069,0.042,0.069,0.042,69,0.03,0.03,39,39,Brown Lake JCT,BC_BRL_JCT,Brown Lake GS,BC_BRL_GSS,,BC_BRL_JCT,BC_BRL_GSS,39,39,0.03,0.03,0.069,69,43.3333,BRL_JCT_BRL_GSS,69kV,69_BRL_JCT,69_BRL_GSS,0.069,69
32737,60L390DIL,BC Hydro,BC,British Columbia,1,ac,0.014,0.009,0.014,0.009,69,0.01,0.01,36,39,Diana Lake JCT,BC_DIL_JCT,Diana Lake,BC_DIL_DSS,,BC_DIL_JCT,BC_DIL_DSS,36,39,0.01,0.01,0.014,69,40.0,DIL_JCT_DIL_DSS,69kV,69_DIL_JCT,69_DIL_DSS,0.014,69
32738,60L390GRR,BC Hydro,BC,British Columbia,1,ac,0.013,0.008,0.013,0.008,69,0.0,0.0,36,39,Green River JCT,BC_GRR_JCT,Green River,BC_GRR_DSS,,BC_GRR_JCT,BC_GRR_DSS,36,39,0.0,0.0,0.013,69,40.0,GRR_JCT_GRR_DSS,69kV,69_GRR_JCT,69_GRR_DSS,0.013,69
32739,60L391,BC Hydro,BC,British Columbia,1,ac,3.11,1.92,11.11,6.858,69,4.27,1.2,49,85,Fareview Container Terminal JCT,BC_PRT_JCT,Oldfield,BC_OFD_DSS,,BC_PRT_JCT,BC_OFD_DSS,49,85,4.27,1.2,11.11,69,54.4444,PRT_JCT_OFD_DSS,69kV,69_PRT_JCT,69_OFD_DSS,3.11,69
32740,60L391,BC Hydro,BC,British Columbia,1,ac,8.0,4.938,11.11,6.858,69,4.27,3.07,49,85,Rupert,BC_RUP_DSS,Fareview Container Terminal JCT,BC_PRT_JCT,,BC_RUP_DSS,BC_PRT_JCT,49,85,4.27,3.07,11.11,69,54.4444,RUP_DSS_PRT_JCT,69kV,69_RUP_DSS,69_PRT_JCT,8.0,69
32741,60L391PRT,BC Hydro,BC,British Columbia,1,ac,4.424,2.731,4.424,2.731,69,1.7,1.7,36,39,Fareview Container Terminal JCT,BC_PRT_JCT,Fareview Container Terminal,BC_PRT_ISS,,BC_PRT_JCT,BC_PRT_ISS,36,39,1.7,1.7,4.424,69,40.0,PRT_JCT_PRT_ISS,69kV,69_PRT_JCT,69_PRT_ISS,4.424,69
32742,60L392,BC Hydro,BC,British Columbia,1,ac,3.0,1.852,10.71,6.611,69,4.12,1.15,51,86,Port Edward JCT,BC_PED_JCT,Skeena Cellulose JCT,BC_SKL_JCT,,BC_PED_JCT,BC_SKL_JCT,51,86,4.12,1.15,10.71,69,56.6667,PED_JCT_SKL_JCT,69kV,69_PED_JCT,69_SKL_JCT,3.0,69
32743,60L392,BC Hydro,BC,British Columbia,1,ac,1.71,1.056,10.71,6.611,69,4.12,0.66,51,86,Prince Rupert Grain JCT,BC_PRG_JCT,Ridley Terminals Inc,BC_RTI_ISS,,BC_PRG_JCT,BC_RTI_ISS,51,86,4.12,0.66,10.71,69,56.6667,PRG_JCT_RTI_ISS,69kV,69_PRG_JCT,69_RTI_ISS,1.71,69
32744,60L392,BC Hydro,BC,British Columbia,1,ac,3.0,1.852,10.71,6.611,69,4.12,1.15,51,86,Rupert,BC_RUP_DSS,Port Edward JCT,BC_PED_JCT,,BC_RUP_DSS,BC_PED_JCT,51,86,4.12,1.15,10.71,69,56.6667,RUP_DSS_PED_JCT,69kV,69_RUP_DSS,69_PED_JCT,3.0,69
32745,60L392,BC Hydro,BC,British Columbia,1,ac,3.0,1.852,10.71,6.611,69,4.12,1.15,51,86,Skeena Cellulose JCT,BC_SKL_JCT,Prince Rupert Grain JCT,BC_PRG_JCT,,BC_SKL_JCT,BC_PRG_JCT,51,86,4.12,1.15,10.71,69,56.6667,SKL_JCT_PRG_JCT,69kV,69_SKL_JCT,69_PRG_JCT,3.0,69
32746,60L392PED,BC Hydro,BC,British Columbia,1,ac,0.778,0.48,0.778,0.48,69,0.3,0.3,51,86,Port Edward JCT,BC_PED_JCT,Port Edward,BC_PED_DSS,,BC_PED_JCT,BC_PED_DSS,51,86,0.3,0.3,0.778,69,56.6667,PED_JCT_PED_DSS,69kV,69_PED_JCT,69_PED_DSS,0.778,69
32747,60L392PRG,BC Hydro,BC,British Columbia,1,ac,0.019,0.012,0.019,0.012,69,0.01,0.01,100,123,Prince Rupert Grain JCT,BC_PRG_JCT,Prince Rupert Grain,BC_PRG_ISS,,BC_PRG_JCT,BC_PRG_ISS,100,123,0.01,0.01,0.019,69,111.1111,PRG_JCT_PRG_ISS,69kV,69_PRG_JCT,69_PRG_ISS,0.019,69
32748,60L392SKL,BC Hydro,BC,British Columbia,1,ac,0.613,0.379,0.613,0.379,69,0.24,0.24,52,89,Skeena Cellulose JCT,BC_SKL_JCT,Skeena Cellulose,BC_SKL_ISS,,BC_SKL_JCT,BC_SKL_ISS,52,89,0.24,0.24,0.613,69,57.7778,SKL_JCT_SKL_ISS,69kV,69_SKL_JCT,69_SKL_ISS,0.613,69
32749,60L393,BC Hydro,BC,British Columbia,1,ac,10.78,6.655,10.78,6.655,69,4.14,4.14,49,85,Rupert,BC_RUP_DSS,Oldfield,BC_OFD_DSS,,BC_RUP_DSS,BC_OFD_DSS,49,85,4.14,4.14,10.78,69,54.4444,RUP_DSS_OFD_DSS,69kV,69_RUP_DSS,69_OFD_DSS,10.78,69
32750,60L394,BC Hydro,BC,British Columbia,1,ac,10.726,6.621,10.726,6.621,69,4.12,4.12,44,74,Skeena,BC_SKA_DSS,Kalum,BC_KAL_DSS,,BC_SKA_DSS,BC_KAL_DSS,44,74,4.12,4.12,10.726,69,48.8889,SKA_DSS_KAL_DSS,69kV,69_SKA_DSS,69_KAL_DSS,10.726,69
32751,60L395,BC Hydro,BC,British Columbia,1,ac,0.474,0.293,0.474,0.293,69,0.18,0.18,86,108,Rupert Gas,BC_RPG_GSS,Rupert,BC_RUP_DSS,,BC_RPG_GSS,BC_RUP_DSS,86,108,0.18,0.18,0.474,69,95.5556,RPG_GSS_RUP_DSS,69kV,69_RPG_GSS,69_RUP_DSS,0.474,69
32752,60LBJK,BC Hydro,BC,British Columbia,1,ac,14.4,8.889,14.4,8.889,69,5.53,5.53,36,39,Knipple Glacier,BC_KNG_ISS,Brucejack Mine,BC_BJK_ISS,,BC_KNG_ISS,BC_BJK_ISS,36,39,5.53,5.53,14.4,69,40.0,KNG_ISS_BJK_ISS,69kV,69_KNG_ISS,69_BJK_ISS,14.4,69
32753,61L,FortisBC,BC,British Columbia,1,ac,5.6,3.457,5.6,3.457,138,2.43,2.43,141,156,Duck Lake,BC_DUC_DSS,Ellison,BC_ELL_DSS,,BC_DUC_DSS,BC_ELL_DSS,141,156,2.43,2.43,5.6,138,156.6667,DUC_DSS_ELL_DSS,138kV,138_DUC_DSS,138_ELL_DSS,5.6,138
32754,62L,FortisBC,BC,British Columbia,1,ac,1.5,0.926,1.5,0.926,63,0.57,0.57,30,33,AS Mawdsley TS,BC_ASM_TSS,Emerald SS,BC_ESS_SWS,,BC_ASM_TSS,BC_ESS_SWS,30,33,0.57,0.57,1.5,63,33.3333,ASM_TSS_ESS_SWS,63kV,63_ASM_TSS,63_ESS_SWS,1.5,63
32755,66L,FortisBC,BC,British Columbia,1,ac,20.1,12.407,20.1,12.407,63,7.64,7.64,30,33,Bentley TS,BC_BEN_TSS,NkMip,BC_NKM_DSS,,BC_BEN_TSS,BC_NKM_DSS,30,33,7.64,7.64,20.1,63,33.3333,BEN_TSS_NKM_DSS,63kV,63_BEN_TSS,63_NKM_DSS,20.1,63
32756,68L,FortisBC,BC,British Columbia,1,ac,0.38,0.235,0.38,0.235,63,0.14,0.14,30,33,Bentley TS,BC_BEN_TSS,Oliver TS,BC_OLI_TSS,,BC_BEN_TSS,BC_OLI_TSS,30,33,0.14,0.14,0.38,63,33.3333,BEN_TSS_OLI_TSS,63kV,63_BEN_TSS,63_OLI_TSS,0.38,63
32757,69L,FortisBC,BC,British Columbia,1,ac,0.38,0.235,0.38,0.235,63,0.14,0.14,30,33,Bentley TS,BC_BEN_TSS,Oliver TS,BC_OLI_TSS,,BC_BEN_TSS,BC_OLI_TSS,30,33,0.14,0.14,0.38,63,33.3333,BEN_TSS_OLI_TSS,63kV,63_BEN_TSS,63_OLI_TSS,0.38,63
32758,6L,FortisBC,BC,British Columbia,1,ac,2.1,1.296,18.5,11.42,63,7.03,0.8,30,33,Blueberry JCT,BC_BLB_JCT,Castlegar,BC_CAS_DSS,BLB used for Blueberry  to avoid confusion with BLU - Blue River,BC_BLB_JCT,BC_CAS_DSS,30,33,7.03,0.8,18.5,63,33.3333,BLB_JCT_CAS_DSS,63kV,63_BLB_JCT,63_CAS_DSS,2.1,63
32759,6L,FortisBC,BC,British Columbia,1,ac,2.5,1.543,18.5,11.42,63,7.03,0.95,30,33,Blueberry JCT,BC_BLB_JCT,Ootischenia,BC_OOT_DSS,BLB used for Blueberry  to avoid confusion with BLU - Blue River,BC_BLB_JCT,BC_OOT_DSS,30,33,7.03,0.95,18.5,63,33.3333,BLB_JCT_OOT_DSS,63kV,63_BLB_JCT,63_OOT_DSS,2.5,63
32760,6L,FortisBC,BC,British Columbia,1,ac,2.0,1.235,18.5,11.42,63,7.03,0.76,30,33,Brilliant SS,BC_BSS_SWS,Blueberry JCT,BC_BLB_JCT,BLB used for Blueberry  to avoid confusion with BLU - Blue River,BC_BSS_SWS,BC_BLB_JCT,30,33,7.03,0.76,18.5,63,33.3333,BSS_SWS_BLB_JCT,63kV,63_BSS_SWS,63_BLB_JCT,2.0,63
32761,6L,FortisBC,BC,British Columbia,1,ac,6.1,3.765,18.5,11.42,63,7.03,2.32,30,33,Castlegar,BC_CAS_DSS,Kraft GS,BC_KRA_GSS,Kraft refers to Celgar Green Energy,BC_CAS_DSS,BC_KRA_GSS,30,33,7.03,2.32,18.5,63,33.3333,CAS_DSS_KRA_GSS,63kV,63_CAS_DSS,63_KRA_GSS,6.1,63
32762,6L,FortisBC,BC,British Columbia,1,ac,0.7,0.432,18.5,11.42,63,7.03,0.27,30,33,Kraft GS,BC_KRA_GSS,Westar,BC_WST_DSS,,BC_KRA_GSS,BC_WST_DSS,30,33,7.03,0.27,18.5,63,33.3333,KRA_GSS_WST_DSS,63kV,63_KRA_GSS,63_WST_DSS,0.7,63
32763,6L,FortisBC,BC,British Columbia,1,ac,5.1,3.148,18.5,11.42,63,7.03,1.94,30,33,Ootischenia,BC_OOT_DSS,Blueberry,BC_BLB_DSS,BLB used for Blueberry  to avoid confusion with BLU - Blue River,BC_OOT_DSS,BC_BLB_DSS,30,33,7.03,1.94,18.5,63,33.3333,OOT_DSS_BLB_DSS,63kV,63_OOT_DSS,63_BLB_DSS,5.1,63
32764,71L,FortisBC,BC,British Columbia,1,ac,1.5,0.926,2.1,1.296,230,1.01,0.72,450,450,Nelway,BC_NLY_DSS,INT Nelway BPA 1,BC_BCUS03_INT,Also called 2L277,BC_NLY_DSS,BC_BCUS03_INT,450,450,1.01,0.72,2.1,230,500.0,NLY_DSS_BCUS03_INT,230kV,230_NLY_DSS,230_BCUS03_INT,1.5,230
32765,71L,FortisBC,BC,British Columbia,1,ac,23.8,14.691,25.3,15.617,230,12.14,11.42,419,486,Waneta TS,BC_WHS_TSS,Nelway,BC_NLY_DSS,Also called 2L277,BC_WHS_TSS,BC_NLY_DSS,419,486,12.14,11.42,25.3,230,465.5556,WHS_TSS_NLY_DSS,230kV,230_WHS_TSS,230_NLY_DSS,23.8,230
32766,72L,FortisBC,BC,British Columbia,1,ac,43.5,26.852,43.5,26.852,230,20.88,20.88,321,452,FA Lee TS,BC_LEE_TSS,Vernon TS,BC_VNT_TSS,Also called 2L263,BC_LEE_TSS,BC_VNT_TSS,321,452,20.88,20.88,43.5,230,356.6667,LEE_TSS_VNT_TSS,230kV,230_LEE_TSS,230_VNT_TSS,43.5,230
32767,73L,FortisBC,BC,British Columbia,1,ac,42.7,26.358,58.3,35.988,230,27.98,20.5,402,435,DG Bell TS,BC_DGB_TSS,RG Anderson TS,BC_RGA_TSS,,BC_DGB_TSS,BC_RGA_TSS,402,435,27.98,20.5,58.3,230,446.6667,DGB_TSS_RGA_TSS,230kV,230_DGB_TSS,230_RGA_TSS,42.7,230
32768,73L,FortisBC,BC,British Columbia,1,ac,15.6,9.63,58.3,35.988,230,27.98,7.49,402,435,FA Lee TS,BC_LEE_TSS,DG Bell TS,BC_DGB_TSS,,BC_LEE_TSS,BC_DGB_TSS,402,435,27.98,7.49,58.3,230,446.6667,LEE_TSS_DGB_TSS,230kV,230_LEE_TSS,230_DGB_TSS,15.6,230
32769,74L,FortisBC,BC,British Columbia,1,ac,42.5,26.235,42.5,26.235,230,20.4,20.4,321,452,FA Lee TS,BC_LEE_TSS,Vernon TS,BC_VNT_TSS,Also called 2L264,BC_LEE_TSS,BC_VNT_TSS,321,452,20.4,20.4,42.5,230,356.6667,LEE_TSS_VNT_TSS,230kV,230_LEE_TSS,230_VNT_TSS,42.5,230
32770,75L,FortisBC,BC,British Columbia,1,ac,28.2,17.407,28.2,17.407,230,13.54,13.54,402,435,RG Anderson TS,BC_RGA_TSS,Vaseux Lake TS,BC_VAS_TSS,,BC_RGA_TSS,BC_VAS_TSS,402,435,13.54,13.54,28.2,230,446.6667,RGA_TSS_VAS_TSS,230kV,230_RGA_TSS,230_VAS_TSS,28.2,230
32771,76L,FortisBC,BC,British Columbia,1,ac,28.2,17.407,28.2,17.407,230,13.54,13.54,402,435,RG Anderson TS,BC_RGA_TSS,Vaseux Lake TS,BC_VAS_TSS,,BC_RGA_TSS,BC_VAS_TSS,402,435,13.54,13.54,28.2,230,446.6667,RGA_TSS_VAS_TSS,230kV,230_RGA_TSS,230_VAS_TSS,28.2,230
32772,77L,FortisBC,BC,British Columbia,1,ac,28.2,17.407,28.2,17.407,230,13.54,13.54,402,435,Warfield TS,BC_WTS_TSS,Brilliant TS,BC_BTS_TSS,,BC_WTS_TSS,BC_BTS_TSS,402,435,13.54,13.54,28.2,230,446.6667,WTS_TSS_BTS_TSS,230kV,230_WTS_TSS,230_BTS_TSS,28.2,230
32773,79L,FortisBC,BC,British Columbia,1,ac,21.9,13.519,21.9,13.519,230,10.51,10.51,385,458,Brilliant TS,BC_BTS_TSS,Kootenay Canal GS,BC_KCL_GSS,Also called 2L288,BC_BTS_TSS,BC_KCL_GSS,385,458,10.51,10.51,21.9,230,427.7778,BTS_TSS_KCL_GSS,230kV,230_BTS_TSS,230_KCL_GSS,21.9,230
32774,7L,FortisBC,BC,British Columbia,1,ac,0.7,0.432,1.25,0.772,63,0.48,0.27,30,33,Brilliant SS,BC_BSS_SWS,Brilliant GS,BC_BRD_GSS,,BC_BSS_SWS,BC_BRD_GSS,30,33,0.48,0.27,1.25,63,33.3333,BSS_SWS_BRD_GSS,63kV,63_BSS_SWS,63_BRD_GSS,0.7,63
32775,7L,FortisBC,BC,British Columbia,1,ac,0.55,0.34,1.25,0.772,63,0.48,0.21,30,33,Brilliant TS,BC_BTS_TSS,Brilliant SS,BC_BSS_SWS,,BC_BTS_TSS,BC_BSS_SWS,30,33,0.48,0.21,1.25,63,33.3333,BTS_TSS_BSS_SWS,63kV,63_BTS_TSS,63_BSS_SWS,0.55,63
32776,81L,FortisBC,BC,British Columbia,1,ac,14.5,8.951,14.5,8.951,230,6.96,6.96,405,484,Arrow Lakes GS,BC_ALH_GSS,Brilliant TS,BC_BTS_TSS,Also called 2L290,BC_ALH_GSS,BC_BTS_TSS,405,484,6.96,6.96,14.5,230,450.0,ALH_GSS_BTS_TSS,230kV,230_ALH_GSS,230_BTS_TSS,14.5,230
32777,82L,FortisBC,BC,British Columbia,1,ac,33.8,20.864,33.8,20.864,230,16.22,16.22,428,539,Brilliant TS,BC_BTS_TSS,Selkirk TS,BC_SEL_TSS,Also called 2L289,BC_BTS_TSS,BC_SEL_TSS,428,539,16.22,16.22,33.8,230,475.5556,BTS_TSS_SEL_TSS,230kV,230_BTS_TSS,230_SEL_TSS,33.8,230
32778,83L,FortisBC,BC,British Columbia,1,ac,0.6,0.37,0.6,0.37,230,0.29,0.29,402,435,Brilliant TS,BC_BTS_TSS,Brilliant Expansion GS,BC_BRX_GSS,,BC_BTS_TSS,BC_BRX_GSS,402,435,0.29,0.29,0.6,230,446.6667,BTS_TSS_BRX_GSS,230kV,230_BTS_TSS,230_BRX_GSS,0.6,230
32779,84L,FortisBC,BC,British Columbia,1,ac,9.7,5.988,9.7,5.988,230,4.66,4.66,444,444,Selkirk TS,BC_SEL_TSS,Waneta Expansion GS,BC_WAX_GSS,Also called 2L286,BC_SEL_TSS,BC_WAX_GSS,444,444,4.66,4.66,9.7,230,493.3333,SEL_TSS_WAX_GSS,230kV,230_SEL_TSS,230_WAX_GSS,9.7,230
32780,8L,FortisBC,BC,British Columbia,1,ac,0.7,0.432,1.25,0.772,63,0.48,0.27,30,33,Brilliant SS,BC_BSS_SWS,Brilliant GS,BC_BRD_GSS,,BC_BSS_SWS,BC_BRD_GSS,30,33,0.48,0.27,1.25,63,33.3333,BSS_SWS_BRD_GSS,63kV,63_BSS_SWS,63_BRD_GSS,0.7,63
32781,8L,FortisBC,BC,British Columbia,1,ac,0.55,0.34,1.25,0.772,63,0.48,0.21,30,33,Brilliant TS,BC_BTS_TSS,Brilliant SS,BC_BSS_SWS,,BC_BTS_TSS,BC_BSS_SWS,30,33,0.48,0.21,1.25,63,33.3333,BTS_TSS_BSS_SWS,63kV,63_BTS_TSS,63_BSS_SWS,0.55,63
32782,9B,FortisBC,BC,British Columbia,1,ac,2.7,1.667,2.7,1.667,63,1.03,1.03,30,33,Ruckles JCT,BC_RUC_JCT,Ruckles,BC_RUC_DSS,,BC_RUC_JCT,BC_RUC_DSS,30,33,1.03,1.03,2.7,63,33.3333,RUC_JCT_RUC_DSS,63kV,63_RUC_JCT,63_RUC_DSS,2.7,63
32783,9C,FortisBC,BC,British Columbia,1,ac,2.0,1.235,2.0,1.235,63,0.76,0.76,30,33,Christina Lake JCT,BC_CHR_JCT,Christina Lake,BC_CHR_DSS,Circuit ID assumed,BC_CHR_JCT,BC_CHR_DSS,30,33,0.76,0.76,2.0,63,33.3333,CHR_JCT_CHR_DSS,63kV,63_CHR_JCT,63_CHR_DSS,2.0,63
32784,9EL,FortisBC,BC,British Columbia,1,ac,4.8,2.963,52.2,32.222,63,19.84,1.82,30,33,Cascade JCT,BC_CSC_JCT,Cascade,BC_CSC_DSS,,BC_CSC_JCT,BC_CSC_DSS,30,33,19.84,1.82,52.2,63,33.3333,CSC_JCT_CSC_DSS,63kV,63_CSC_JCT,63_CSC_DSS,4.8,63
32785,9EL,FortisBC,BC,British Columbia,1,ac,26.6,16.42,52.2,32.222,63,19.84,10.11,30,33,Christina Lake JCT,BC_CHR_JCT,Cascade JCT,BC_CSC_JCT,,BC_CHR_JCT,BC_CSC_JCT,30,33,19.84,10.11,52.2,63,33.3333,CHR_JCT_CSC_JCT,63kV,63_CHR_JCT,63_CSC_JCT,26.6,63
32786,9EL,FortisBC,BC,British Columbia,1,ac,3.1,1.914,52.2,32.222,63,19.84,1.18,30,33,Grand Forks TS,BC_GFT_TSS,Ruckles JCT,BC_RUC_JCT,,BC_GFT_TSS,BC_RUC_JCT,30,33,19.84,1.18,52.2,63,33.3333,GFT_TSS_RUC_JCT,63kV,63_GFT_TSS,63_RUC_JCT,3.1,63
32787,9EL,FortisBC,BC,British Columbia,1,ac,17.7,10.926,52.2,32.222,63,19.84,6.73,30,33,Ruckles JCT,BC_RUC_JCT,Christina Lake JCT,BC_CHR_JCT,,BC_RUC_JCT,BC_CHR_JCT,30,33,19.84,6.73,52.2,63,33.3333,RUC_JCT_CHR_JCT,63kV,63_RUC_JCT,63_CHR_JCT,17.7,63
32788,9L,FortisBC,BC,British Columbia,1,ac,11.0,6.79,11.0,6.79,63,4.18,4.18,30,33,Cascade JCT,BC_CSC_JCT,Warfield TS,BC_WTS_TSS,,BC_CSC_JCT,BC_WTS_TSS,30,33,4.18,4.18,11.0,63,33.3333,CSC_JCT_WTS_TSS,63kV,63_CSC_JCT,63_WTS_TSS,11.0,63
32789,KMO-1,Rio Tinto Alcan,BC,British Columbia,1,ac,75.0,46.296,75.0,46.296,287,34.65,34.65,642,727,Kitimat,BC_KIT_DSS,Kemano GS,BC_KMO_GSS,,BC_KIT_DSS,BC_KMO_GSS,642,727,34.65,34.65,75.0,287,713.3333,KIT_DSS_KMO_GSS,287kV,287_KIT_DSS,287_KMO_GSS,75.0,287
32790,KMO-2,Rio Tinto Alcan,BC,British Columbia,1,ac,75.0,46.296,75.0,46.296,287,34.65,34.65,642,727,Kitimat,BC_KIT_DSS,Kemano GS,BC_KMO_GSS,,BC_KIT_DSS,BC_KMO_GSS,642,727,34.65,34.65,75.0,287,713.3333,KIT_DSS_KMO_GSS,287kV,287_KIT_DSS,287_KMO_GSS,75.0,287
