,transmission_line_id,transmission_circuit_id,owner,province,operating_region,number_of_circuits,current_type,line_segment_length_km,line_segment_length_mi,line_length_km,line_length_mi,voltage,reactance,summer_capacity,winter_capacity,starting_node_name,starting_node_code,ending_node_name,ending_node_code,notes
5602,28958,10EL,FortisBC,BC,British Columbia,1,ac,1.000,0.617,53.500,33.025,63,20.33,30,33,Cascade JCT,BC_CSC_JCT,Cascade,BC_CSC_DSS,NULL
5603,28959,10EL,FortisBC,BC,British Columbia,1,ac,32.500,20.062,53.500,33.025,63,20.33,30,33,Christina Lake JCT,BC_CHR_JCT,Cascade JCT,BC_CSC_JCT,NULL
5604,28960,10EL,FortisBC,BC,British Columbia,1,ac,17.500,10.802,53.500,33.025,63,20.33,30,33,Ruckles JCT,BC_RUC_JCT,Christina Lake JCT,BC_CHR_JCT,NULL
5605,28961,10EL,FortisBC,BC,British Columbia,1,ac,2.500,1.543,53.500,33.025,63,20.33,30,33,Grand Forks TS,BC_GFT_TSS,Ruckles JCT,BC_RUC_JCT,NULL
5606,28962,10ELCHR,FortisBC,BC,British Columbia,1,ac,2.000,1.235,2.000,1.235,63,0.76,30,33,Christina Lake JCT,BC_CHR_JCT,Christina Lake,BC_CHR_DSS,NULL
5607,28963,10ELRUC,FortisBC,BC,British Columbia,1,ac,1.000,0.617,2.500,1.543,63,0.95,30,33,Ruckles JCT,BC_RUC_JCT,Bradford,BC_BRA_ISS,NULL
5608,28964,10ELRUC,FortisBC,BC,British Columbia,1,ac,1.500,0.926,2.500,1.543,63,0.95,30,33,Bradford,BC_BRA_ISS,Ruckles,BC_RUC_DSS,NULL
5609,28965,10L,FortisBC,BC,British Columbia,1,ac,7.500,4.630,7.500,4.630,63,2.85,30,33,Cascade JCT,BC_CSC_JCT,Warfield TS,BC_WTS_TSS,NULL
5610,28966,11EL,FortisBC,BC,British Columbia,1,ac,60.000,37.037,60.000,37.037,161,27.00,193,212,Grand Forks TS,BC_GFT_TSS,AS Mawdsley TS,BC_ASM_TSS,NULL
5611,28967,11WL,FortisBC,BC,British Columbia,1,ac,35.000,21.605,35.000,21.605,161,15.75,193,212,Kettle Valley,BC_KET_DSS,Grand Forks TS,BC_GFT_TSS,NULL
5612,28968,12L 60L227,FortisBC,BC,British Columbia,1,ac,0.743,0.459,0.743,0.459,63,0.28,30,33,Kootenay Canal GS,BC_KCL_GSS,South Slocan GS,BC_SLC_GSS,NULL
5613,28969,13L 60L225,FortisBC,BC,British Columbia,1,ac,0.429,0.265,0.429,0.265,63,0.16,30,33,Kootenay Canal GS,BC_KCL_GSS,South Slocan GS,BC_SLC_GSS,NULL
5614,28970,14L,FortisBC,BC,British Columbia,1,ac,0.500,0.309,11.500,7.099,63,4.37,30,33,Waneta TS,BC_WHS_TSS,Waneta GS,BC_WAN_GSS,NULL
5615,28971,14L,FortisBC,BC,British Columbia,1,ac,11.000,6.790,11.500,7.099,63,4.37,30,33,Emerald SWS,BC_ESS_SWS,Waneta TS,BC_WHS_TSS,NULL
5616,28972,15L,FortisBC,BC,British Columbia,1,ac,0.500,0.309,11.500,7.099,63,4.37,30,33,Waneta TS,BC_WHS_TSS,Waneta GS,BC_WAN_GSS,NULL
5617,28973,15L,FortisBC,BC,British Columbia,1,ac,11.000,6.790,11.500,7.099,63,4.37,30,33,Emerald SWS,BC_ESS_SWS,Waneta TS,BC_WHS_TSS,NULL
5618,28974,16L,FortisBC,BC,British Columbia,1,ac,0.500,0.309,11.500,7.099,63,4.37,30,33,Waneta TS,BC_WHS_TSS,Waneta GS,BC_WAN_GSS,NULL
5619,28975,16L,FortisBC,BC,British Columbia,1,ac,11.000,6.790,11.500,7.099,63,4.37,30,33,Emerald SWS,BC_ESS_SWS,Waneta TS,BC_WHS_TSS,NULL
5620,28976,17L,FortisBC,BC,British Columbia,1,ac,0.500,0.309,11.500,7.099,63,4.37,30,33,Waneta TS,BC_WHS_TSS,Waneta GS,BC_WAN_GSS,NULL
5621,28977,17L,FortisBC,BC,British Columbia,1,ac,11.000,6.790,11.500,7.099,63,4.37,30,33,Emerald SWS,BC_ESS_SWS,Waneta TS,BC_WHS_TSS,NULL
5622,28978,18L,FortisBC,BC,British Columbia,1,ac,8.500,5.247,8.500,5.247,63,3.23,30,33,Waneta TS,BC_WHS_TSS,Beaver Park,BC_BEP_DSS,NULL
5623,28979,19L,FortisBC,BC,British Columbia,1,ac,12.500,7.716,40.000,24.691,63,15.20,30,33,South Slocan GS,BC_SLC_GSS,Passmore,BC_PAS_DSS,NULL
5624,28980,19L,FortisBC,BC,British Columbia,1,ac,27.500,16.975,40.000,24.691,63,15.20,30,33,Passmore,BC_PAS_DSS,Valhalla,BC_VAL_DSS,NULL
5625,28981,1L,FortisBC,BC,British Columbia,1,ac,1.000,0.617,1.000,0.617,63,0.38,30,33,Warfield TS,BC_WTS_TSS,Stoney Creek,BC_STY_DSS,STY used for Stoney Creek to avoid confusion with STC - Site C
5626,28982,1L001,BC Hydro,BC,British Columbia,1,ac,18.000,11.111,61.000,37.654,138,26.45,141,156,Stokke GS,BC_SKK_GSS,Big Silver GS,BC_BSV_GSS,NULL
5627,28983,1L001,BC Hydro,BC,British Columbia,1,ac,2.000,1.235,61.000,37.654,138,26.45,141,156,Fire GS,BC_FRE_GSS,Douglas GS,BC_DGL_GSS,NULL
5628,28984,1L001,BC Hydro,BC,British Columbia,1,ac,2.000,1.235,61.000,37.654,138,26.45,141,156,Kwalsa TS,BC_KWL_TSS,Fire GS,BC_FRE_GSS,NULL
5629,28985,1L001,BC Hydro,BC,British Columbia,1,ac,2.000,1.235,61.000,37.654,138,26.45,141,156,Tipella GS,BC_TPA_GSS,Kwalsa TS,BC_KWL_TSS,NULL
5630,28986,1L001,BC Hydro,BC,British Columbia,1,ac,9.000,5.556,61.000,37.654,138,26.45,141,156,Upper Stave River GS,BC_USR_GSS,Northwest Stave GS,BC_NWS_GSS,NULL
5631,28987,1L001,BC Hydro,BC,British Columbia,1,ac,8.000,4.938,61.000,37.654,138,26.45,141,156,Douglas GS,BC_DGL_GSS,Stokke GS,BC_SKK_GSS,NULL
5632,28988,1L001,BC Hydro,BC,British Columbia,1,ac,18.000,11.111,61.000,37.654,138,26.45,141,156,Northwest Stave GS,BC_NWS_GSS,Tipella GS,BC_TPA_GSS,NULL
5633,28989,1L001,BC Hydro,BC,British Columbia,1,ac,1.000,0.617,61.000,37.654,138,26.45,141,156,Kwalsa TS,BC_KWL_TSS,Upper Harrison,BC_UHT_DSS,NULL
5634,28990,1L001,BC Hydro,BC,British Columbia,1,ac,1.000,0.617,61.000,37.654,138,26.45,141,156,Lamont GS,BC_LMN_GSS,Upper Stave River GS,BC_USR_GSS,NULL
5635,28991,1L002,BC Hydro,BC,British Columbia,1,ac,5.000,3.086,20.000,12.346,138,8.67,141,156,Tretheway GS,BC_TWY_GSS,Bremner GS,BC_BRE_GSS,Line name assumed
5636,28992,1L002,BC Hydro,BC,British Columbia,1,ac,10.000,6.173,20.000,12.346,138,8.67,141,156,Upper Harrison,BC_UHT_DSS,Tretheway GS,BC_TWY_GSS,Line name assumed
5637,28993,1L002,BC Hydro,BC,British Columbia,1,ac,5.000,3.086,20.000,12.346,138,8.67,141,156,Bremner GS,BC_BRE_GSS,Trio GS,BC_TRE_GSS,Line name assumed
5638,28994,1L010,BC Hydro,BC,British Columbia,1,ac,30.000,18.519,55.390,34.191,138,24.02,112,158,Shawnigan JCT,BC_SHA_JCT,Goward,BC_GOW_DSS,NULL
5639,28995,1L010,BC Hydro,BC,British Columbia,1,ac,25.390,15.673,55.390,34.191,138,24.02,139,168,Vancouver Island TS,BC_VIT_TSS,Shawnigan JCT,BC_SHA_JCT,NULL
5640,28996,1L010SHA,BC Hydro,BC,British Columbia,1,ac,0.082,0.051,0.082,0.051,138,0.04,156,199,Shawnigan JCT,BC_SHA_JCT,Shawnigan,BC_SHA_DSS,NULL
5641,28997,1L011,BC Hydro,BC,British Columbia,1,ac,40.360,24.914,55.360,34.173,138,24.00,112,158,Koksilah JCT,BC_KSH_JCT,Goward,BC_GOW_DSS,NULL
5642,28998,1L011,BC Hydro,BC,British Columbia,1,ac,15.000,9.259,55.360,34.173,138,24.00,139,168,Vancouver Island TS,BC_VIT_TSS,Koksilah JCT,BC_KSH_JCT,NULL
5643,28999,1L011KSH,BC Hydro,BC,British Columbia,1,ac,3.189,1.968,3.189,1.968,138,1.38,139,168,Koksilah JCT,BC_KSH_JCT,Koksilah,BC_KSH_DSS,NULL
5644,29000,1L012,BC Hydro,BC,British Columbia,1,ac,6.318,3.900,6.318,3.900,138,2.74,156,199,Goward,BC_GOW_DSS,George Tripp,BC_GTP_DSS,NULL
5645,29001,1L014,BC Hydro,BC,British Columbia,1,ac,40.920,25.259,62.920,38.840,138,27.28,156,199,Shawnigan JCT,BC_SHA_JCT,George Tripp,BC_GTP_DSS,NULL
5646,29002,1L014,BC Hydro,BC,British Columbia,1,ac,15.000,9.259,62.920,38.840,138,27.28,156,199,Vancouver Island TS,BC_VIT_TSS,Koksilah JCT,BC_KSH_JCT,NULL
5647,29003,1L014,BC Hydro,BC,British Columbia,1,ac,7.000,4.321,62.920,38.840,138,27.28,156,199,Koksilah JCT,BC_KSH_JCT,Shawnigan JCT,BC_SHA_JCT,NULL
5648,29004,1L014KSH,BC Hydro,BC,British Columbia,1,ac,3.223,1.990,3.223,1.990,138,1.40,156,199,Koksilah JCT,BC_KSH_JCT,Koksilah,BC_KSH_DSS,NULL
5649,29005,1L014SHA,BC Hydro,BC,British Columbia,1,ac,0.087,0.054,0.087,0.054,138,0.04,156,199,Shawnigan JCT,BC_SHA_JCT,Shawnigan,BC_SHA_DSS,NULL
5650,29006,1L018,BC Hydro,BC,British Columbia,1,ac,38.170,23.562,68.170,42.080,138,29.56,81,114,Arnott,BC_ARN_DSS,Galiano JCT,BC_GLS_JCT,NULL
5651,29007,1L018,BC Hydro,BC,British Columbia,1,ac,15.000,9.259,68.170,42.080,138,29.56,81,114,Galiano JCT,BC_GLS_JCT,Saltspring JCT,BC_SAL_JCT,NULL
5652,29008,1L018,BC Hydro,BC,British Columbia,1,ac,15.000,9.259,68.170,42.080,138,29.56,81,114,Saltspring JCT,BC_SAL_JCT,Vancouver Island TS,BC_VIT_TSS,NULL
5653,29009,1L018GLS,BC Hydro,BC,British Columbia,1,ac,0.115,0.071,0.115,0.071,138,0.05,153,147,Galiano JCT,BC_GLS_JCT,Galiano,BC_GLS_DSS,NULL
5654,29010,1L018SAL,BC Hydro,BC,British Columbia,1,ac,0.480,0.296,0.480,0.296,138,0.21,81,138,Saltspring JCT,BC_SAL_JCT,Saltspring,BC_SAL_DSS,NULL
5655,29011,1L031,BC Hydro,BC,British Columbia,1,ac,15.000,9.259,63.040,38.914,138,27.33,56,95,Woodfibre JCT,BC_WFR_JCT,Box Canyon JCT,BC_BOX_JCT,NULL
5656,29012,1L031,BC Hydro,BC,British Columbia,1,ac,28.040,17.309,63.040,38.914,138,27.33,56,95,Box Canyon JCT,BC_BOX_JCT,Gibsons,BC_GIB_DSS,NULL
5657,29013,1L031,BC Hydro,BC,British Columbia,1,ac,20.000,12.346,63.040,38.914,138,27.33,111,197,Cheekye,BC_CKY_DSS,Woodfibre JCT,BC_WFR_JCT,NULL
5658,29014,1L031BOX,BC Hydro,BC,British Columbia,1,ac,1.000,0.617,1.000,0.617,138,0.43,123,148,Box Canyon JCT,BC_BOX_JCT,Box Canyon GS,BC_BOX_GSS,NULL
5659,29015,1L031WFR,BC Hydro,BC,British Columbia,1,ac,0.655,0.405,0.655,0.405,138,0.28,141,156,Woodfibre JCT,BC_WFR_JCT,Woodfibre,BC_WFR_DSS,NULL
5660,29016,1L032,BC Hydro,BC,British Columbia,1,ac,20.679,12.765,20.679,12.765,138,8.97,108,129,Sechelt,BC_SEC_DSS,Gibsons,BC_GIB_DSS,NULL
5661,29017,1L033,BC Hydro,BC,British Columbia,1,ac,4.000,2.469,32.590,20.117,138,14.13,108,129,Grief Point JCT,BC_GPT_JCT,Forest View JCT,BC_FVW_JCT,NULL
5662,29018,1L033,BC Hydro,BC,British Columbia,1,ac,25.000,15.432,32.590,20.117,138,14.13,108,129,Saltery Bay,BC_SAY_DSS,Grief Point JCT,BC_GPT_JCT,NULL
5663,29019,1L033,BC Hydro,BC,British Columbia,1,ac,3.590,2.216,32.590,20.117,138,14.13,108,129,Forest View JCT,BC_FVW_JCT,Powell,BC_POW_DSS,NULL
5664,29020,1L033FVW,BC Hydro,BC,British Columbia,1,ac,0.032,0.020,0.032,0.020,138,0.01,141,156,Forest View JCT,BC_FVW_JCT,Forest View,BC_FVW_DSS,NULL
5665,29021,1L033GPT,BC Hydro,BC,British Columbia,1,ac,3.969,2.450,3.969,2.450,138,1.72,141,156,Grief Point JCT,BC_GPT_JCT,Grief Point,BC_GPT_DSS,NULL
5666,29022,1L035,BC Hydro,BC,British Columbia,1,ac,5.600,3.457,30.600,18.889,138,13.27,105,127,Pender Harbour,BC_PHR_DSS,Malaspina,BC_MSA_DSS,NULL
5667,29023,1L035,BC Hydro,BC,British Columbia,1,ac,25.000,15.432,30.600,18.889,138,13.27,105,127,Sechelt,BC_SEC_DSS,Pender Harbour,BC_PHR_DSS,NULL
5668,29024,1L037,BC Hydro,BC,British Columbia,1,ac,3.000,1.852,27.600,17.037,138,11.97,108,129,Malaspina,BC_MSA_DSS,Narrows Inlet JCT,BC_NIT_JCT,NULL
5669,29025,1L037,BC Hydro,BC,British Columbia,1,ac,24.600,15.185,27.600,17.037,138,11.97,108,129,Narrows Inlet JCT,BC_NIT_JCT,Saltery Bay,BC_SAY_DSS,NULL
5670,29026,1L037NIT,BC Hydro,BC,British Columbia,1,ac,11.937,7.368,11.937,7.368,138,5.18,141,156,Narrows Inlet JCT,BC_NIT_JCT,Narrows Inlet GS,BC_NIT_GSS,NULL
5671,29027,1L038,BC Hydro,BC,British Columbia,1,ac,1.426,0.880,1.426,0.880,138,0.62,141,156,Cheekye,BC_CKY_DSS,Skookum Creek GS,BC_SKO_GSS,NULL
5672,29028,1L044,BC Hydro,BC,British Columbia,1,ac,0.500,0.309,50.310,31.056,138,21.81,105,127,Lower Bear GS,BC_BHL_GSS,Bear Creek,BC_BRK_DSS,Line name assumed
5673,29029,1L044,BC Hydro,BC,British Columbia,1,ac,3.000,1.852,50.310,31.056,138,21.81,105,127,Clowhom GS,BC_COM_GSS,Lower Bear GS,BC_BHL_GSS,Line name assumed
5674,29030,1L044,BC Hydro,BC,British Columbia,1,ac,8.000,4.938,50.310,31.056,138,21.81,105,127,Bear Creek,BC_BRK_DSS,Lower Clowhom GS,BC_LCH_GSS,Line name assumed
5675,29031,1L044,BC Hydro,BC,British Columbia,1,ac,35.000,21.605,50.310,31.056,138,21.81,105,127,Sechelt Creek GS JCT,BC_SCG_JCT,Sechelt,BC_SEC_DSS,NULL
5676,29032,1L044,BC Hydro,BC,British Columbia,1,ac,2.810,1.735,50.310,31.056,138,21.81,105,127,Clowhom GS,BC_COM_GSS,Sechelt Creek GS JCT,BC_SCG_JCT,NULL
5677,29033,1L044,BC Hydro,BC,British Columbia,1,ac,1.000,0.617,50.310,31.056,138,21.81,105,127,Lower Clowhom GS,BC_LCH_GSS,Upper Clowhom GS,BC_UCH_GSS,Line name assumed
5678,29034,1L044BHU,BC Hydro,BC,British Columbia,1,ac,5.000,3.086,5.000,3.086,138,2.17,105,127,Lower Bear GS,BC_BHL_GSS,Upper Bear GS,BC_BHU_GSS,Line name assumed
5679,29035,1L044SCG,BC Hydro,BC,British Columbia,1,ac,0.260,0.161,0.260,0.161,138,0.11,141,156,Sechelt Creek GS JCT,BC_SCG_JCT,Sechelt Creek GS,BC_SCG_GSS,NULL
5680,29036,1L048,BC Hydro,BC,British Columbia,1,ac,25.000,15.432,31.540,19.469,138,13.67,182,274,Saltery Bay,BC_SAY_DSS,Grief Point JCT,BC_GPT_JCT,NULL
5681,29037,1L048,BC Hydro,BC,British Columbia,1,ac,6.540,4.037,31.540,19.469,138,13.67,182,274,Grief Point JCT,BC_GPT_JCT,Powell,BC_POW_DSS,NULL
5682,29038,1L048GPT,BC Hydro,BC,British Columbia,1,ac,4.185,2.584,4.185,2.584,138,1.81,141,156,Grief Point JCT,BC_GPT_JCT,Grief Point,BC_GPT_DSS,NULL
5683,29039,1L055,BC Hydro,BC,British Columbia,1,ac,20.000,12.346,47.850,29.537,138,20.75,183,235,Highland,BC_HLD_DSS,Highland Valley Copper JCT,BC_HVC_JCT,NULL
5684,29040,1L055,BC Hydro,BC,British Columbia,1,ac,15.000,9.259,47.850,29.537,138,20.75,55,105,Highland Valley Copper JCT,BC_HVC_JCT,Lornex Low Level Dam,BC_LLD_ISS,NULL
5685,29041,1L055,BC Hydro,BC,British Columbia,1,ac,12.850,7.932,47.850,29.537,138,20.75,55,105,Lornex Low Level Dam,BC_LLD_ISS,Spatsum,BC_STL_DSS,NULL
5686,29042,1L055HVC,BC Hydro,BC,British Columbia,1,ac,0.582,0.359,0.582,0.359,138,0.25,183,235,Highland Valley Copper JCT,BC_HVC_JCT,Highland Valley Copper,BC_HVC_DSS,NULL
5687,29043,1L057,BC Hydro,BC,British Columbia,1,ac,72.241,44.593,72.241,44.593,138,31.32,141,156,Highland,BC_HLD_DSS,Kwoiek Creek GS,BC_KCH_GSS,Line may not be currently energized
5688,29044,1L101,BC Hydro,BC,British Columbia,1,ac,20.000,12.346,88.740,54.778,138,38.48,134,173,Dunsmuir,BC_DMR_DSS,Buckley Bay JCT,BC_BKB_JCT,NULL
5689,29045,1L101,BC Hydro,BC,British Columbia,1,ac,20.000,12.346,88.740,54.778,138,38.48,134,173,Buckley Bay JCT,BC_BKB_JCT,Comox JCT,BC_CMX_JCT,NULL
5690,29046,1L101,BC Hydro,BC,British Columbia,1,ac,18.740,11.568,88.740,54.778,138,38.48,134,173,Oyster River JCT,BC_OYR_JCT,John Hart GS,BC_JHT_GSS,NULL
5691,29047,1L101,BC Hydro,BC,British Columbia,1,ac,30.000,18.519,88.740,54.778,138,38.48,134,173,Comox JCT,BC_CMX_JCT,Oyster River JCT,BC_OYR_JCT,NULL
5692,29048,1L101BKB,BC Hydro,BC,British Columbia,1,ac,0.089,0.055,0.089,0.055,138,0.04,141,156,Buckley Bay JCT,BC_BKB_JCT,Buckley Bay,BC_BKB_DSS,NULL
5693,29049,1L101CMX,BC Hydro,BC,British Columbia,1,ac,7.747,4.782,7.747,4.782,138,3.36,229,296,Comox JCT,BC_CMX_JCT,Comox,BC_CMX_DSS,NULL
5694,29050,1L101OYR,BC Hydro,BC,British Columbia,1,ac,0.478,0.295,0.478,0.295,138,0.21,137,174,Oyster River JCT,BC_OYR_JCT,Oyster River,BC_OYR_DSS,NULL
5695,29051,1L102,BC Hydro,BC,British Columbia,1,ac,40.000,24.691,45.560,28.123,138,19.75,137,174,Comox JCT,BC_CMX_JCT,Campbell River JCT,BC_CBL_JCT,NULL
5696,29052,1L102,BC Hydro,BC,British Columbia,1,ac,2.560,1.580,45.560,28.123,138,19.75,137,174,Puntledge GS,BC_PUN_GSS,Comox JCT,BC_CMX_JCT,NULL
5697,29053,1L102,BC Hydro,BC,British Columbia,1,ac,3.000,1.852,45.560,28.123,138,19.75,137,174,Campbell River JCT,BC_CBL_JCT,John Hart GS,BC_JHT_GSS,NULL
5698,29054,1L102CBL,BC Hydro,BC,British Columbia,1,ac,5.187,3.202,5.187,3.202,138,2.25,69,139,Campbell River JCT,BC_CBL_JCT,Campbell River,BC_CBL_DSS,NULL
5699,29055,1L102CMX,BC Hydro,BC,British Columbia,1,ac,7.767,4.794,7.767,4.794,138,3.37,229,296,Comox JCT,BC_CMX_JCT,Comox,BC_CMX_DSS,NULL
5700,29056,1L103,BC Hydro,BC,British Columbia,1,ac,2.000,1.235,3.810,2.352,138,1.65,137,173,Island GS JCT,BC_ICG_JCT,Elk Falls Mill,BC_EFM_ISS,NULL
5701,29057,1L103,BC Hydro,BC,British Columbia,1,ac,1.810,1.117,3.810,2.352,138,1.65,137,173,John Hart GS,BC_JHT_GSS,Island GS JCT,BC_ICG_JCT,NULL
5702,29058,1L103ICG,BC Hydro,BC,British Columbia,1,ac,0.079,0.049,0.079,0.049,138,0.03,281,359,Island GS JCT,BC_ICG_JCT,Island GS,BC_ICG_GSS,NULL
5703,29059,1L104,BC Hydro,BC,British Columbia,1,ac,2.000,1.235,3.820,2.358,138,1.66,137,173,Island GS JCT,BC_ICG_JCT,Elk Falls Mill,BC_EFM_ISS,NULL
5704,29060,1L104,BC Hydro,BC,British Columbia,1,ac,1.820,1.123,3.820,2.358,138,1.66,137,173,John Hart GS,BC_JHT_GSS,Island GS JCT,BC_ICG_JCT,NULL
5705,29061,1L104ICG,BC Hydro,BC,British Columbia,1,ac,0.075,0.046,0.075,0.046,138,0.03,281,359,Island GS JCT,BC_ICG_JCT,Island GS,BC_ICG_GSS,NULL
5706,29062,1L105,BC Hydro,BC,British Columbia,1,ac,20.845,12.867,20.845,12.867,138,9.04,134,173,Dunsmuir,BC_DMR_DSS,Port Alberni,BC_PAL_DSS,NULL
5707,29063,1L106,BC Hydro,BC,British Columbia,1,ac,42.891,26.476,42.891,26.476,138,18.60,134,173,Dunsmuir,BC_DMR_DSS,Puntledge GS,BC_PUN_GSS,NULL
5708,29064,1L109,BC Hydro,BC,British Columbia,1,ac,30.000,18.519,41.570,25.660,138,18.02,112,158,South Wellington JCT,BC_SWN_JCT,Prevost,BC_PVO_DSS,NULL
5709,29065,1L109,BC Hydro,BC,British Columbia,1,ac,7.000,4.321,41.570,25.660,138,18.02,112,158,Harewood West,BC_HWW_DSS,South Wellington JCT,BC_SWN_JCT,NULL
5710,29066,1L109,BC Hydro,BC,British Columbia,1,ac,4.570,2.821,41.570,25.660,138,18.02,228,291,Prevost,BC_PVO_DSS,Vancouver Island TS,BC_VIT_TSS,NULL
5711,29067,1L109SWN,BC Hydro,BC,British Columbia,1,ac,0.900,0.556,0.900,0.556,138,0.39,140,168,South Wellington JCT,BC_SWN_JCT,South Wellington,BC_SWN_DSS,NULL
5712,29068,1L110,BC Hydro,BC,British Columbia,1,ac,3.046,1.880,3.046,1.880,138,1.32,230,329,Jinglepot,BC_JPT_DSS,Northfield,BC_NFD_DSS,NULL
5713,29069,1L112,BC Hydro,BC,British Columbia,1,ac,10.000,6.173,15.000,9.259,138,6.50,123,157,Jinglepot,BC_JPT_DSS,Harewood JCT,BC_HWD_JCT,NULL
5714,29070,1L112,BC Hydro,BC,British Columbia,1,ac,1.000,0.617,15.000,9.259,138,6.50,123,157,Nexen JCT,BC_NEX_JCT,Harmac Pacific,BC_HMC_ISS,NULL
5715,29071,1L112,BC Hydro,BC,British Columbia,1,ac,4.000,2.469,15.000,9.259,138,6.50,123,157,Harewood JCT,BC_HWD_JCT,Nexen JCT,BC_NEX_JCT,NULL
5716,29072,1L112NEX,BC Hydro,BC,British Columbia,1,ac,0.707,0.436,0.707,0.436,138,0.31,65,123,Nexen JCT,BC_NEX_JCT,Nexen JCT,BC_NEX_ISS,NULL
5717,29073,1L114,BC Hydro,BC,British Columbia,1,ac,20.806,12.843,20.806,12.843,138,9.02,134,173,Dunsmuir,BC_DMR_DSS,Port Alberni,BC_PAL_DSS,NULL
5718,29074,1L115,BC Hydro,BC,British Columbia,1,ac,9.190,5.673,55.190,34.068,138,23.93,137,174,Lantzville JCT,BC_LTZ_JCT,Jinglepot,BC_JPT_DSS,NULL
5719,29075,1L115,BC Hydro,BC,British Columbia,1,ac,20.000,12.346,55.190,34.068,138,23.93,137,174,Parksville JCT,BC_PVL_JCT,Lantzville JCT,BC_LTZ_JCT,NULL
5720,29076,1L115,BC Hydro,BC,British Columbia,1,ac,13.000,8.025,55.190,34.068,138,23.93,137,174,Qualicum JCT,BC_QLC_JCT,Parksville JCT,BC_PVL_JCT,NULL
5721,29077,1L115,BC Hydro,BC,British Columbia,1,ac,13.000,8.025,55.190,34.068,138,23.93,137,174,Dunsmuir,BC_DMR_DSS,Qualicum JCT,BC_QLC_JCT,NULL
5722,29078,1L115LTZ,BC Hydro,BC,British Columbia,1,ac,0.057,0.035,0.057,0.035,138,0.02,141,156,Lantzville JCT,BC_LTZ_JCT,Lantzville,BC_LTZ_DSS,NULL
5723,29079,1L115PVL,BC Hydro,BC,British Columbia,1,ac,0.133,0.082,0.133,0.082,138,0.06,72,137,Parksville JCT,BC_PVL_JCT,Parksville,BC_PVL_DSS,NULL
5724,29080,1L115QLC,BC Hydro,BC,British Columbia,1,ac,0.057,0.035,0.057,0.035,138,0.02,137,174,Qualicum JCT,BC_QLC_JCT,Qualicum,BC_QLC_DSS,NULL
5725,29081,1L116,BC Hydro,BC,British Columbia,1,ac,9.160,5.654,55.160,34.049,138,23.92,137,174,Lantzville JCT,BC_LTZ_JCT,Jinglepot,BC_JPT_DSS,NULL
5726,29082,1L116,BC Hydro,BC,British Columbia,1,ac,20.000,12.346,55.160,34.049,138,23.92,137,174,Parksville JCT,BC_PVL_JCT,Lantzville JCT,BC_LTZ_JCT,NULL
5727,29083,1L116,BC Hydro,BC,British Columbia,1,ac,13.000,8.025,55.160,34.049,138,23.92,137,174,Qualicum JCT,BC_QLC_JCT,Parksville JCT,BC_PVL_JCT,NULL
5728,29084,1L116,BC Hydro,BC,British Columbia,1,ac,13.000,8.025,55.160,34.049,138,23.92,137,174,Dunsmuir,BC_DMR_DSS,Qualicum JCT,BC_QLC_JCT,NULL
5729,29085,1L116LTZ,BC Hydro,BC,British Columbia,1,ac,0.057,0.035,0.057,0.035,138,0.02,141,156,Lantzville JCT,BC_LTZ_JCT,Lantzville,BC_LTZ_DSS,NULL
5730,29086,1L116PVL,BC Hydro,BC,British Columbia,1,ac,0.137,0.085,0.137,0.085,138,0.06,72,137,Parksville JCT,BC_PVL_JCT,Parksville,BC_PVL_DSS,NULL
5731,29087,1L116QLC,BC Hydro,BC,British Columbia,1,ac,0.049,0.030,0.049,0.030,138,0.02,137,174,Qualicum JCT,BC_QLC_JCT,Qualicum,BC_QLC_DSS,NULL
5732,29088,1L117,BC Hydro,BC,British Columbia,1,ac,6.494,4.009,6.494,4.009,138,2.82,199,255,John Hart GS,BC_JHT_GSS,Ladore Falls GS,BC_LDR_GSS,NULL
5733,29089,1L118,BC Hydro,BC,British Columbia,1,ac,6.507,4.017,6.507,4.017,138,2.82,199,255,John Hart GS,BC_JHT_GSS,Ladore Falls GS,BC_LDR_GSS,NULL
5734,29090,1L119,BC Hydro,BC,British Columbia,1,ac,20.000,12.346,88.470,54.611,138,38.36,137,174,Dunsmuir,BC_DMR_DSS,Buckley Bay JCT,BC_BKB_JCT,NULL
5735,29091,1L119,BC Hydro,BC,British Columbia,1,ac,15.470,9.549,88.470,54.611,138,38.36,137,174,Oyster River JCT,BC_OYR_JCT,Campbell River JCT,BC_CBL_JCT,NULL
5736,29092,1L119,BC Hydro,BC,British Columbia,1,ac,3.000,1.852,88.470,54.611,138,38.36,137,174,Campbell River JCT,BC_CBL_JCT,John Hart GS,BC_JHT_GSS,NULL
5737,29093,1L119,BC Hydro,BC,British Columbia,1,ac,50.000,30.864,88.470,54.611,138,38.36,137,174,Buckley Bay JCT,BC_BKB_JCT,Oyster River JCT,BC_OYR_JCT,NULL
5738,29094,1L119BKB,BC Hydro,BC,British Columbia,1,ac,0.177,0.109,0.177,0.109,138,0.08,140,179,Buckley Bay JCT,BC_BKB_JCT,Buckley Bay,BC_BKB_DSS,NULL
5739,29095,1L119CBL,BC Hydro,BC,British Columbia,1,ac,5.204,3.212,5.204,3.212,138,2.26,69,139,Campbell River JCT,BC_CBL_JCT,Campbell River,BC_CBL_DSS,NULL
5740,29096,1L119OYR,BC Hydro,BC,British Columbia,1,ac,0.476,0.294,0.476,0.294,138,0.21,137,174,Oyster River JCT,BC_OYR_JCT,Oyster River,BC_OYR_DSS,NULL
5741,29097,1L120,BC Hydro,BC,British Columbia,1,ac,47.588,29.375,47.588,29.375,138,20.63,138,175,Strathcona GS,BC_SCA_GSS,Gold River,BC_GLD_DSS,NULL
5742,29098,1L121,BC Hydro,BC,British Columbia,1,ac,15.722,9.705,15.722,9.705,138,6.82,142,179,Ladore Falls GS,BC_LDR_GSS,Strathcona GS,BC_SCA_GSS,NULL
5743,29099,1L122,BC Hydro,BC,British Columbia,1,ac,19.000,11.728,41.560,25.654,138,18.02,112,158,Harewood West,BC_HWW_DSS,Ladysmith JCT,BC_LDY_JCT,NULL
5744,29100,1L122,BC Hydro,BC,British Columbia,1,ac,18.000,11.111,41.560,25.654,138,18.02,112,158,Ladysmith JCT,BC_LDY_JCT,Prevost,BC_PVO_DSS,NULL
5745,29101,1L122,BC Hydro,BC,British Columbia,1,ac,4.560,2.815,41.560,25.654,138,18.02,228,291,Prevost,BC_PVO_DSS,Vancouver Island TS,BC_VIT_TSS,NULL
5746,29102,1L122LDY,BC Hydro,BC,British Columbia,1,ac,0.927,0.572,0.927,0.572,138,0.40,134,173,Ladysmith JCT,BC_LDY_JCT,Ladysmith,BC_LDY_DSS,NULL
5747,29103,1L123,BC Hydro,BC,British Columbia,1,ac,3.000,1.852,7.910,4.883,138,3.43,127,168,Harewood West,BC_HWW_DSS,Harewood JCT,BC_HWD_JCT,NULL
5748,29104,1L123,BC Hydro,BC,British Columbia,1,ac,4.910,3.031,7.910,4.883,138,3.43,127,168,Harewood JCT,BC_HWD_JCT,Jinglepot,BC_JPT_DSS,NULL
5749,29105,1L123HWD,BC Hydro,BC,British Columbia,1,ac,2.976,1.837,2.976,1.837,138,1.29,226,290,Harewood JCT,BC_HWD_JCT,Harewood,BC_HWD_DSS,NULL
5750,29106,1L124,BC Hydro,BC,British Columbia,1,ac,7.915,4.886,7.915,4.886,138,3.43,112,158,Harewood West,BC_HWW_DSS,Jinglepot,BC_JPT_DSS,NULL
5751,29107,1L125,BC Hydro,BC,British Columbia,1,ac,15.000,9.259,33.270,20.537,138,14.42,116,226,Port McNeil JCT,BC_PML_JCT,Keogh,BC_KGH_DSS,NULL
5752,29108,1L125,BC Hydro,BC,British Columbia,1,ac,18.270,11.278,33.270,20.537,138,14.42,116,226,Kokish GS,BC_KKS_GSS,Port McNeil JCT,BC_PML_JCT,NULL
5753,29109,1L125PML,BC Hydro,BC,British Columbia,1,ac,0.157,0.097,0.157,0.097,138,0.07,226,290,Port McNeil JCT,BC_PML_JCT,Port McNeil,BC_PML_DSS,NULL
5754,29110,1L127,BC Hydro,BC,British Columbia,1,ac,14.675,9.059,14.675,9.059,138,6.36,85,122,Port Alberni,BC_PAL_DSS,Great Central,BC_GCL_DSS,NULL
5755,29111,1L128,BC Hydro,BC,British Columbia,1,ac,7.892,4.872,7.892,4.872,138,3.42,112,158,Harewood West,BC_HWW_DSS,Jinglepot,BC_JPT_DSS,NULL
5756,29112,1L130,BC Hydro,BC,British Columbia,1,ac,14.060,8.679,28.060,17.321,138,12.17,75,125,Marble River Hatchery JCT,BC_MRH_JCT,Jeune Landing,BC_JUL_DSS,NULL
5757,29113,1L130,BC Hydro,BC,British Columbia,1,ac,14.000,8.642,28.060,17.321,138,12.17,75,125,Keogh,BC_KGH_DSS,Marble River Hatchery JCT,BC_MRH_JCT,NULL
5758,29114,1L130MRH,BC Hydro,BC,British Columbia,1,ac,0.012,0.008,0.012,0.008,138,0.01,32,59,Marble River Hatchery JCT,BC_MRH_JCT,Marble River Hatchery,BC_MRH_ISS,NULL
5759,29115,1L131,BC Hydro,BC,British Columbia,1,ac,28.000,17.284,73.430,45.327,138,31.84,126,168,Gold River,BC_GLD_DSS,Conuma Hatchery JCT,BC_CMH_JCT,NULL
5760,29116,1L131,BC Hydro,BC,British Columbia,1,ac,29.430,18.167,73.430,45.327,138,31.84,126,168,Conuma Hatchery JCT,BC_CMH_JCT,Tahsis Village,BC_TSV_DSS,NULL
5761,29117,1L131,BC Hydro,BC,British Columbia,1,ac,15.000,9.259,73.430,45.327,138,31.84,126,168,Zeballos Lake TS,BC_ZBT_TSS,Zeballos Lake GS,BC_ZBL_GSS,NULL
5762,29118,1L131,BC Hydro,BC,British Columbia,1,ac,1.000,0.617,73.430,45.327,138,31.84,126,168,Tahsis Village,BC_TSV_DSS,Zeballos Lake TS,BC_ZBT_TSS,NULL
5763,29119,1L131CMH,BC Hydro,BC,British Columbia,1,ac,0.058,0.036,0.058,0.036,138,0.03,106,136,Conuma Hatchery JCT,BC_CMH_JCT,Conuma Hatchery,BC_CMH_ISS,NULL
5764,29120,1L134,BC Hydro,BC,British Columbia,1,ac,13.836,8.541,13.836,8.541,138,6.00,72,137,Gold River,BC_GLD_DSS,Gold River Pulp,BC_GRP_ISS,NULL
5765,29121,1L137,BC Hydro,BC,British Columbia,1,ac,22.635,13.972,22.635,13.972,138,9.81,137,174,Keogh,BC_KGH_DSS,Port Hardy,BC_PHY_DSS,NULL
5766,29122,1L138,BC Hydro,BC,British Columbia,1,ac,8.000,4.938,40.670,25.105,138,17.63,127,168,Mount Hayes JCT,BC_MHY_JCT,Ladysmith JCT,BC_LDY_JCT,NULL
5767,29123,1L138,BC Hydro,BC,British Columbia,1,ac,4.000,2.469,40.670,25.105,138,17.63,127,168,South Wellington JCT,BC_SWN_JCT,Mount Hayes JCT,BC_MHY_JCT,NULL
5768,29124,1L138,BC Hydro,BC,British Columbia,1,ac,7.000,4.321,40.670,25.105,138,17.63,127,168,Harewood West,BC_HWW_DSS,South Wellington JCT,BC_SWN_JCT,NULL
5769,29125,1L138,BC Hydro,BC,British Columbia,1,ac,21.670,13.377,40.670,25.105,138,17.63,127,168,Ladysmith JCT,BC_LDY_JCT,Vancouver Island TS,BC_VIT_TSS,NULL
5770,29126,1L138LDY,BC Hydro,BC,British Columbia,1,ac,0.929,0.573,0.929,0.573,138,0.40,134,173,Ladysmith JCT,BC_LDY_JCT,Ladysmith,BC_LDY_DSS,NULL
5771,29127,1L138MHY,BC Hydro,BC,British Columbia,1,ac,0.200,0.123,0.200,0.123,138,0.09,189,234,Mount Hayes JCT,BC_MHY_JCT,Mount Hayes,BC_MHY_DSS,NULL
5772,29128,1L138SWN,BC Hydro,BC,British Columbia,1,ac,0.930,0.574,0.930,0.574,138,0.40,140,168,South Wellington JCT,BC_SWN_JCT,South Wellington,BC_SWN_DSS,NULL
5773,29129,1L139,BC Hydro,BC,British Columbia,1,ac,8.983,5.545,8.983,5.545,138,3.89,137,174,Vancouver Island TS,BC_VIT_TSS,Catalyst Paper Crofton GS,BC_CFT_GSS,NULL
5774,29130,1L140,BC Hydro,BC,British Columbia,1,ac,8.956,5.528,8.956,5.528,138,3.88,137,174,Vancouver Island TS,BC_VIT_TSS,Catalyst Paper Crofton GS,BC_CFT_GSS,NULL
5775,29131,1L141,BC Hydro,BC,British Columbia,1,ac,28.000,17.284,28.000,17.284,138,12.14,230,293,Cape Scott GS,BC_CSS_GSS,Port Hardy,BC_PHY_DSS,NULL
5776,29132,1L142,BC Hydro,BC,British Columbia,1,ac,16.179,9.987,16.179,9.987,138,7.01,85,122,Great Central,BC_GCL_DSS,Ash River GS,BC_ASH_GSS,NULL
5777,29133,1L143,BC Hydro,BC,British Columbia,1,ac,23.010,14.204,45.010,27.784,138,19.52,183,222,Sooke JCT,BC_SOO_JCT,Colwood,BC_CLD_DSS,NULL
5778,29134,1L143,BC Hydro,BC,British Columbia,1,ac,22.000,13.580,45.010,27.784,138,19.52,183,222,Jordan River GS,BC_JOR_GSS,Sooke JCT,BC_SOO_JCT,NULL
5779,29135,1L143SOO,BC Hydro,BC,British Columbia,1,ac,2.501,1.544,2.501,1.544,138,1.08,183,234,Sooke JCT,BC_SOO_JCT,Sooke,BC_SOO_DSS,NULL
5780,29136,1L146,BC Hydro,BC,British Columbia,1,ac,15.242,9.409,15.242,9.409,138,6.61,183,222,Goward,BC_GOW_DSS,Colwood,BC_CLD_DSS,NULL
5781,29137,1L152,BC Hydro,BC,British Columbia,1,ac,3.092,1.908,3.092,1.908,138,1.34,230,329,Jinglepot,BC_JPT_DSS,Northfield,BC_NFD_DSS,NULL
5782,29138,1L157,BC Hydro,BC,British Columbia,1,ac,37.000,22.840,109.940,67.864,138,47.67,116,226,Woss JCT,BC_WOS_JCT,Beaver Cove JCT,BC_BVC_JCT,NULL
5783,29139,1L157,BC Hydro,BC,British Columbia,1,ac,3.000,1.852,109.940,67.864,138,47.67,116,226,Beaver Cove JCT,BC_BVC_JCT,Kokish TS,BC_KTS_TSS,NULL
5784,29140,1L157,BC Hydro,BC,British Columbia,1,ac,69.940,43.173,109.940,67.864,138,47.67,116,226,Gold River,BC_GLD_DSS,Woss JCT,BC_WOS_JCT,NULL
5785,29141,1L157BVC,BC Hydro,BC,British Columbia,1,ac,0.061,0.037,0.061,0.037,138,0.03,179,217,Beaver Cove JCT,BC_BVC_JCT,Beaver Cove,BC_BVC_DSS,NULL
5786,29142,1L157KKS,BC Hydro,BC,British Columbia,1,ac,1.000,0.617,1.000,0.617,138,0.43,141,156,Kokish TS,BC_KTS_TSS,Kokish GS,BC_KKS_GSS,NULL
5787,29143,1L157WOS,BC Hydro,BC,British Columbia,1,ac,0.078,0.048,0.078,0.048,138,0.03,141,156,Woss JCT,BC_WOS_JCT,Woss,BC_WOS_DSS,NULL
5788,29144,1L201,BC Hydro,BC,British Columbia,1,ac,85.000,52.469,102.320,63.160,138,44.36,88,134,Monashee,BC_MON_DSS,Lumby #2 JCT,BC_LU2_JCT,NULL
5789,29145,1L201,BC Hydro,BC,British Columbia,1,ac,8.000,4.938,102.320,63.160,138,44.36,88,134,Lumby #2 JCT,BC_LU2_JCT,Tolko Industries Lavington JCT,BC_TIL_JCT,NULL
5790,29146,1L201,BC Hydro,BC,British Columbia,1,ac,9.320,5.753,102.320,63.160,138,44.36,88,134,Tolko Industries Lavington JCT,BC_TIL_JCT,Vernon TS,BC_VNT_TSS,NULL
5791,29147,1L201LU2,BC Hydro,BC,British Columbia,1,ac,0.032,0.020,0.032,0.020,138,0.01,88,134,Lumby #2 JCT,BC_LU2_JCT,Lumby #2,BC_LU2_ISS,NULL
5792,29148,1L201TIL,BC Hydro,BC,British Columbia,1,ac,0.318,0.196,0.318,0.196,138,0.14,123,157,Tolko Industries Lavington JCT,BC_TIL_JCT,Tolko Industries Lavington,BC_TIL_DSS,NULL
5793,29149,1L202,BC Hydro,BC,British Columbia,1,ac,85.000,52.469,102.250,63.117,138,44.33,88,134,Monashee,BC_MON_DSS,Lumby #2 JCT,BC_LU2_JCT,NULL
5794,29150,1L202,BC Hydro,BC,British Columbia,1,ac,17.250,10.648,102.250,63.117,138,44.33,88,134,Lumby #2 JCT,BC_LU2_JCT,Vernon TS,BC_VNT_TSS,NULL
5795,29151,1L202LU2,BC Hydro,BC,British Columbia,1,ac,0.045,0.028,0.045,0.028,138,0.02,88,134,Lumby #2 JCT,BC_LU2_JCT,Lumby #2,BC_LU2_ISS,NULL
5796,29152,1L203,BC Hydro,BC,British Columbia,1,ac,42.039,25.950,42.039,25.950,138,18.23,156,186,Savona,BC_SVA_DSS,Highland,BC_HLD_DSS,NULL
5797,29153,1L204,BC Hydro,BC,British Columbia,1,ac,25.000,15.432,39.120,24.148,138,16.96,154,196,Savona,BC_SVA_DSS,Afton Mine JCT,BC_AFN_JCT,NULL
5798,29154,1L204,BC Hydro,BC,British Columbia,1,ac,9.120,5.630,39.120,24.148,138,16.96,154,196,TransMountain Kamloops JCT,BC_TMT_JCT,Douglas Street,BC_DUG_DSS,NULL
5799,29155,1L204,BC Hydro,BC,British Columbia,1,ac,5.000,3.086,39.120,24.148,138,16.96,154,196,Afton Mine JCT,BC_AFN_JCT,TransMountain Kamloops JCT,BC_TMT_JCT,NULL
5800,29156,1L204AFN,BC Hydro,BC,British Columbia,1,ac,1.000,0.617,1.000,0.617,138,0.43,141,156,Afton Mine JCT,BC_AFN_JCT,Afton Mine,BC_AFN_ISS,NULL
5801,29157,1L204TMT,BC Hydro,BC,British Columbia,1,ac,0.909,0.561,0.909,0.561,138,0.39,106,135,TransMountain Kamloops JCT,BC_TMT_JCT,TransMountain Kamloops,BC_TMT_DSS,NULL
5802,29158,1L205,BC Hydro,BC,British Columbia,1,ac,42.069,25.968,42.069,25.968,138,18.24,107,128,Savona,BC_SVA_DSS,Highland,BC_HLD_DSS,NULL
5803,29159,1L206,BC Hydro,BC,British Columbia,1,ac,35.000,21.605,35.000,21.605,138,15.18,154,191,Savona,BC_SVA_DSS,West Kamloops,BC_WKA_DSS,NULL
5804,29160,1L209,BC Hydro,BC,British Columbia,1,ac,42.000,25.926,108.890,67.216,138,47.21,102,142,Lafarge #2 JCT,BC_LF2_JCT,Chase JCT,BC_CHS_JCT,NULL
5805,29161,1L209,BC Hydro,BC,British Columbia,1,ac,8.000,4.938,108.890,67.216,138,47.21,102,142,Valleyview,BC_VVW_DSS,Lafarge #2 JCT,BC_LF2_JCT,NULL
5806,29162,1L209,BC Hydro,BC,British Columbia,1,ac,40.000,24.691,108.890,67.216,138,47.21,102,142,Sorrento JCT,BC_STO_JCT,Salmon Arm,BC_SAM_DSS,NULL
5807,29163,1L209,BC Hydro,BC,British Columbia,1,ac,18.890,11.660,108.890,67.216,138,47.21,102,142,Chase JCT,BC_CHS_JCT,Sorrento JCT,BC_STO_JCT,NULL
5808,29164,1L209CHS,BC Hydro,BC,British Columbia,1,ac,0.255,0.157,0.255,0.157,138,0.11,141,156,Chase JCT,BC_CHS_JCT,Chase,BC_CHS_DSS,NULL
5809,29165,1L209LF2,BC Hydro,BC,British Columbia,1,ac,0.255,0.157,0.255,0.157,138,0.11,63,122,Lafarge #2 JCT,BC_LF2_JCT,Lafarge #2,BC_LF2_ISS,NULL
5810,29166,1L209STO,BC Hydro,BC,British Columbia,1,ac,0.255,0.157,0.255,0.157,138,0.11,141,156,Sorrento JCT,BC_STO_JCT,Sorrento,BC_STO_DSS,NULL
5811,29167,1L210,BC Hydro,BC,British Columbia,1,ac,25.000,15.432,192.500,118.827,138,83.46,55,105,TransMountain McMurphy JCT,BC_TMM_JCT,Avola JCT,BC_AVO_JCT,NULL
5812,29168,1L210,BC Hydro,BC,British Columbia,1,ac,35.000,21.605,192.500,118.827,138,83.46,104,134,Heffley JCT,BC_HFY_JCT,Barriere JCT,BC_BAR_JCT,NULL
5813,29169,1L210,BC Hydro,BC,British Columbia,1,ac,25.000,15.432,192.500,118.827,138,83.46,104,134,Darfield JCT,BC_DFD_JCT,Blackpool JCT,BC_BLP_JCT,NULL
5814,29170,1L210,BC Hydro,BC,British Columbia,1,ac,20.000,12.346,192.500,118.827,138,83.46,106,135,Blackpool JCT,BC_BLP_JCT,Clearwater JCT,BC_CLW_JCT,NULL
5815,29171,1L210,BC Hydro,BC,British Columbia,1,ac,25.000,15.432,192.500,118.827,138,83.46,104,134,Barriere JCT,BC_BAR_JCT,Darfield JCT,BC_DFD_JCT,NULL
5816,29172,1L210,BC Hydro,BC,British Columbia,1,ac,0.500,0.309,192.500,118.827,138,83.46,104,134,Tolko Industries Heffley JCT,BC_TOK_JCT,Heffley JCT,BC_HFY_JCT,NULL
5817,29173,1L210,BC Hydro,BC,British Columbia,1,ac,17.000,10.494,192.500,118.827,138,83.46,106,135,Brocklehurst,BC_BKL_DSS,Tolko Industries Heffley JCT,BC_TOK_JCT,NULL
5818,29174,1L210,BC Hydro,BC,British Columbia,1,ac,20.000,12.346,192.500,118.827,138,83.46,55,105,Vavenby JCT,BC_VBY_JCT,TransMountain McMurphy JCT,BC_TMM_JCT,NULL
5819,29175,1L210,BC Hydro,BC,British Columbia,1,ac,25.000,15.432,192.500,118.827,138,83.46,106,135,Clearwater JCT,BC_CLW_JCT,Vavenby JCT,BC_VBY_JCT,NULL
5820,29176,1L210AVO,BC Hydro,BC,British Columbia,1,ac,0.040,0.025,0.040,0.025,138,0.02,141,156,Avola JCT,BC_AVO_JCT,Avola,BC_AVO_DSS,NULL
5821,29177,1L210BAR,BC Hydro,BC,British Columbia,1,ac,0.160,0.099,0.160,0.099,138,0.07,106,135,Barriere JCT,BC_BAR_JCT,Barriere,BC_BAR_DSS,NULL
5822,29178,1L210BLP,BC Hydro,BC,British Columbia,1,ac,0.474,0.293,0.474,0.293,138,0.21,55,105,Blackpool JCT,BC_BLP_JCT,Blackpool,BC_BLP_DSS,NULL
5823,29179,1L210CLW,BC Hydro,BC,British Columbia,1,ac,1.287,0.794,1.287,0.794,138,0.56,104,134,Clearwater JCT,BC_CLW_JCT,Clearwater,BC_CLW_DSS,NULL
5824,29180,1L210DFD,BC Hydro,BC,British Columbia,1,ac,1.098,0.678,1.098,0.678,138,0.48,106,135,Darfield JCT,BC_DFD_JCT,Darfield,BC_DFD_DSS,NULL
5825,29181,1L210HFY,BC Hydro,BC,British Columbia,1,ac,0.082,0.051,0.082,0.051,138,0.04,55,105,Heffley JCT,BC_HFY_JCT,Heffley,BC_HFY_DSS,NULL
5826,29182,1L210TMM,BC Hydro,BC,British Columbia,1,ac,0.117,0.072,0.117,0.072,138,0.05,55,105,TransMountain McMurphy JCT,BC_TMM_JCT,TransMountain McMurphy,BC_TMM_DSS,NULL
5827,29183,1L210TOK,BC Hydro,BC,British Columbia,1,ac,0.250,0.154,0.250,0.154,138,0.11,106,135,Tolko Industries Heffley JCT,BC_TOK_JCT,Tolko Industries Heffley,BC_TOK_DSS,NULL
5828,29184,1L210VBY,BC Hydro,BC,British Columbia,1,ac,0.048,0.030,0.048,0.030,138,0.02,55,105,Vavenby JCT,BC_VBY_JCT,Vavenby,BC_VBY_DSS,NULL
5829,29185,1L211,BC Hydro,BC,British Columbia,1,ac,2.440,1.506,62.440,38.543,138,27.07,104,134,Blue River Pumping Station JCT,BC_BLE_JCT,Blue River JCT,BC_BLU_JCT,NULL
5830,29186,1L211,BC Hydro,BC,British Columbia,1,ac,19.000,11.728,62.440,38.543,138,27.07,104,134,Finn Pumping Station JCT,BC_FPS_JCT,Blue River Pumping Station JCT,BC_BLE_JCT,NULL
5831,29187,1L211,BC Hydro,BC,British Columbia,1,ac,22.000,13.580,62.440,38.543,138,27.07,226,290,Blue River JCT,BC_BLU_JCT,Bone Creek,BC_BET_DSS,NULL
5832,29188,1L211,BC Hydro,BC,British Columbia,1,ac,19.000,11.728,62.440,38.543,138,27.07,104,134,Avola JCT,BC_AVO_JCT,Finn Pumping Station JCT,BC_FPS_JCT,NULL
5833,29189,1L211AVO2,BC Hydro,BC,British Columbia,1,ac,0.069,0.043,0.069,0.043,138,0.03,141,156,Avola JCT,BC_AVO_JCT,Avola,BC_AVO_DSS,NULL
5834,29190,1L211BLE,BC Hydro,BC,British Columbia,1,ac,2.154,1.330,2.154,1.330,138,0.93,141,156,Blue River Pumping Station JCT,BC_BLE_JCT,Blue River Pumping Station,BC_BLE_DSS,NULL
5835,29191,1L211BLU,BC Hydro,BC,British Columbia,1,ac,0.102,0.063,0.102,0.063,138,0.04,109,291,Blue River JCT,BC_BLU_JCT,Blue River,BC_BLU_DSS,NULL
5836,29192,1L211FPS,BC Hydro,BC,British Columbia,1,ac,2.702,1.668,2.702,1.668,138,1.17,141,156,Finn Pumping Station JCT,BC_FPS_JCT,Finn Pumping Station,BC_FPS_DSS,NULL
5837,29193,1L212,BC Hydro,BC,British Columbia,1,ac,27.706,17.102,27.706,17.102,138,12.01,55,105,Valemount,BC_VLM_DSS,Rearguard Pumping Station,BC_REG_DSS,NULL
5838,29194,1L214,BC Hydro,BC,British Columbia,1,ac,111.569,68.870,111.569,68.870,138,48.37,85,133,Vernon TS,BC_VNT_TSS,Valleyview,BC_VVW_DSS,NULL
5839,29195,1L218,BC Hydro,BC,British Columbia,1,ac,12.000,7.407,57.930,35.759,138,25.12,123,157,Enderby JCT,BC_END_JCT,Armstrong JCT,BC_ARM_JCT,NULL
5840,29196,1L218,BC Hydro,BC,British Columbia,1,ac,20.000,12.346,57.930,35.759,138,25.12,123,157,Salmon Arm,BC_SAM_DSS,Enderby JCT,BC_END_JCT,NULL
5841,29197,1L218,BC Hydro,BC,British Columbia,1,ac,2.930,1.809,57.930,35.759,138,25.12,123,157,Tolko Armstrong JCT,BC_RVG_JCT,Riverside JCT,BC_RVS_JCT,NULL
5842,29198,1L218,BC Hydro,BC,British Columbia,1,ac,3.000,1.852,57.930,35.759,138,25.12,123,157,Armstrong JCT,BC_ARM_JCT,Tolko Armstrong JCT,BC_RVG_JCT,NULL
5843,29199,1L218,BC Hydro,BC,British Columbia,1,ac,20.000,12.346,57.930,35.759,138,25.12,123,157,Riverside JCT,BC_RVS_JCT,Vernon TS,BC_VNT_TSS,NULL
5844,29200,1L218ARM,BC Hydro,BC,British Columbia,1,ac,0.046,0.028,0.046,0.028,138,0.02,141,156,Armstrong JCT,BC_ARM_JCT,Armstrong,BC_ARM_DSS,NULL
5845,29201,1L218END,BC Hydro,BC,British Columbia,1,ac,0.046,0.028,0.046,0.028,138,0.02,141,156,Enderby JCT,BC_END_JCT,Enderby,BC_END_DSS,NULL
5846,29202,1L218RVG,BC Hydro,BC,British Columbia,1,ac,0.046,0.028,0.046,0.028,138,0.02,141,156,Tolko Armstrong JCT,BC_RVG_JCT,Tolko Armstrong GS,BC_RVG_GSS,NULL
5847,29203,1L218RVS,BC Hydro,BC,British Columbia,1,ac,0.046,0.028,0.046,0.028,138,0.02,123,157,Riverside JCT,BC_RVS_JCT,Riverside,BC_RVS_DSS,NULL
5848,29204,1L219,BC Hydro,BC,British Columbia,1,ac,1.000,0.617,13.716,8.467,138,5.95,153,179,Kamwood,BC_KWD_DSS,Domtar Kamloops,BC_WEY_ISS,NULL
5849,29205,1L219,BC Hydro,BC,British Columbia,1,ac,5.106,3.152,13.716,8.467,138,5.95,153,179,Valleyview,BC_VVW_DSS,Douglas Street,BC_DUG_DSS,NULL
5850,29206,1L219,BC Hydro,BC,British Columbia,1,ac,7.610,4.698,13.716,8.467,138,5.95,153,179,Douglas Street,BC_DUG_DSS,Kamwood,BC_KWD_DSS,NULL
5851,29207,1L220,BC Hydro,BC,British Columbia,1,ac,3.050,1.883,3.050,1.883,138,1.32,154,191,West Kamloops,BC_WKA_DSS,Brocklehurst,BC_BKL_DSS,NULL
5852,29208,1L225,BC Hydro,BC,British Columbia,1,ac,25.420,15.691,65.420,40.383,138,28.36,231,291,Chappell Pumping Station JCT,BC_CPL_JCT,Albreda JCT,BC_ABA_JCT,NULL
5853,29209,1L225,BC Hydro,BC,British Columbia,1,ac,20.000,12.346,65.420,40.383,138,28.36,231,291,Bone Creek,BC_BET_DSS,Chappell Pumping Station JCT,BC_CPL_JCT,NULL
5854,29210,1L225,BC Hydro,BC,British Columbia,1,ac,20.000,12.346,65.420,40.383,138,28.36,227,291,Albreda JCT,BC_ABA_JCT,Valemount,BC_VLM_DSS,NULL
5855,29211,1L225ABA,BC Hydro,BC,British Columbia,1,ac,0.767,0.473,0.767,0.473,138,0.33,141,156,Albreda JCT,BC_ABA_JCT,Albreda,BC_ABA_DSS,NULL
5856,29212,1L225BNC,BC Hydro,BC,British Columbia,1,ac,0.100,0.062,0.100,0.062,138,0.04,141,156,Bone Creek,BC_BET_DSS,Bone Creek GS,BC_BNC_GSS,NULL
5857,29213,1L225CPL,BC Hydro,BC,British Columbia,1,ac,1.612,0.995,1.612,0.995,138,0.70,141,156,Chappell Pumping Station JCT,BC_CPL_JCT,Chappell Pumping Station,BC_CPL_DSS,NULL
5858,29214,1L241,BC Hydro,BC,British Columbia,1,ac,13.269,8.191,13.269,8.191,138,5.75,156,199,Valleyview,BC_VVW_DSS,Brocklehurst,BC_BKL_DSS,NULL
5859,29215,1L242,BC Hydro,BC,British Columbia,1,ac,5.106,3.152,5.106,3.152,138,2.21,154,199,Douglas Street,BC_DUG_DSS,Valleyview,BC_VVW_DSS,NULL
5860,29216,1L243,BC Hydro,BC,British Columbia,1,ac,12.880,7.951,42.880,26.469,138,18.59,154,199,Stump JCT,BC_STM_JCT,Nicola TS,BC_NIC_TSS,NULL
5861,29217,1L243,BC Hydro,BC,British Columbia,1,ac,30.000,18.519,42.880,26.469,138,18.59,154,199,Highland,BC_HLD_DSS,Stump JCT,BC_STM_JCT,NULL
5862,29218,1L243STM,BC Hydro,BC,British Columbia,1,ac,2.000,1.235,2.000,1.235,138,0.87,154,199,Stump JCT,BC_STM_JCT,Stump,BC_STM_ISS,NULL
5863,29219,1L244,BC Hydro,BC,British Columbia,1,ac,13.230,8.167,77.230,47.673,138,33.48,153,198,Pennask JCT,BC_PSW_JCT,Brenda Mines JCT,BC_BDM_JCT,NULL
5864,29220,1L244,BC Hydro,BC,British Columbia,1,ac,32.000,19.753,77.230,47.673,138,33.48,153,198,Nicola TS,BC_NIC_TSS,Pennask JCT,BC_PSW_JCT,NULL
5865,29221,1L244,BC Hydro,BC,British Columbia,1,ac,32.000,19.753,77.230,47.673,138,33.48,153,198,Brenda Mines JCT,BC_BDM_JCT,Westbank,BC_WBK_DSS,NULL
5866,29222,1L244BDM,BC Hydro,BC,British Columbia,1,ac,0.729,0.450,0.729,0.450,138,0.32,153,198,Brenda Mines JCT,BC_BDM_JCT,Brenda Mines,BC_BDM_ISS,NULL
5867,29223,1L244PSW,BC Hydro,BC,British Columbia,1,ac,0.120,0.074,0.120,0.074,138,0.05,141,156,Pennask JCT,BC_PSW_JCT,Pennask GS,BC_PSW_GSS,NULL
5868,29224,1L246,BC Hydro,BC,British Columbia,1,ac,6.269,3.870,6.269,3.870,138,2.72,134,173,Monashee,BC_MON_DSS,Whatshan GS,BC_WGS_GSS,NULL
5869,29225,1L249,BC Hydro,BC,British Columbia,1,ac,4.000,2.469,4.000,2.469,138,1.73,159,199,Merritt Green GS,BC_MIG_GSS,Merritt,BC_MRT_DSS,NULL
5870,29226,1L251,BC Hydro,BC,British Columbia,1,ac,7.000,4.321,99.424,61.373,138,43.11,105,135,Princeton JCT,BC_PRI_JCT,Copper Mountain JCT,BC_CUM_JCT,NULL
5871,29227,1L251,BC Hydro,BC,British Columbia,1,ac,89.424,55.200,99.424,61.373,138,43.11,105,135,Nicola TS,BC_NIC_TSS,Princeton JCT,BC_PRI_JCT,NULL
5872,29228,1L251,BC Hydro,BC,British Columbia,1,ac,3.000,1.852,99.424,61.373,138,43.11,105,135,Copper Mountain JCT,BC_CUM_JCT,Similco,BC_SCO_DSS,NULL
5873,29229,1L251CUM,BC Hydro,BC,British Columbia,1,ac,3.000,1.852,3.000,1.852,138,1.30,141,156,Copper Mountain JCT,BC_CUM_JCT,Copper Mountain,BC_CUM_DSS,NULL
5874,29230,1L254,BC Hydro,BC,British Columbia,1,ac,35.648,22.005,35.648,22.005,138,15.46,157,199,Highland,BC_HLD_DSS,Merritt,BC_MRT_DSS,NULL
5875,29231,1L274,BC Hydro,BC,British Columbia,1,ac,27.500,16.975,103.410,63.833,138,44.84,57,95,Greenhills JCT,BC_GRH_JCT,Britt Creek JCT,BC_BCK_JCT,NULL
5876,29232,1L274,BC Hydro,BC,British Columbia,1,ac,13.000,8.025,103.410,63.833,138,44.84,57,95,Line Creek Coal JCT,BC_LCC_JCT,Elkford JCT,BC_EFD_JCT,NULL
5877,29233,1L274,BC Hydro,BC,British Columbia,1,ac,0.010,0.006,103.410,63.833,138,44.84,57,95,Elkford JCT,BC_EFD_JCT,Fording Coal JCT,BC_FRO_JCT,NULL
5878,29234,1L274,BC Hydro,BC,British Columbia,1,ac,0.900,0.556,103.410,63.833,138,44.84,57,95,Fording Coal JCT,BC_FRO_JCT,Greenhills JCT,BC_GRH_JCT,NULL
5879,29235,1L274,BC Hydro,BC,British Columbia,1,ac,50.000,30.864,103.410,63.833,138,44.84,57,95,Britt Creek JCT,BC_BCK_JCT,IPT Natal Pocaterra,PP_ABBC3_IPT,NULL
5880,29236,1L274,BC Hydro,BC,British Columbia,1,ac,12.000,7.407,103.410,63.833,138,44.84,57,95,Natal,BC_NTL_DSS,Line Creek Coal JCT,BC_LCC_JCT,NULL
5881,29237,1L274BCK,BC Hydro,BC,British Columbia,1,ac,0.120,0.074,0.120,0.074,138,0.05,57,95,Britt Creek JCT,BC_BCK_JCT,Britt Creek,BC_BCK_ISS,NULL
5882,29238,1L274EFD,BC Hydro,BC,British Columbia,1,ac,1.068,0.659,1.068,0.659,138,0.46,141,156,Elkford JCT,BC_EFD_JCT,Elkford,BC_EFD_DSS,NULL
5883,29239,1L274FRO,BC Hydro,BC,British Columbia,1,ac,0.016,0.010,0.016,0.010,138,0.01,141,156,Fording Coal JCT,BC_FRO_JCT,Fording Coal,BC_FRO_ISS,NULL
5884,29240,1L274GRH,BC Hydro,BC,British Columbia,1,ac,5.167,3.190,5.167,3.190,138,2.24,225,274,Greenhills JCT,BC_GRH_JCT,Greenhills,BC_GRH_ISS,NULL
5885,29241,1L274LCC,BC Hydro,BC,British Columbia,1,ac,3.061,1.890,3.061,1.890,138,1.33,106,127,Line Creek Coal JCT,BC_LCC_JCT,Line Creek Coal,BC_LCC_ISS,NULL
5886,29242,1L275,BC Hydro,BC,British Columbia,1,ac,18.586,11.473,18.586,11.473,138,8.06,89,119,Natal,BC_NTL_DSS,IPT Natal Coleman,PP_ABBC1_IPT,NULL
5887,29243,1L348,BC Hydro,BC,British Columbia,1,ac,13.787,8.510,13.787,8.510,138,5.98,175,238,Bear Mountain,BC_BMT_DSS,Dawson Creek,BC_DAW_DSS,NULL
5888,29244,1L349,BC Hydro,BC,British Columbia,1,ac,20.388,12.585,20.388,12.585,138,8.84,120,145,Chetwynd,BC_CWD_DSS,Sundance Lake,BC_SLS_DSS,NULL
5889,29245,1L350,BC Hydro,BC,British Columbia,1,ac,13.826,8.535,13.826,8.535,138,5.99,175,238,Bear Mountain,BC_BMT_DSS,Dawson Creek,BC_DAW_DSS,NULL
5890,29246,1L354,BC Hydro,BC,British Columbia,1,ac,12.000,7.407,12.000,7.407,138,5.20,101,135,Bear Mountain,BC_BMT_DSS,Bear Mountain GS,BC_BMW_GSS,NULL
5891,29247,1L355,BC Hydro,BC,British Columbia,1,ac,15.000,9.259,69.280,42.765,138,30.04,141,156,BP Noel 3 JCT,BC_NL3_JCT,BP Noel 2,BC_NL2_ISS,Line may not be currently energized
5892,29248,1L355,BC Hydro,BC,British Columbia,1,ac,9.280,5.728,69.280,42.765,138,30.04,141,156,BP Noel 5 JCT,BC_NL5_JCT,BP Noel 3 JCT,BC_NL3_JCT,Line may not be currently energized
5893,29249,1L355,BC Hydro,BC,British Columbia,1,ac,45.000,27.778,69.280,42.765,138,30.04,141,156,Bear Mountain,BC_BMT_DSS,BP Noel 5 JCT,BC_NL5_JCT,Line may not be currently energized
5894,29250,1L355NL3,BC Hydro,BC,British Columbia,1,ac,0.331,0.204,0.331,0.204,138,0.14,141,156,BP Noel 3 JCT,BC_NL3_JCT,BP Noel 3,BC_NL3_ISS,NULL
5895,29251,1L355NL5,BC Hydro,BC,British Columbia,1,ac,0.379,0.234,0.379,0.234,138,0.16,141,156,BP Noel 5 JCT,BC_NL5_JCT,BP Noel 5,BC_NL5_ISS,NULL
5896,29252,1L357,BC Hydro,BC,Alberta,1,ac,11.242,6.940,11.242,6.940,138,4.87,166,196,Fort Nelson GS,BC_FNG_GSS,Wescup,BC_WSP_DSS,NULL
5897,29253,1L358,BC Hydro,BC,British Columbia,1,ac,7.000,4.321,24.490,15.117,138,10.62,120,145,Encana 4-26 JCT,BC_E42_JCT,Encana 15-27 JCT,BC_E15_JCT,NULL
5898,29254,1L358,BC Hydro,BC,British Columbia,1,ac,15.130,9.340,24.490,15.117,138,10.62,120,145,Bear Mountain,BC_BMT_DSS,Encana 4-26 JCT,BC_E42_JCT,NULL
5899,29255,1L358,BC Hydro,BC,British Columbia,1,ac,2.360,1.457,24.490,15.117,138,10.62,120,145,Encana 15-27 JCT,BC_E15_JCT,Encana 9-27,BC_KIS_ISS,NULL
5900,29256,1L358E15,BC Hydro,BC,British Columbia,1,ac,1.000,0.617,1.000,0.617,138,0.43,141,156,Encana 15-27 JCT,BC_E15_JCT,Encana 15-27,BC_E15_ISS,NULL
5901,29257,1L358E42,BC Hydro,BC,British Columbia,1,ac,1.000,0.617,1.000,0.617,138,0.43,141,156,Encana 4-26 JCT,BC_E42_JCT,Encana 4-26,BC_E42_ISS,NULL
5902,29258,1L359,BC Hydro,BC,Alberta,1,ac,115.000,70.988,161.870,99.920,138,70.18,166,209,PetroCan JCT,BC_KLC_JCT,Harvest Energy JCT,BC_FNC_JCT,NULL
5903,29259,1L359,BC Hydro,BC,Alberta,1,ac,21.870,13.500,161.870,99.920,138,70.18,166,209,Harvest Energy JCT,BC_FNC_JCT,IPT Nelson Rainbow,PP_ABBC4_IPT,NULL
5904,29260,1L359,BC Hydro,BC,Alberta,1,ac,25.000,15.432,161.870,99.920,138,70.18,166,209,Fort Nelson GS,BC_FNG_GSS,PetroCan JCT,BC_KLC_JCT,NULL
5905,29261,1L359FNC,BC Hydro,BC,Alberta,1,ac,2.000,1.235,2.000,1.235,138,0.87,141,156,Harvest Energy JCT,BC_FNC_JCT,Harvest Energy,BC_FNC_ISS,NULL
5906,29262,1L359KLC,BC Hydro,BC,Alberta,1,ac,2.000,1.235,2.000,1.235,138,0.87,141,156,PetroCan JCT,BC_KLC_JCT,PetroCan,BC_KLC_DSS,NULL
5907,29263,1L360,BC Hydro,BC,British Columbia,1,ac,10.000,6.173,10.000,6.173,138,4.34,120,145,South Bank,BC_SBK_DSS,Taylor,BC_TAY_DSS,NULL
5908,29264,1L361,BC Hydro,BC,British Columbia,1,ac,65.627,40.510,65.627,40.510,138,28.45,120,145,GM Shrum GS,BC_GMS_GSS,Chetwynd,BC_CWD_DSS,NULL
5909,29265,1L364,BC Hydro,BC,British Columbia,1,ac,18.000,11.111,88.770,54.796,138,38.49,123,147,Fox Creek JCT,BC_FOX_JCT,Fort St John,BC_FJN_DSS,NULL
5910,29266,1L364,BC Hydro,BC,British Columbia,1,ac,64.060,39.543,88.770,54.796,138,38.49,123,147,Portage Pass JCT,BC_PPS_JCT,Fox Creek JCT,BC_FOX_JCT,NULL
5911,29267,1L364,BC Hydro,BC,British Columbia,1,ac,6.710,4.142,88.770,54.796,138,38.49,123,147,GM Shrum GS,BC_GMS_GSS,Portage Pass JCT,BC_PPS_JCT,NULL
5912,29268,1L364FOX,BC Hydro,BC,British Columbia,1,ac,56.663,34.977,56.663,34.977,138,24.57,123,156,Fox Creek JCT,BC_FOX_JCT,Fox Creek,BC_FOX_DSS,NULL
5913,29269,1L364PPS,BC Hydro,BC,British Columbia,1,ac,0.100,0.062,0.100,0.062,138,0.04,62,106,Portage Pass JCT,BC_PPS_JCT,Portage Pass,BC_PPS_DSS,NULL
5914,29270,1L365,BC Hydro,BC,British Columbia,1,ac,65.000,40.123,105.910,65.377,138,45.92,60,97,McEwan JCT,BC_MWN_JCT,Kennedy,BC_KDS_DSS,NULL
5915,29271,1L365,BC Hydro,BC,British Columbia,1,ac,40.910,25.253,105.910,65.377,138,45.92,60,97,Salmon Valley,BC_SVY_DSS,McEwan JCT,BC_MWN_JCT,NULL
5916,29272,1L365MWN,BC Hydro,BC,British Columbia,1,ac,2.646,1.633,2.646,1.633,138,1.15,141,156,McEwan JCT,BC_MWN_JCT,McEwan,BC_MWN_DSS,NULL
5917,29273,1L366,BC Hydro,BC,British Columbia,1,ac,2.000,1.235,4.310,2.660,138,1.87,57,95,Timbernorth JCT,BC_TBN_JCT,Fletcher Challenge,BC_FCC_ISS,NULL
5918,29274,1L366,BC Hydro,BC,British Columbia,1,ac,2.310,1.426,4.310,2.660,138,1.87,57,95,Morfee,BC_MFE_DSS,Timbernorth JCT,BC_TBN_JCT,NULL
5919,29275,1L366TBN,BC Hydro,BC,British Columbia,1,ac,0.402,0.248,0.402,0.248,138,0.17,141,156,Timbernorth JCT,BC_TBN_JCT,Timbernorth,BC_TBN_DSS,NULL
5920,29276,1L367,BC Hydro,BC,British Columbia,1,ac,10.120,6.247,10.120,6.247,138,4.39,112,140,Fort St John,BC_FJN_DSS,Taylor,BC_TAY_DSS,NULL
5921,29277,1L368,BC Hydro,BC,British Columbia,1,ac,2.000,1.235,6.000,3.704,138,2.60,75,106,Parsnip JCT,BC_PRS_JCT,Finlay Forest Industries,BC_FFI_ISS,NULL
5922,29278,1L368,BC Hydro,BC,British Columbia,1,ac,4.000,2.469,6.000,3.704,138,2.60,75,106,Morfee,BC_MFE_DSS,Parsnip JCT,BC_PRS_JCT,NULL
5923,29279,1L368PRS,BC Hydro,BC,British Columbia,1,ac,0.271,0.167,0.271,0.167,138,0.12,141,156,Parsnip JCT,BC_PRS_JCT,Parsnip,BC_PRS_DSS,NULL
5924,29280,1L371,BC Hydro,BC,British Columbia,1,ac,47.212,29.143,47.212,29.143,138,20.47,112,140,Fort St John,BC_FJN_DSS,Texaco,BC_TXB_DSS,NULL
5925,29281,1L373,BC Hydro,BC,British Columbia,1,ac,42.994,26.540,42.994,26.540,138,18.64,110,131,Kennedy,BC_KDS_DSS,Morfee,BC_MFE_DSS,NULL
5926,29282,1L374,BC Hydro,BC,British Columbia,1,ac,10.000,6.173,10.000,6.173,138,4.34,120,145,South Bank,BC_SBK_DSS,Fort St John,BC_FJN_DSS,NULL
5927,29283,1L375,BC Hydro,BC,British Columbia,1,ac,3.160,1.951,6.160,3.802,138,2.67,120,145,Solex Gas,BC_NGL_ISS,Fiberco JCT,BC_FBC_JCT,NULL
5928,29284,1L375,BC Hydro,BC,British Columbia,1,ac,1.000,0.617,6.160,3.802,138,2.67,120,145,Taylor,BC_TAY_DSS,McMahon JCT,BC_MCM_JCT,NULL
5929,29285,1L375,BC Hydro,BC,British Columbia,1,ac,2.000,1.235,6.160,3.802,138,2.67,120,145,McMahon JCT,BC_MCM_JCT,Solex Gas,BC_NGL_ISS,NULL
5930,29286,1L375FBC,BC Hydro,BC,British Columbia,1,ac,0.697,0.430,0.697,0.430,138,0.30,141,156,Fiberco JCT,BC_FBC_JCT,Fiberco,BC_FBC_DSS,NULL
5931,29287,1L375MCM,BC Hydro,BC,British Columbia,1,ac,2.109,1.302,2.109,1.302,138,0.91,120,145,McMahon JCT,BC_MCM_JCT,McMahon GS,BC_MCM_GSS,NULL
5932,29288,1L375MGP,BC Hydro,BC,British Columbia,1,ac,0.304,0.187,0.304,0.187,138,0.13,141,156,McMahon GS,BC_MCM_GSS,McMahon Gas Plant,BC_MGP_ISS,NULL
5933,29289,1L377,BC Hydro,BC,British Columbia,1,ac,20.560,12.691,55.560,34.296,138,24.09,122,154,Parkland JCT,BC_PLD_JCT,Dawson Creek,BC_DAW_DSS,NULL
5934,29290,1L377,BC Hydro,BC,British Columbia,1,ac,7.000,4.321,55.560,34.296,138,24.09,122,154,Septimus JCT,BC_SEP_JCT,Encana Tower JCT,BC_ET3_JCT,NULL
5935,29291,1L377,BC Hydro,BC,British Columbia,1,ac,8.000,4.938,55.560,34.296,138,24.09,122,154,Encana Tower JCT,BC_ET3_JCT,Parkland JCT,BC_PLD_JCT,NULL
5936,29292,1L377,BC Hydro,BC,British Columbia,1,ac,20.000,12.346,55.560,34.296,138,24.09,122,154,Taylor,BC_TAY_DSS,Septimus JCT,BC_SEP_JCT,NULL
5937,29293,1L377ET3,BC Hydro,BC,British Columbia,1,ac,8.000,4.938,8.000,4.938,138,3.47,141,156,Encana Tower JCT,BC_ET3_JCT,Encana Tower,BC_ET3_ISS,NULL
5938,29294,1L377PLD,BC Hydro,BC,British Columbia,1,ac,0.290,0.179,0.290,0.179,138,0.13,141,156,Parkland JCT,BC_PLD_JCT,Parkland,BC_PLD_DSS,NULL
5939,29295,1L377SEP,BC Hydro,BC,British Columbia,1,ac,15.000,9.259,15.000,9.259,138,6.50,141,156,Septimus JCT,BC_SEP_JCT,Septimus,BC_SEP_DSS,NULL
5940,29296,1L381,BC Hydro,BC,British Columbia,1,ac,110.000,67.901,167.330,103.290,138,72.55,93,117,Aiyansh,BC_AYH_DSS,Ellsworth JCT,BC_EWL_JCT,NULL
5941,29297,1L381,BC Hydro,BC,British Columbia,1,ac,37.330,23.043,167.330,103.290,138,72.55,93,117,Meziadin JCT,BC_MEZ_JCT,Long Lake,BC_LNT_DSS,NULL
5942,29298,1L381,BC Hydro,BC,British Columbia,1,ac,20.000,12.346,167.330,103.290,138,72.55,93,117,Ellsworth JCT,BC_EWL_JCT,Meziadin JCT,BC_MEZ_JCT,NULL
5943,29299,1L381EWL,BC Hydro,BC,British Columbia,1,ac,0.068,0.042,0.068,0.042,138,0.03,141,156,Ellsworth JCT,BC_EWL_JCT,Ellsworth,BC_EWL_DSS,NULL
5944,29300,1L381MEZ,BC Hydro,BC,British Columbia,1,ac,0.104,0.064,0.104,0.064,138,0.05,141,156,Meziadin JCT,BC_MEZ_JCT,Meziadin,BC_MEZ_DSS,NULL
5945,29301,1L384,BC Hydro,BC,British Columbia,1,ac,12.820,7.914,102.820,63.469,138,44.58,60,97,Pinnacle Pellets JCT,BC_PBL_JCT,Burns Lake JCT,BC_BRN_JCT,NULL
5946,29302,1L384,BC Hydro,BC,British Columbia,1,ac,40.000,24.691,102.820,63.469,138,44.58,60,97,Glenannan,BC_GLN_DSS,Pinnacle Pellets JCT,BC_PBL_JCT,NULL
5947,29303,1L384,BC Hydro,BC,British Columbia,1,ac,50.000,30.864,102.820,63.469,138,44.58,60,97,Burns Lake JCT,BC_BRN_JCT,Topley,BC_TPY_DSS,NULL
5948,29304,1L384BRN,BC Hydro,BC,British Columbia,1,ac,2.651,1.637,2.651,1.637,138,1.15,60,97,Burns Lake JCT,BC_BRN_JCT,Burns Lake,BC_BRN_DSS,NULL
5949,29305,1L384PBL,BC Hydro,BC,British Columbia,1,ac,0.107,0.066,0.107,0.066,138,0.05,141,156,Pinnacle Pellets JCT,BC_PBL_JCT,Pinnacle Pellets,BC_PBL_ISS,NULL
5950,29306,1L385,BC Hydro,BC,British Columbia,1,ac,40.116,24.763,40.116,24.763,138,17.39,60,97,Telkwa,BC_TKW_DSS,Smithers,BC_SRS_DSS,NULL
5951,29307,1L387,BC Hydro,BC,British Columbia,1,ac,105.743,65.274,105.743,65.274,138,45.85,57,95,Skeena,BC_SKA_DSS,Aiyansh,BC_AYH_DSS,NULL
5952,29308,1L390,BC Hydro,BC,British Columbia,1,ac,43.245,26.695,43.245,26.695,138,18.75,60,97,Topley,BC_TPY_DSS,Babine Lake,BC_BAB_DSS,NULL
5953,29309,1L391,BC Hydro,BC,British Columbia,1,ac,4.300,2.654,94.300,58.210,138,40.89,105,128,Houston,BC_HUS_DSS,Houston Forest Products,BC_HFP_ISS,NULL
5954,29310,1L391,BC Hydro,BC,British Columbia,1,ac,90.000,55.556,94.300,58.210,138,40.89,105,128,Houston Forest Products,BC_HFP_ISS,Huckleberry,BC_HML_DSS,NULL
5955,29311,1L392,BC Hydro,BC,British Columbia,1,ac,72.319,44.641,72.319,44.641,138,31.36,104,127,Smithers,BC_SRS_DSS,Hazelton,BC_HZN_DSS,NULL
5956,29312,1L393,BC Hydro,BC,British Columbia,1,ac,4.233,2.613,4.233,2.613,138,1.84,55,95,Houston,BC_HUS_DSS,Confor Houston Sawmill,BC_NHS_ISS,NULL
5957,29313,1L393EQU,BC Hydro,BC,British Columbia,1,ac,2.956,1.825,2.956,1.825,138,1.28,55,95,Houston,BC_HUS_DSS,Equity Silver,BC_EQU_ISS,NULL
5958,29314,1L396,BC Hydro,BC,British Columbia,1,ac,18.109,11.178,18.109,11.178,138,7.85,108,133,Houston,BC_HUS_DSS,Telkwa,BC_TKW_DSS,NULL
5959,29315,1L398,BC Hydro,BC,British Columbia,1,ac,33.256,20.528,33.256,20.528,138,14.42,55,95,Topley,BC_TPY_DSS,Houston,BC_HUS_DSS,NULL
5960,29316,1L402,BC Hydro,BC,British Columbia,1,ac,1.000,0.617,7.270,4.488,138,3.15,93,117,Westmin Resources JCT,BC_WNR_JCT,Stewart,BC_STW_DSS,NULL
5961,29317,1L402,BC Hydro,BC,British Columbia,1,ac,6.270,3.870,7.270,4.488,138,3.15,93,117,Long Lake,BC_LNT_DSS,Westmin Resources JCT,BC_WNR_JCT,NULL
5962,29318,1L402WRN,BC Hydro,BC,British Columbia,1,ac,0.027,0.017,0.027,0.017,138,0.01,60,97,Westmin Resources JCT,BC_WNR_JCT,Westmin Resources,BC_WNR_ISS,NULL
5963,29319,1L403,BC Hydro,BC,British Columbia,1,ac,8.000,4.938,16.000,9.877,138,6.94,93,117,Long Lake,BC_LNT_DSS,Brucejack TS,BC_BJT_TSS,NULL
5964,29320,1L403,BC Hydro,BC,British Columbia,1,ac,8.000,4.938,16.000,9.877,138,6.94,93,117,Brucejack TS,BC_BJT_TSS,Long Lake GS,BC_LNL_GSS,NULL
5965,29321,1L403BJK,BC Hydro,BC,British Columbia,1,ac,66.000,40.741,66.000,40.741,138,28.62,93,117,Brucejack TS,BC_BJT_TSS,Brucejack Mine,BC_BJK_ISS,NULL
5966,29322,20L,FortisBC,BC,British Columbia,1,ac,5.500,3.395,42.500,26.235,63,16.15,30,33,Glenmerry,BC_GLM_DSS,Beaver Park,BC_BEP_DSS,NULL
5967,29323,20L,FortisBC,BC,British Columbia,1,ac,7.500,4.630,42.500,26.235,63,16.15,30,33,Beaver Park,BC_BEP_DSS,Fruitvale,BC_FRU_DSS,NULL
5968,29324,20L,FortisBC,BC,British Columbia,1,ac,4.500,2.778,42.500,26.235,63,16.15,30,33,Warfield TS,BC_WTS_TSS,Glenmerry,BC_GLM_DSS,NULL
5969,29325,20L,FortisBC,BC,British Columbia,1,ac,7.500,4.630,42.500,26.235,63,16.15,30,33,Fruitvale,BC_FRU_DSS,Hearns,BC_HER_DSS,NULL
5970,29326,20L,FortisBC,BC,British Columbia,1,ac,17.500,10.802,42.500,26.235,63,16.15,30,33,Hearns,BC_HER_DSS,Salmo,BC_SLM_DSS,SLM used for Salmo to avoid confusion with SAL - Saltspring
5971,29327,21L,FortisBC,BC,British Columbia,1,ac,1.500,0.926,1.500,0.926,63,0.57,30,33,South Slocan GS,BC_SLC_GSS,Lower Bonnington GS,BC_LBO_GSS,NULL
5972,29328,22L,FortisBC,BC,British Columbia,1,ac,2.500,1.543,2.500,1.543,63,0.95,30,33,South Slocan GS,BC_SLC_GSS,Upper Bonnington SWS,BC_USS_SWS,NULL
5973,29329,23L,FortisBC,BC,British Columbia,1,ac,1.500,0.926,4.000,2.469,63,1.52,30,33,Upper Bonnington SWS,BC_USS_SWS,Corra Linn GS,BC_COR_GSS,NULL
5974,29330,23L,FortisBC,BC,British Columbia,1,ac,1.500,0.926,4.000,2.469,63,1.52,30,33,South Slocan GS,BC_SLC_GSS,Lower Bonnington GS,BC_LBO_GSS,NULL
5975,29331,23L,FortisBC,BC,British Columbia,1,ac,1.000,0.617,4.000,2.469,63,1.52,30,33,Lower Bonnington GS,BC_LBO_GSS,Upper Bonnington SWS,BC_USS_SWS,NULL
5976,29332,24L,FortisBC,BC,British Columbia,1,ac,4.000,2.469,4.000,2.469,63,1.52,30,33,South Slocan GS,BC_SLC_GSS,Corra Linn GS,BC_COR_GSS,NULL
5977,29333,25L,FortisBC,BC,British Columbia,1,ac,6.500,4.012,16.500,10.185,63,6.27,30,33,Tarrys,BC_TAR_DSS,Playmore,BC_PLA_DSS,NULL
5978,29334,25L,FortisBC,BC,British Columbia,1,ac,1.000,0.617,16.500,10.185,63,6.27,30,33,Playmore,BC_PLA_DSS,South Slocan GS,BC_SLC_GSS,NULL
5979,29335,25L,FortisBC,BC,British Columbia,1,ac,9.000,5.556,16.500,10.185,63,6.27,30,33,Brilliant SWS,BC_BSS_SWS,Tarrys,BC_TAR_DSS,NULL
5980,29336,26L,FortisBC,BC,British Columbia,1,ac,5.000,3.086,18.500,11.420,63,7.03,30,33,Ootischenia,BC_OOT_DSS,Blueberry,BC_BLB_DSS,BLB used for Blueberry  to avoid confusion with BLU - Blue River
5981,29337,26L,FortisBC,BC,British Columbia,1,ac,1.000,0.617,18.500,11.420,63,7.03,30,33,Brilliant SWS,BC_BSS_SWS,Blueberry JCT,BC_BLB_JCT,BLB used for Blueberry  to avoid confusion with BLU - Blue River
5982,29338,26L,FortisBC,BC,British Columbia,1,ac,2.000,1.235,18.500,11.420,63,7.03,30,33,Blueberry JCT,BC_BLB_JCT,Castlegar,BC_CAS_DSS,BLB used for Blueberry  to avoid confusion with BLU - Blue River
5983,29339,26L,FortisBC,BC,British Columbia,1,ac,5.500,3.395,18.500,11.420,63,7.03,30,33,Castlegar,BC_CAS_DSS,Kraft GS,BC_KRA_GSS,Kraft refers to Celgar Green Energy
5984,29340,26L,FortisBC,BC,British Columbia,1,ac,2.500,1.543,18.500,11.420,63,7.03,30,33,Blueberry JCT,BC_BLB_JCT,Ootischenia,BC_OOT_DSS,BLB used for Blueberry  to avoid confusion with BLU - Blue River
5985,29341,26L,FortisBC,BC,British Columbia,1,ac,2.500,1.543,18.500,11.420,63,7.03,30,33,Kraft GS,BC_KRA_GSS,Westar,BC_WST_DSS,NULL
5986,29342,27L,FortisBC,BC,British Columbia,1,ac,10.000,6.173,52.500,32.407,63,19.95,30,33,Nelson,BC_NLS_DSS,Corra Linn GS,BC_COR_GSS,NULL
5987,29343,27L,FortisBC,BC,British Columbia,1,ac,17.500,10.802,52.500,32.407,63,19.95,30,33,Ymir,BC_YMR_DSS,Cottonwood,BC_COT_DSS,NULL
5988,29344,27L,FortisBC,BC,British Columbia,1,ac,2.500,1.543,52.500,32.407,63,19.95,30,33,Rosemont,BC_RSM_DSS,Nelson,BC_NLS_DSS,Nelson represents all substations within Nelson Hydro
5989,29345,27L,FortisBC,BC,British Columbia,1,ac,10.000,6.173,52.500,32.407,63,19.95,30,33,Cottonwood,BC_COT_DSS,Rosemont,BC_RSM_DSS,NULL
5990,29346,27L,FortisBC,BC,British Columbia,1,ac,12.500,7.716,52.500,32.407,63,19.95,30,33,Salmo,BC_SLM_DSS,Ymir,BC_YMR_DSS,SLM used for Salmo to avoid confusion with SAL - Saltspring
5991,29347,28L,FortisBC,BC,British Columbia,1,ac,10.000,6.173,10.000,6.173,63,3.80,30,33,Upper Bonnington GS,BC_UBO_GSS,Nelson,BC_NLS_DSS,Nelson represents all substations within Nelson Hydro
5992,29348,2L001,BC Hydro,BC,British Columbia,1,ac,65.000,40.123,92.920,57.358,230,44.60,181,317,Pemberton JCT,BC_PEM_JCT,Bridge River TS,BC_BRT_TSS,NULL
5993,29349,2L001,BC Hydro,BC,British Columbia,1,ac,5.000,3.086,92.920,57.358,230,44.60,181,317,Tisdall,BC_TIS_DSS,Pemberton JCT,BC_PEM_JCT,NULL
5994,29350,2L001,BC Hydro,BC,British Columbia,1,ac,7.920,4.889,92.920,57.358,230,44.60,181,317,Function Junction,BC_FCN_DSS,Rainbow JCT,BC_RBW_JCT,NULL
5995,29351,2L001,BC Hydro,BC,British Columbia,1,ac,15.000,9.259,92.920,57.358,230,44.60,181,317,Rainbow JCT,BC_RBW_JCT,Tisdall,BC_TIS_DSS,NULL
5996,29352,2L001PEM,BC Hydro,BC,British Columbia,1,ac,0.349,0.215,0.349,0.215,230,0.17,402,435,Pemberton JCT,BC_PEM_JCT,Pemberton,BC_PEM_DSS,NULL
5997,29353,2L001RBW,BC Hydro,BC,British Columbia,1,ac,0.453,0.280,0.453,0.280,230,0.22,402,435,Rainbow JCT,BC_RBW_JCT,Rainbow,BC_RBW_DSS,NULL
5998,29354,2L002,BC Hydro,BC,British Columbia,1,ac,50.000,30.864,67.430,41.623,230,32.37,341,430,Rainbow JCT,BC_RBW_JCT,Cheekye,BC_CKY_DSS,NULL
5999,29355,2L002,BC Hydro,BC,British Columbia,1,ac,12.430,7.673,67.430,41.623,230,32.37,341,430,Rutherford Creek JCT,BC_RUT_JCT,Rainbow JCT,BC_RBW_JCT,NULL
6000,29356,2L002,BC Hydro,BC,British Columbia,1,ac,5.000,3.086,67.430,41.623,230,32.37,341,430,Tisdall,BC_TIS_DSS,Rutherford Creek JCT,BC_RUT_JCT,NULL
6001,29357,2L002RBW,BC Hydro,BC,British Columbia,1,ac,0.433,0.268,0.433,0.268,230,0.21,375,457,Rainbow JCT,BC_RBW_JCT,Rainbow,BC_RBW_DSS,NULL
6002,29358,2L002RUT,BC Hydro,BC,British Columbia,1,ac,1.000,0.617,1.000,0.617,230,0.48,341,430,Rutherford Creek JCT,BC_RUT_JCT,Rutherford Creek GS,BC_RUT_GSS,NULL
6003,29359,2L003,BC Hydro,BC,British Columbia,1,ac,5.272,3.254,5.272,3.254,230,2.53,357,434,Walters,BC_WLT_DSS,Horne Payne,BC_HPN_DSS,NULL
6004,29360,2L004,BC Hydro,BC,British Columbia,1,ac,0.076,0.047,22.676,13.997,230,10.88,355,437,Cambie JCT,BC_CAM_JCT,Cambie,BC_CAM_DSS,NULL
6005,29361,2L004,BC Hydro,BC,British Columbia,1,ac,18.000,11.111,22.676,13.997,230,10.88,355,437,Ingledow,BC_ING_DSS,Cambie JCT,BC_CAM_JCT,NULL
6006,29362,2L004,BC Hydro,BC,British Columbia,1,ac,4.600,2.840,22.676,13.997,230,10.88,355,437,Cambie JCT,BC_CAM_JCT,Kidd #2,BC_KI2_DSS,NULL
6007,29363,2L005,BC Hydro,BC,British Columbia,1,ac,38.472,23.748,38.472,23.748,230,18.47,181,317,Function Junction,BC_FCN_DSS,Cheekye,BC_CKY_DSS,NULL
6008,29364,2L006,BC Hydro,BC,British Columbia,1,ac,14.000,8.642,16.850,10.401,230,8.09,747,911,Strawberry Hill JCT,BC_SYH_JCT,Arnott,BC_ARN_DSS,NULL
6009,29365,2L006,BC Hydro,BC,British Columbia,1,ac,2.850,1.759,16.850,10.401,230,8.09,747,911,Ingledow,BC_ING_DSS,Strawberry Hill JCT,BC_SYH_JCT,NULL
6010,29366,2L006SYH,BC Hydro,BC,British Columbia,1,ac,0.044,0.027,0.044,0.027,230,0.02,402,435,Strawberry Hill JCT,BC_SYH_JCT,Strawberry Hill,BC_SYH_DSS,NULL
6011,29367,2L009,BC Hydro,BC,British Columbia,1,ac,60.366,37.263,60.366,37.263,230,28.98,351,428,Cheekye,BC_CKY_DSS,Lynn Valley,BC_LYN_DSS,NULL
6012,29368,2L010,BC Hydro,BC,British Columbia,1,ac,16.941,10.458,16.941,10.458,230,8.13,210,335,Ingledow,BC_ING_DSS,Arnott,BC_ARN_DSS,NULL
6013,29369,2L011,BC Hydro,BC,British Columbia,1,ac,14.386,8.880,14.386,8.880,230,6.91,301,416,Burrard TS,BC_BSY_TSS,Walters,BC_WLT_DSS,NULL
6014,29370,2L012,BC Hydro,BC,British Columbia,1,ac,18.000,11.111,19.800,12.222,230,9.50,194,366,Cheekye,BC_CKY_DSS,Ashlu JCT,BC_ASL_JCT,NULL
6015,29371,2L012,BC Hydro,BC,British Columbia,1,ac,1.800,1.111,19.800,12.222,230,9.50,194,366,Ashlu JCT,BC_ASL_JCT,Cheakamus GS,BC_CMS_GSS,NULL
6016,29372,2L012ASL,BC Hydro,BC,British Columbia,1,ac,2.819,1.740,2.819,1.740,230,1.35,402,435,Ashlu JCT,BC_ASL_JCT,Ashlu GS,BC_ASL_GSS,NULL
6017,29373,2L013,BC Hydro,BC,British Columbia,1,ac,60.304,37.224,60.304,37.224,230,28.95,322,418,Cheekye,BC_CKY_DSS,Cypress,BC_CYP_DSS,NULL
6018,29374,2L014,BC Hydro,BC,British Columbia,1,ac,22.895,14.133,22.895,14.133,230,10.99,305,395,Cypress,BC_CYP_DSS,Walters,BC_WLT_DSS,NULL
6019,29375,2L017,BC Hydro,BC,British Columbia,1,ac,3.877,2.393,3.877,2.393,230,1.86,351,428,Lynn Valley,BC_LYN_DSS,Walters,BC_WLT_DSS,NULL
6020,29376,2L019,BC Hydro,BC,British Columbia,1,ac,1.671,1.031,1.671,1.031,230,0.80,182,319,Bridge River 1 GS,BC_BR1_GSS,Bridge River TS,BC_BRT_TSS,NULL
6021,29377,2L020,BC Hydro,BC,British Columbia,1,ac,3.364,2.077,3.364,2.077,230,1.61,258,328,Cathedral Square,BC_CSQ_DSS,Mount Pleasant,BC_MPT_DSS,NULL
6022,29378,2L022,BC Hydro,BC,British Columbia,1,ac,22.769,14.055,22.769,14.055,230,10.93,355,430,Meridian,BC_MDN_DSS,Whalley,BC_WHY_DSS,NULL
6023,29379,2L027,BC Hydro,BC,British Columbia,1,ac,5.275,3.256,5.275,3.256,230,2.53,355,430,Ingledow,BC_ING_DSS,Whalley,BC_WHY_DSS,NULL
6024,29380,2L029,BC Hydro,BC,British Columbia,1,ac,20.000,12.346,150.030,92.611,230,72.01,466,570,Jimmie Creek GS,BC_JMC_GSS,East Toba River GS,BC_ETR_GSS,NULL
6025,29381,2L029,BC Hydro,BC,British Columbia,1,ac,130.000,80.247,150.030,92.611,230,72.01,466,570,Plutonic TS,BC_PSY_TSS,Jimmie Creek GS,BC_JMC_GSS,NULL
6026,29382,2L029,BC Hydro,BC,British Columbia,1,ac,0.030,0.019,150.030,92.611,230,72.01,466,570,Saltery Bay,BC_SAY_DSS,Plutonic TS,BC_PSY_TSS,NULL
6027,29383,2L029MTC,BC Hydro,BC,British Columbia,1,ac,20.000,12.346,20.000,12.346,230,9.60,466,570,Jimmie Creek GS,BC_JMC_GSS,Montrose Creek GS,BC_MTC_GSS,NULL
6028,29384,2L030,BC Hydro,BC,British Columbia,1,ac,1.113,0.687,1.113,0.687,230,0.53,233,298,Murrin,BC_MUR_DSS,Cathedral Square,BC_CSQ_DSS,NULL
6029,29385,2L031,BC Hydro,BC,British Columbia,1,ac,1.113,0.687,1.113,0.687,230,0.53,233,298,Murrin,BC_MUR_DSS,Cathedral Square,BC_CSQ_DSS,NULL
6030,29386,2L032,BC Hydro,BC,British Columbia,1,ac,8.618,5.320,8.618,5.320,230,4.14,384,441,Cathedral Square,BC_CSQ_DSS,Horne Payne,BC_HPN_DSS,NULL
6031,29387,2L033,BC Hydro,BC,British Columbia,1,ac,8.723,5.385,8.723,5.385,230,4.19,448,448,Horne Payne,BC_HPN_DSS,Cathedral Square,BC_CSQ_DSS,NULL
6032,29388,2L038,BC Hydro,BC,British Columbia,1,ac,6.391,3.945,6.391,3.945,230,3.07,735,918,Meridian,BC_MDN_DSS,Como Lake,BC_COK_DSS,NULL
6033,29389,2L039,BC Hydro,BC,British Columbia,1,ac,15.506,9.572,15.506,9.572,230,7.44,341,341,Como Lake,BC_COK_DSS,Newell,BC_NEL_DSS,NULL
6034,29390,2L040,BC Hydro,BC,British Columbia,1,ac,7.390,4.562,12.390,7.648,230,5.95,341,341,Newell,BC_NEL_DSS,Barnard,BC_BND_DSS,NULL
6035,29391,2L040,BC Hydro,BC,British Columbia,1,ac,5.000,3.086,12.390,7.648,230,5.95,366,452,Barnard,BC_BND_DSS,Burrard TS,BC_BSY_TSS,NULL
6036,29392,2L041,BC Hydro,BC,British Columbia,1,ac,70.072,43.255,70.072,43.255,230,33.63,366,638,Bridge River TS,BC_BRT_TSS,Tisdall,BC_TIS_DSS,NULL
6037,29393,2L042,BC Hydro,BC,British Columbia,1,ac,40.000,24.691,49.700,30.679,230,23.86,375,457,Tisdall,BC_TIS_DSS,Boulder Creek JCT,BC_BDH_JCT,NULL
6038,29394,2L042,BC Hydro,BC,British Columbia,1,ac,9.700,5.988,49.700,30.679,230,23.86,375,457,Boulder Creek JCT,BC_BDH_JCT,Upper Lillooet River GS,BC_ULR_GSS,NULL
6039,29395,2L042BDH,BC Hydro,BC,British Columbia,1,ac,0.500,0.309,0.500,0.309,230,0.24,375,457,Boulder Creek JCT,BC_BDH_JCT,Boulder Creek GS,BC_BDH_GSS,NULL
6040,29396,2L044,BC Hydro,BC,British Columbia,1,ac,4.634,2.860,4.634,2.860,230,2.22,421,446,Sperling,BC_SPG_DSS,Mount Pleasant,BC_MPT_DSS,NULL
6041,29397,2L045,BC Hydro,BC,British Columbia,1,ac,5.999,3.703,5.999,3.703,230,2.88,238,296,Camosun,BC_CSN_DSS,Sperling,BC_SPG_DSS,NULL
6042,29398,2L047,BC Hydro,BC,British Columbia,1,ac,61.557,37.998,61.557,37.998,230,29.55,190,337,Malaspina,BC_MSA_DSS,Howe Sound Pulp,BC_HSP_ISS,NULL
6043,29399,2L048,BC Hydro,BC,British Columbia,1,ac,28.470,17.574,28.470,17.574,230,13.67,304,371,Malaspina,BC_MSA_DSS,Saltery Bay,BC_SAY_DSS,NULL
6044,29400,2L049,BC Hydro,BC,British Columbia,1,ac,19.309,11.919,19.309,11.919,230,9.27,301,416,Meridian,BC_MDN_DSS,Horne Payne,BC_HPN_DSS,NULL
6045,29401,2L050,BC Hydro,BC,British Columbia,1,ac,16.969,10.475,16.969,10.475,230,8.15,255,301,Burrard TS,BC_BSY_TSS,Murrin,BC_MUR_DSS,NULL
6046,29402,2L051,BC Hydro,BC,British Columbia,1,ac,8.970,5.537,16.970,10.475,230,8.15,385,447,Como Lake,BC_COK_DSS,Barnard,BC_BND_DSS,NULL
6047,29403,2L051,BC Hydro,BC,British Columbia,1,ac,8.000,4.938,16.970,10.475,230,8.15,390,451,Barnard,BC_BND_DSS,Horne Payne,BC_HPN_DSS,NULL
6048,29404,2L052,BC Hydro,BC,British Columbia,1,ac,6.346,3.917,6.346,3.917,230,3.05,735,918,Meridian,BC_MDN_DSS,Como Lake,BC_COK_DSS,NULL
6049,29405,2L053,BC Hydro,BC,British Columbia,1,ac,7.110,4.389,7.110,4.389,230,3.41,208,253,Murrin,BC_MUR_DSS,Mainwaring,BC_MAN_DSS,NULL
6050,29406,2L054,BC Hydro,BC,British Columbia,1,ac,8.004,4.941,8.004,4.941,230,3.84,735,918,Burrard TS,BC_BSY_TSS,Meridian,BC_MDN_DSS,NULL
6051,29407,2L055,BC Hydro,BC,British Columbia,1,ac,11.186,6.905,11.186,6.905,230,5.37,238,296,Mainwaring,BC_MAN_DSS,Camosun,BC_CSN_DSS,NULL
6052,29408,2L056,BC Hydro,BC,British Columbia,1,ac,18.000,11.111,23.300,14.383,230,11.18,359,437,Ingledow,BC_ING_DSS,Cambie JCT,BC_CAM_JCT,NULL
6053,29409,2L056,BC Hydro,BC,British Columbia,1,ac,5.300,3.272,23.300,14.383,230,11.18,238,296,Cambie JCT,BC_CAM_JCT,Mainwaring,BC_MAN_DSS,NULL
6054,29410,2L056CAM,BC Hydro,BC,British Columbia,1,ac,0.059,0.037,0.059,0.037,230,0.03,383,464,Cambie JCT,BC_CAM_JCT,Cambie,BC_CAM_DSS,NULL
6055,29411,2L057,BC Hydro,BC,British Columbia,1,ac,14.000,8.642,16.880,10.420,230,8.10,210,335,Strawberry Hill JCT,BC_SYH_JCT,Arnott,BC_ARN_DSS,NULL
6056,29412,2L057,BC Hydro,BC,British Columbia,1,ac,2.880,1.778,16.880,10.420,230,8.10,210,335,Ingledow,BC_ING_DSS,Strawberry Hill JCT,BC_SYH_JCT,NULL
6057,29413,2L057SYH,BC Hydro,BC,British Columbia,1,ac,0.078,0.048,0.078,0.048,230,0.04,402,435,Strawberry Hill JCT,BC_SYH_JCT,Strawberry Hill,BC_SYH_DSS,NULL
6058,29414,2L058,BC Hydro,BC,British Columbia,1,ac,16.723,10.323,16.723,10.323,230,8.03,298,391,Steveston,BC_STV_DSS,Kidd #2,BC_KI2_DSS,NULL
6059,29415,2L061,BC Hydro,BC,British Columbia,1,ac,8.010,4.945,8.010,4.945,230,3.84,735,918,Burrard TS,BC_BSY_TSS,Meridian,BC_MDN_DSS,NULL
6060,29416,2L062,BC Hydro,BC,British Columbia,1,ac,12.432,7.674,12.432,7.674,230,5.97,298,359,Arnott,BC_ARN_DSS,Steveston,BC_STV_DSS,NULL
6061,29417,2L063,BC Hydro,BC,British Columbia,1,ac,14.000,8.642,16.850,10.401,230,8.09,747,911,Strawberry Hill JCT,BC_SYH_JCT,Arnott,BC_ARN_DSS,NULL
6062,29418,2L063,BC Hydro,BC,British Columbia,1,ac,2.850,1.759,16.850,10.401,230,8.09,747,911,Ingledow,BC_ING_DSS,Strawberry Hill JCT,BC_SYH_JCT,NULL
6063,29419,2L063SYH,BC Hydro,BC,British Columbia,1,ac,0.050,0.031,0.050,0.031,230,0.02,402,435,Strawberry Hill JCT,BC_SYH_JCT,Strawberry Hill,BC_SYH_DSS,NULL
6064,29420,2L064,BC Hydro,BC,British Columbia,1,ac,7.907,4.881,7.907,4.881,230,3.80,217,274,Kidd #2,BC_KI2_DSS,Sperling,BC_SPG_DSS,NULL
6065,29421,2L074,BC Hydro,BC,British Columbia,1,ac,6.864,4.237,6.864,4.237,230,3.29,610,790,Ingledow,BC_ING_DSS,Fleetwood,BC_FLW_DSS,NULL
6066,29422,2L075,BC Hydro,BC,British Columbia,1,ac,9.340,5.765,9.340,5.765,230,4.48,610,790,Fleetwood,BC_FLW_DSS,McLellan,BC_MLN_DSS,NULL
6067,29423,2L076,BC Hydro,BC,British Columbia,1,ac,27.562,17.013,27.562,17.013,230,13.23,610,790,McLellan,BC_MLN_DSS,Mount Lehman,BC_MLE_DSS,NULL
6068,29424,2L077,BC Hydro,BC,British Columbia,1,ac,23.956,14.788,23.956,14.788,230,11.50,610,790,Clayburn,BC_CBN_DSS,Atchelitz,BC_ALZ_DSS,NULL
6069,29425,2L078,BC Hydro,BC,British Columbia,1,ac,19.132,11.810,19.132,11.810,230,9.18,610,790,Atchelitz,BC_ALZ_DSS,Rosedale,BC_ROS_DSS,NULL
6070,29426,2L079,BC Hydro,BC,British Columbia,1,ac,7.936,4.899,7.936,4.899,230,3.81,610,790,Mount Lehman,BC_MLE_DSS,Clayburn,BC_CBN_DSS,NULL
6071,29427,2L086,BC Hydro,BC,British Columbia,1,ac,84.460,52.136,84.460,52.136,230,40.54,322,408,Kelly Lake,BC_KLY_DSS,Hundred Mile House,BC_HMH_DSS,NULL
6072,29428,2L090,BC Hydro,BC,British Columbia,1,ac,77.004,47.533,77.004,47.533,230,36.96,183,319,Bridge River TS,BC_BRT_TSS,Kelly Lake,BC_KLY_DSS,NULL
6073,29429,2L091,BC Hydro,BC,British Columbia,1,ac,75.716,46.739,75.716,46.739,230,36.34,183,319,Bridge River TS,BC_BRT_TSS,Kelly Lake,BC_KLY_DSS,NULL
6074,29430,2L092,BC Hydro,BC,British Columbia,1,ac,89.593,55.304,89.593,55.304,230,43.00,184,696,Kelly Lake,BC_KLY_DSS,Savona,BC_SVA_DSS,NULL
6075,29431,2L093,BC Hydro,BC,British Columbia,1,ac,90.805,56.052,90.805,56.052,230,43.59,184,696,Kelly Lake,BC_KLY_DSS,Savona,BC_SVA_DSS,NULL
6076,29432,2L094,BC Hydro,BC,British Columbia,1,ac,152.400,94.074,152.400,94.074,230,73.15,189,338,Kelly Lake,BC_KLY_DSS,Soda Creek,BC_SCK_DSS,NULL
6077,29433,2L095,BC Hydro,BC,British Columbia,1,ac,85.337,52.677,85.337,52.677,230,40.96,183,338,Soda Creek,BC_SCK_DSS,Red Bluff,BC_RBF_DSS,NULL
6078,29434,2L096,BC Hydro,BC,British Columbia,1,ac,95.324,58.842,95.324,58.842,230,45.76,276,366,Barlow,BC_BLW_DSS,Williston,BC_WSN_DSS,NULL
6079,29435,2L097,BC Hydro,BC,British Columbia,1,ac,33.309,20.561,33.309,20.561,230,15.99,341,423,Williston,BC_WSN_DSS,Salmon Valley,BC_SVY_DSS,NULL
6080,29436,2L099,BC Hydro,BC,British Columbia,1,ac,59.589,36.783,59.589,36.783,230,28.60,161,385,Minette,BC_MIN_DSS,Skeena,BC_SKA_DSS,NULL
6081,29437,2L100,BC Hydro,BC,British Columbia,1,ac,75.000,46.296,76.751,47.377,287,35.46,593,725,Methanex,BC_MHX_ISS,Kemano GS,BC_KMO_GSS,Line name assumed
6082,29438,2L100,BC Hydro,BC,British Columbia,1,ac,1.751,1.081,76.751,47.377,287,35.46,593,725,Minette,BC_MIN_DSS,Methanex,BC_MHX_ISS,NULL
6083,29439,2L101,BC Hydro,BC,British Columbia,1,ac,125.474,77.453,125.474,77.453,287,57.98,286,570,Skeena,BC_SKA_DSS,Rupert,BC_RUP_DSS,NULL
6084,29440,2L102,BC Hydro,BC,British Columbia,1,ac,340.690,210.303,340.690,210.303,287,157.42,811,1052,Skeena,BC_SKA_DSS,Bob Quinn,BC_BQN_DSS,NULL
6085,29441,2L103,BC Hydro,BC,British Columbia,1,ac,2.503,1.545,2.503,1.545,287,1.16,283,589,Kitimat,BC_KIT_DSS,Minette,BC_MIN_DSS,NULL
6086,29442,2L105,BC Hydro,BC,British Columbia,1,ac,1.500,0.926,1.500,0.926,287,0.69,300,532,Minette,BC_MIN_DSS,Eurocan,BC_EUR_ISS,NULL
6087,29443,2L112,BC Hydro,BC,British Columbia,1,ac,0.865,0.534,0.865,0.534,230,0.42,380,380,Nelway,BC_NLY_DSS,INT Nelway BPA,XX_BCUS2_INT,NULL
6088,29444,2L113,BC Hydro,BC,British Columbia,1,ac,77.295,47.713,77.295,47.713,230,37.10,374,481,Cranbrook,BC_CBK_DSS,Natal,BC_NTL_DSS,NULL
6089,29445,2L123,BC Hydro,BC,British Columbia,1,ac,51.110,31.549,96.110,59.327,230,46.13,587,801,Harewood West JCT,BC_HWW_JCT,Dunsmuir,BC_DMR_DSS,NULL
6090,29446,2L123,BC Hydro,BC,British Columbia,1,ac,45.000,27.778,96.110,59.327,230,46.13,587,801,Sahtlam,BC_SAT_DSS,Harewood West JCT,BC_HWW_JCT,NULL
6091,29447,2L123HWW,BC Hydro,BC,British Columbia,1,ac,12.198,7.530,12.198,7.530,230,5.86,753,921,Harewood West JCT,BC_HWW_JCT,Harewood West,BC_HWW_DSS,NULL
6092,29448,2L125,BC Hydro,BC,British Columbia,1,ac,6.991,4.316,6.991,4.316,230,3.36,748,1179,Sahtlam,BC_SAT_DSS,Vancouver Island TS,BC_VIT_TSS,NULL
6093,29449,2L126,BC Hydro,BC,British Columbia,1,ac,54.109,33.401,54.109,33.401,230,25.97,587,801,Sahtlam,BC_SAT_DSS,Pike Lake,BC_PIK_DSS,NULL
6094,29450,2L128,BC Hydro,BC,British Columbia,1,ac,50.940,31.444,95.940,59.222,230,46.05,587,801,Harewood West JCT,BC_HWW_JCT,Dunsmuir,BC_DMR_DSS,NULL
6095,29451,2L128,BC Hydro,BC,British Columbia,1,ac,45.000,27.778,95.940,59.222,230,46.05,587,801,Sahtlam,BC_SAT_DSS,Harewood West JCT,BC_HWW_JCT,NULL
6096,29452,2L128HWW,BC Hydro,BC,British Columbia,1,ac,12.169,7.512,12.169,7.512,230,5.84,753,921,Harewood West JCT,BC_HWW_JCT,Harewood West,BC_HWW_DSS,NULL
6097,29453,2L129,BC Hydro,BC,British Columbia,1,ac,67.236,41.504,67.236,41.504,230,32.27,580,690,Arnott,BC_ARN_DSS,Vancouver Island TS,BC_VIT_TSS,NULL
6098,29454,2L130,BC Hydro,BC,British Columbia,1,ac,6.978,4.307,6.978,4.307,230,3.35,748,962,Sahtlam,BC_SAT_DSS,Vancouver Island TS,BC_VIT_TSS,NULL
6099,29455,2L131,BC Hydro,BC,British Columbia,1,ac,12.397,7.652,12.397,7.652,230,5.95,348,466,Pike Lake,BC_PIK_DSS,Keating,BC_KTG_DSS,NULL
6100,29456,2L132,BC Hydro,BC,British Columbia,1,ac,12.410,7.661,12.410,7.661,230,5.96,348,466,Pike Lake,BC_PIK_DSS,Keating,BC_KTG_DSS,NULL
6101,29457,2L142,BC Hydro,BC,British Columbia,1,ac,4.161,2.568,4.161,2.568,230,2.00,295,327,George Tripp,BC_GTP_DSS,Horsey,BC_HSY_DSS,NULL
6102,29458,2L143,BC Hydro,BC,British Columbia,1,ac,2.578,1.591,2.578,1.591,230,1.24,406,432,Horsey,BC_HSY_DSS,Esquimalt,BC_ESQ_DSS,NULL
6103,29459,2L144,BC Hydro,BC,British Columbia,1,ac,2.751,1.698,2.751,1.698,230,1.32,587,801,Pike Lake,BC_PIK_DSS,Goward,BC_GOW_DSS,NULL
6104,29460,2L145,BC Hydro,BC,British Columbia,1,ac,3.818,2.357,9.217,5.689,230,4.42,587,801,Pike Lake,BC_PIK_DSS,Burnett,BC_BNT_DSS,NULL
6105,29461,2L145,BC Hydro,BC,British Columbia,1,ac,5.399,3.333,9.217,5.689,230,4.42,370,391,Burnett,BC_BNT_DSS,Esquimalt,BC_ESQ_DSS,NULL
6106,29462,2L146,BC Hydro,BC,British Columbia,1,ac,7.061,4.359,7.061,4.359,230,3.39,264,312,Goward,BC_GOW_DSS,Horsey,BC_HSY_DSS,NULL
6107,29463,2L154,BC Hydro,BC,British Columbia,1,ac,148.860,91.889,148.860,91.889,230,71.45,348,466,Dunsmuir,BC_DMR_DSS,Gold River,BC_GLD_DSS,NULL
6108,29464,2L170,BC Hydro,BC,British Columbia,1,ac,54.837,33.850,54.837,33.850,230,26.32,587,753,Sahtlam,BC_SAT_DSS,Pike Lake,BC_PIK_DSS,NULL
6109,29465,2L221,BC Hydro,BC,British Columbia,1,ac,3.387,2.091,3.387,2.091,230,1.63,681,860,Seven Mile GS,BC_SEV_GSS,Selkirk TS,BC_SEL_TSS,NULL
6110,29466,2L222,BC Hydro,BC,British Columbia,1,ac,3.414,2.107,3.414,2.107,230,1.64,681,860,Seven Mile GS,BC_SEV_GSS,Selkirk TS,BC_SEL_TSS,NULL
6111,29467,2L240,BC Hydro,BC,British Columbia,1,ac,37.586,23.201,37.586,23.201,230,18.04,375,482,Ashton Creek,BC_ACK_DSS,Salmon Arm,BC_SAM_DSS,NULL
6112,29468,2L253,BC Hydro,BC,British Columbia,1,ac,11.995,7.404,11.995,7.404,230,5.76,375,482,Revelstoke GS,BC_REV_GSS,Illecillewaet,BC_ILL_DSS,NULL
6113,29469,2L255,BC Hydro,BC,British Columbia,1,ac,49.957,30.838,49.957,30.838,230,23.98,378,458,Ashton Creek,BC_ACK_DSS,Vernon TS,BC_VNT_TSS,NULL
6114,29470,2L256,BC Hydro,BC,British Columbia,1,ac,49.909,30.808,49.909,30.808,230,23.96,378,458,Ashton Creek,BC_ACK_DSS,Vernon TS,BC_VNT_TSS,NULL
6115,29471,2L258,BC Hydro,BC,British Columbia,1,ac,129.802,80.125,129.802,80.125,230,62.30,381,487,Cranbrook,BC_CBK_DSS,Invermere,BC_INV_DSS,NULL
6116,29472,2L259,BC Hydro,BC,British Columbia,1,ac,111.677,68.936,111.677,68.936,230,53.60,384,459,Invermere,BC_INV_DSS,Kicking Horse,BC_KHS_DSS,NULL
6117,29473,2L265,BC Hydro,BC,British Columbia,1,ac,63.357,39.109,63.357,39.109,230,30.41,375,482,Nicola TS,BC_NIC_TSS,Valleyview,BC_VVW_DSS,NULL
6118,29474,2L293,BC Hydro,BC,British Columbia,1,ac,16.157,9.973,16.157,9.973,230,7.76,378,458,Selkirk TS,BC_SEL_TSS,Nelway,BC_NLY_DSS,NULL
6119,29475,2L294,BC Hydro,BC,British Columbia,1,ac,75.000,46.296,161.710,99.821,230,77.62,378,458,Nelway,BC_NLY_DSS,AA Lambert,BC_AAL_DSS,NULL
6120,29476,2L294,BC Hydro,BC,British Columbia,1,ac,86.710,53.525,161.710,99.821,230,77.62,378,458,AA Lambert,BC_AAL_DSS,Cranbrook,BC_CBK_DSS,NULL
6121,29477,2L295,BC Hydro,BC,British Columbia,1,ac,45.854,28.305,45.854,28.305,230,22.01,357,433,Kootenay Canal GS,BC_KCL_GSS,Selkirk TS,BC_SEL_TSS,NULL
6122,29478,2L299,BC Hydro,BC,British Columbia,1,ac,45.854,28.305,45.854,28.305,230,22.01,357,433,Kootenay Canal GS,BC_KCL_GSS,Selkirk TS,BC_SEL_TSS,NULL
6123,29479,2L307,BC Hydro,BC,British Columbia,1,ac,5.348,3.301,5.348,3.301,230,2.57,376,457,Barlow,BC_BLW_DSS,Quesnel River Pulp,BC_QRP_ISS,NULL
6124,29480,2L308,BC Hydro,BC,British Columbia,1,ac,23.021,14.210,23.021,14.210,230,11.05,378,459,GM Shrum GS,BC_GMS_GSS,Dokie,BC_DKT_DSS,NULL
6125,29481,2L309,BC Hydro,BC,British Columbia,1,ac,51.338,31.690,51.338,31.690,230,24.64,378,459,Dokie,BC_DKT_DSS,Sukunka,BC_SNK_DSS,NULL
6126,29482,2L312,BC Hydro,BC,British Columbia,1,ac,30.564,18.866,30.564,18.866,230,14.67,378,459,Sukunka,BC_SNK_DSS,Sundance Lake,BC_SLS_DSS,NULL
6127,29483,2L313,BC Hydro,BC,British Columbia,1,ac,3.000,1.852,32.740,20.210,230,15.72,378,459,Meikle SWS,BC_MKT_SWS,Meikle GS,BC_MKL_GSS,NULL
6128,29484,2L313,BC Hydro,BC,British Columbia,1,ac,29.740,18.358,32.740,20.210,230,15.72,378,459,Sukunka,BC_SNK_DSS,Meikle SWS,BC_MKT_SWS,NULL
6129,29485,2L313KGP,BC Hydro,BC,British Columbia,1,ac,16.000,9.877,16.015,9.885,230,7.69,378,459,Kwoen JCT,BC_KGP_JCT,Kwoen,BC_KGP_ISS,NULL
6130,29486,2L313KGP,BC Hydro,BC,British Columbia,1,ac,0.015,0.009,16.015,9.885,230,7.69,378,459,Sukunka,BC_SNK_DSS,Kwoen JCT,BC_KGP_JCT,NULL
6131,29487,2L313MNK,BC Hydro,BC,British Columbia,1,ac,28.000,17.284,28.700,17.716,230,13.78,402,435,Conuma Coal JCT,BC_MNK_JCT,Conuma Coal,BC_MNK_ISS,NULL
6132,29488,2L313MNK,BC Hydro,BC,British Columbia,1,ac,0.700,0.432,28.700,17.716,230,13.78,402,435,Sukunka,BC_SNK_DSS,Conuma Coal JCT,BC_MNK_JCT,NULL
6133,29489,2L314,BC Hydro,BC,British Columbia,1,ac,40.000,24.691,40.000,24.691,230,19.20,337,57,Dokie,BC_DKT_DSS,Dokie GS,BC_DKW_GSS,NULL
6134,29490,2L315,BC Hydro,BC,British Columbia,1,ac,1.000,0.617,1.000,0.617,230,0.48,346,404,Tumbler Ridge,BC_TLR_DSS,Quality GS,BC_QTY_GSS,NULL
6135,29491,2L319,BC Hydro,BC,British Columbia,1,ac,90.000,55.556,90.000,55.556,230,43.20,402,435,Kennedy,BC_KDS_DSS,Mount Milligan,BC_MML_DSS,NULL
6136,29492,2L320,BC Hydro,BC,British Columbia,1,ac,0.648,0.400,0.648,0.400,230,0.31,261,351,Kennedy,BC_KDS_DSS,Kemess Mine,BC_KMI_DSS,NULL
6137,29493,2L321,BC Hydro,BC,British Columbia,1,ac,0.099,0.061,0.099,0.061,230,0.05,402,435,Tumbler Ridge,BC_TLR_DSS,BC Rail,BC_BCR_ISS,NULL
6138,29494,2L322,BC Hydro,BC,British Columbia,1,ac,28.034,17.305,28.034,17.305,230,13.46,378,459,Tumbler Ridge,BC_TLR_DSS,Bullmoose,BC_BLM_DSS,NULL
6139,29495,2L323,BC Hydro,BC,British Columbia,1,ac,18.000,11.111,20.380,12.580,230,9.78,378,459,Tumbler Ridge,BC_TLR_DSS,Murrary River Coal JCT,BC_MRC_JCT,NULL
6140,29496,2L323,BC Hydro,BC,British Columbia,1,ac,2.380,1.469,20.380,12.580,230,9.78,378,459,Murrary River Coal JCT,BC_MRC_JCT,Quintette,BC_QNT_DSS,NULL
6141,29497,2L323MRC,BC Hydro,BC,British Columbia,1,ac,1.000,0.617,1.000,0.617,230,0.48,402,435,Murrary River Coal JCT,BC_MRC_JCT,Murrary River Coal,BC_MRC_ISS,NULL
6142,29498,2L329,BC Hydro,BC,British Columbia,1,ac,44.555,27.503,44.555,27.503,230,21.39,597,795,Shell Groundbirch,BC_SGB_ISS,Bear Mountain,BC_BMT_DSS,NULL
6143,29499,2L330,BC Hydro,BC,British Columbia,1,ac,4.669,2.882,4.669,2.882,230,2.24,378,459,Sundance Lake,BC_SLS_DSS,Chetwynd GS,BC_LAP_GSS,NULL
6144,29500,2L333,BC Hydro,BC,British Columbia,1,ac,44.578,27.517,44.578,27.517,230,21.40,597,795,Shell Groundbirch,BC_SGB_ISS,Bear Mountain,BC_BMT_DSS,NULL
6145,29501,2L337,BC Hydro,BC,British Columbia,1,ac,8.000,4.938,23.170,14.302,230,11.12,378,459,Meikle SWS,BC_MKT_SWS,Moose Lake JCT,BC_MLW_JCT,NULL
6146,29502,2L337,BC Hydro,BC,British Columbia,1,ac,15.170,9.364,23.170,14.302,230,11.12,378,459,Moose Lake JCT,BC_MLW_JCT,Tumbler Ridge,BC_TLR_DSS,NULL
6147,29503,2L337MLW,BC Hydro,BC,British Columbia,1,ac,3.000,1.852,3.000,1.852,230,1.44,378,459,Moose Lake JCT,BC_MLW_JCT,Moose Lake GS,BC_MLW_GSS,NULL
6148,29504,2L339,BC Hydro,BC,British Columbia,1,ac,4.255,2.626,4.255,2.626,230,2.04,402,435,Meikle GS,BC_MKL_GSS,Meikle SWS,BC_MKT_SWS,NULL
6149,29505,2L340,BC Hydro,BC,British Columbia,1,ac,14.655,9.046,14.655,9.046,230,7.03,584,795,Sundance Lake,BC_SLS_DSS,Shell Groundbirch,BC_SGB_ISS,NULL
6150,29506,2L342,BC Hydro,BC,British Columbia,1,ac,14.643,9.039,14.643,9.039,230,7.03,584,795,Sundance Lake,BC_SLS_DSS,Shell Groundbirch,BC_SGB_ISS,NULL
6151,29507,2L348,BC Hydro,BC,British Columbia,1,ac,25.000,15.432,40.000,24.691,230,19.20,402,435,Shell Groundbirch,BC_SGB_ISS,Shell Saturn Gas Plant JCT,BC_SRN_JCT,NULL
6152,29508,2L348,BC Hydro,BC,British Columbia,1,ac,15.000,9.259,40.000,24.691,230,19.20,402,435,Shell Saturn Gas Plant JCT,BC_SRN_JCT,Shell Sunset Prairie,BC_SST_ISS,NULL
6153,29509,2L348SRN,BC Hydro,BC,British Columbia,1,ac,10.000,6.173,10.000,6.173,230,4.80,402,435,Shell Saturn Gas Plant JCT,BC_SRN_JCT,Shell Saturn Gas Plant,BC_SRN_ISS,NULL
6154,29510,2L352,BC Hydro,BC,British Columbia,1,ac,103.157,63.677,103.157,63.677,230,49.52,375,455,Hundred Mile House,BC_HMH_DSS,Soda Creek,BC_SCK_DSS,NULL
6155,29511,2L353,BC Hydro,BC,British Columbia,1,ac,64.328,39.709,64.328,39.709,230,30.88,378,459,Glenannan,BC_GLN_DSS,Tachick,BC_TAC_DSS,NULL
6156,29512,2L354,BC Hydro,BC,British Columbia,1,ac,9.146,5.646,9.146,5.646,230,4.39,193,338,Red Bluff,BC_RBF_DSS,Barlow,BC_BLW_DSS,NULL
6157,29513,2L374,BC Hydro,BC,British Columbia,1,ac,95.758,59.110,95.758,59.110,287,44.25,777,997,Bob Quinn,BC_BQN_DSS,Tatogga,BC_TAT_DSS,NULL
6158,29514,2L375,BC Hydro,BC,British Columbia,1,ac,25.000,15.432,25.000,15.432,287,11.55,777,997,Tatogga,BC_TAT_DSS,Red Chris Mine,BC_RDC_ISS,NULL
6159,29515,2L379,BC Hydro,BC,British Columbia,1,ac,40.000,24.691,40.000,24.691,287,18.48,642,727,Bob Quinn,BC_BQN_DSS,Forest Kerr GS,BC_FKR_GSS,NULL
6160,29516,2L391,BC Hydro,BC,British Columbia,1,ac,57.000,35.185,57.000,35.185,287,26.34,777,997,Shell Groundbirch,BC_SGB_ISS,South Bank,BC_SBK_DSS,NULL
6161,29517,2L392,BC Hydro,BC,British Columbia,1,ac,57.000,35.185,57.000,35.185,287,26.34,777,997,Shell Groundbirch,BC_SGB_ISS,South Bank,BC_SBK_DSS,NULL
6162,29518,30L,FortisBC,BC,British Columbia,1,ac,57.500,35.494,57.500,35.494,63,21.85,30,33,South Slocan GS,BC_SLC_GSS,Coffee Creek,BC_COF_DSS,NULL
6163,29519,31L,FortisBC,BC,British Columbia,1,ac,5.500,3.395,5.500,3.395,63,2.09,30,33,AA Lambert,BC_AAL_DSS,Creston,BC_CRE_DSS,NULL
6164,29520,32L,FortisBC,BC,British Columbia,1,ac,67.500,41.667,67.500,41.667,63,25.65,30,33,AA Lambert,BC_AAL_DSS,Crawford Bay,BC_CRA_DSS,NULL
6165,29521,33L,FortisBC,BC,British Columbia,1,ac,0.500,0.309,0.500,0.309,63,0.19,30,33,Upper Bonnington SWS,BC_USS_SWS,Upper Bonnington GS,BC_UBO_GSS,NULL
6166,29522,34L,FortisBC,BC,British Columbia,1,ac,1.000,0.617,1.000,0.617,63,0.38,30,33,AS Mawdsley TS,BC_ASM_TSS,Warfield TS,BC_WTS_TSS,NULL
6167,29523,37L,FortisBC,BC,British Columbia,1,ac,22.500,13.889,22.500,13.889,63,8.55,30,33,Coffee Creek,BC_COF_DSS,Kaslo,BC_KAS_DSS,NULL
6168,29524,38L,FortisBC,BC,British Columbia,1,ac,5.000,3.086,5.000,3.086,63,1.90,30,33,Crawford Bay,BC_CRA_DSS,Coffee Creek,BC_COF_DSS,NULL
6169,29525,3L002,BC Hydro,BC,British Columbia,1,ac,115.000,70.988,145.000,89.506,360,63.67,539,1000,Bridge River TS,BC_BRT_TSS,Sachteen,BC_SAC_DSS,NULL
6170,29526,3L002,BC Hydro,BC,British Columbia,1,ac,30.000,18.519,145.000,89.506,360,63.67,539,1000,Sachteen,BC_SAC_DSS,Upper Harrison,BC_UHT_DSS,NULL
6171,29527,3L003,BC Hydro,BC,British Columbia,1,ac,10.237,6.319,10.237,6.319,360,4.49,570,1000,Rosedale,BC_ROS_DSS,Wahleach GS,BC_WAH_GSS,NULL
6172,29528,3L005,BC Hydro,BC,British Columbia,1,ac,78.281,48.321,78.281,48.321,360,34.37,539,1000,Rosedale,BC_ROS_DSS,Upper Harrison,BC_UHT_DSS,NULL
6173,29529,3L013,BC Hydro,BC,British Columbia,1,ac,0.521,0.322,0.521,0.322,360,0.23,570,1000,Bridge River 2 GS,BC_BR2_GSS,Bridge River TS,BC_BRT_TSS,NULL
6174,29530,3L014,BC Hydro,BC,British Columbia,1,ac,0.470,0.290,0.470,0.290,360,0.21,570,1000,Bridge River 1 GS,BC_BR1_GSS,Bridge River TS,BC_BRT_TSS,NULL
6175,29531,3L015,BC Hydro,BC,British Columbia,1,ac,1.204,0.743,1.204,0.743,360,0.53,570,1000,Bridge River 1 GS,BC_BR1_GSS,Bridge River TS,BC_BRT_TSS,NULL
6176,29532,3L016,BC Hydro,BC,British Columbia,1,ac,1.288,0.795,1.288,0.795,360,0.57,570,1000,Bridge River 1 GS,BC_BR1_GSS,Bridge River TS,BC_BRT_TSS,NULL
6177,29533,40L,FortisBC,BC,British Columbia,1,ac,7.500,4.630,7.500,4.630,230,3.60,402,435,Bentley TS,BC_BEN_TSS,Vaseux Lake TS,BC_VAS_TSS,NULL
6178,29534,42L,FortisBC,BC,British Columbia,1,ac,9.500,5.864,34.000,20.988,63,12.92,30,33,Kaledon,BC_KAL2_DSS,Huth Avenue,BC_HUT_DSS,KLD used for Kaledon to avoid confusion with KAL - Kalum
6179,29535,42L,FortisBC,BC,British Columbia,1,ac,7.000,4.321,34.000,20.988,63,12.92,30,33,OK Falls,BC_OKF_DSS,Kaledon,BC_KAL2_DSS,KLD used for Kaledon to avoid confusion with KAL - Kalum
6180,29536,42L,FortisBC,BC,British Columbia,1,ac,17.500,10.802,34.000,20.988,63,12.92,30,33,Oliver TS,BC_OLI_TSS,OK Falls,BC_OKF_DSS,NULL
6181,29537,43AL,FortisBC,BC,British Columbia,1,ac,4.000,2.469,4.000,2.469,138,1.73,141,156,Hedley,BC_HED_DSS,Mascot Mines,BC_MAS_ISS,NULL
6182,29538,43L,FortisBC,BC,British Columbia,1,ac,27.500,16.975,85.000,52.469,138,36.85,141,156,Princeton,BC_PRI_DSS,BC Gas,BC_BCG_ISS,NULL
6183,29539,43L,FortisBC,BC,British Columbia,1,ac,24.000,14.815,85.000,52.469,138,36.85,141,156,Keremeos,BC_KER_DSS,Bentley TS,BC_BEN_TSS,NULL
6184,29540,43L,FortisBC,BC,British Columbia,1,ac,6.000,3.704,85.000,52.469,138,36.85,141,156,BC Gas,BC_BCG_ISS,Hedley,BC_HED_DSS,NULL
6185,29541,43L,FortisBC,BC,British Columbia,1,ac,27.500,16.975,85.000,52.469,138,36.85,141,156,Hedley,BC_HED_DSS,Keremeos,BC_KER_DSS,NULL
6186,29542,44L,FortisBC,BC,British Columbia,1,ac,17.500,10.802,18.500,11.420,63,7.03,30,33,Pine,BC_PNE_DSS,Osoyoos,BC_OSO_DSS,PNE used for Pine to avoid confusion with PIN - Pingston
6187,29543,44L,FortisBC,BC,British Columbia,1,ac,1.000,0.617,18.500,11.420,63,7.03,30,33,Oliver TS,BC_OLI_TSS,Pine,BC_PNE_DSS,PNE used for Pine to avoid confusion with PIN - Pingston
6188,29544,45L,FortisBC,BC,British Columbia,1,ac,7.500,4.630,11.000,6.790,63,4.18,30,33,Westminster,BC_WES_DSS,Arawana,BC_AWA_DSS,NULL
6189,29545,45L,FortisBC,BC,British Columbia,1,ac,3.500,2.160,11.000,6.790,63,4.18,30,33,RG Anderson TS,BC_RGA_TSS,Westminster,BC_WES_DSS,NULL
6190,29546,46L,FortisBC,BC,British Columbia,1,ac,11.500,7.099,11.500,7.099,138,4.99,141,156,FA Lee TS,BC_LEE_TSS,Duck Lake,BC_DUC_DSS,NULL
6191,29547,47L,FortisBC,BC,British Columbia,1,ac,2.500,1.543,2.500,1.543,63,0.95,30,33,Huth Avenue,BC_HUT_DSS,Waterford,BC_WAT_DSS,NULL
6192,29548,48L,FortisBC,BC,British Columbia,1,ac,47.500,29.321,47.500,29.321,161,21.38,193,212,Bentley TS,BC_BEN_TSS,Grand Forks TS,BC_GFT_TSS,NULL
6193,29549,49L,FortisBC,BC,British Columbia,1,ac,3.500,2.160,14.000,8.642,63,5.32,30,33,Trout Creek,BC_TRC_DSS,Summerland,BC_SUM_DSS,NULL
6194,29550,49L,FortisBC,BC,British Columbia,1,ac,7.500,4.630,14.000,8.642,63,5.32,30,33,West Bench,BC_WEB_DSS,Trout Creek,BC_TRC_DSS,NULL
6195,29551,49L,FortisBC,BC,British Columbia,1,ac,3.000,1.852,14.000,8.642,63,5.32,30,33,Huth Avenue,BC_HUT_DSS,West Bench,BC_WEB_DSS,NULL
6196,29552,50L,FortisBC,BC,British Columbia,1,ac,5.000,3.086,14.000,8.642,138,6.07,141,156,Sexsmith,BC_SEX_DSS,Glenmore FBC,BC_GLE_DSS,NULL
6197,29553,50L,FortisBC,BC,British Columbia,1,ac,1.500,0.926,14.000,8.642,138,6.07,141,156,Saucier,BC_SAU_DSS,Hollywood JCT,BC_HOL_JCT,NULL
6198,29554,50L,FortisBC,BC,British Columbia,1,ac,2.500,1.543,14.000,8.642,138,6.07,141,156,Glenmore FBC,BC_GLE_DSS,Recreation,BC_REC_DSS,NULL
6199,29555,50L,FortisBC,BC,British Columbia,1,ac,1.500,0.926,14.000,8.642,138,6.07,141,156,Recreation,BC_REC_DSS,Saucier,BC_SAU_DSS,NULL
6200,29556,50L,FortisBC,BC,British Columbia,1,ac,3.500,2.160,14.000,8.642,138,6.07,141,156,FA Lee TS,BC_LEE_TSS,Sexsmith,BC_SEX_DSS,NULL
6201,29557,51L,FortisBC,BC,British Columbia,1,ac,2.500,1.543,4.500,2.778,138,1.95,141,156,Okanagan Mission,BC_OKM_DSS,Benvoulin,BC_BEV_DSS,NULL
6202,29558,51L,FortisBC,BC,British Columbia,1,ac,2.000,1.235,4.500,2.778,138,1.95,141,156,Hollywood JCT,BC_HOL_JCT,Okanagan Mission,BC_OKM_DSS,NULL
6203,29559,52L,FortisBC,BC,British Columbia,1,ac,3.500,2.160,3.500,2.160,63,1.33,30,33,Huth Avenue,BC_HUT_DSS,RG Anderson TS,BC_RGA_TSS,NULL
6204,29560,53L,FortisBC,BC,British Columbia,1,ac,3.500,2.160,3.500,2.160,63,1.33,30,33,Huth Avenue,BC_HUT_DSS,RG Anderson TS,BC_RGA_TSS,NULL
6205,29561,54L,FortisBC,BC,British Columbia,1,ac,11.000,6.790,11.000,6.790,138,4.77,141,156,Black Mountain,BC_BLK_DSS,DG Bell TS,BC_DGB_TSS,NULL
6206,29562,55L,FortisBC,BC,British Columbia,1,ac,6.000,3.704,12.500,7.716,138,5.42,141,156,Hollywood,BC_HOL_DSS,FA Lee TS,BC_LEE_TSS,NULL
6207,29563,55L,FortisBC,BC,British Columbia,1,ac,6.500,4.012,12.500,7.716,138,5.42,141,156,Hollywood JCT,BC_HOL_JCT,Hollywood,BC_HOL_DSS,NULL
6208,29564,56L,FortisBC,BC,British Columbia,1,ac,5.000,3.086,5.000,3.086,138,2.17,141,156,Princeton JCT,BC_PRI_JCT,Princeton,BC_PRI_DSS,NULL
6209,29565,57L,FortisBC,BC,British Columbia,1,ac,36.000,22.222,40.000,24.691,138,17.34,141,156,Joe Riche,BC_JRH_DSS,Big White,BC_BWS_DSS,JRH used for Joe Riche to avoid confusion with JOR - Jordan River
6210,29566,57L,FortisBC,BC,British Columbia,1,ac,4.000,2.469,40.000,24.691,138,17.34,141,156,Black Mountain,BC_BLK_DSS,Joe Riche,BC_JRH_DSS,JRH used for Joe Riche to avoid confusion with JOR - Jordan River
6211,29567,58L,FortisBC,BC,British Columbia,1,ac,4.000,2.469,4.000,2.469,138,1.73,141,156,FA Lee TS,BC_LEE_TSS,Black Mountain,BC_BLK_DSS,NULL
6212,29568,5L001,BC Hydro,BC,British Columbia,1,ac,277.786,171.473,277.786,171.473,500,109.73,1676,2440,GM Shrum GS,BC_GMS_GSS,Williston,BC_WSN_DSS,NULL
6213,29569,5L002,BC Hydro,BC,British Columbia,1,ac,277.642,171.384,277.642,171.384,500,109.67,1676,2440,GM Shrum GS,BC_GMS_GSS,Williston,BC_WSN_DSS,NULL
6214,29570,5L003,BC Hydro,BC,British Columbia,1,ac,138.414,85.441,138.414,85.441,500,54.67,1676,2440,Peace Canyon GS,BC_PCN_GSS,Kennedy,BC_KDS_DSS,NULL
6215,29571,5L004,BC Hydro,BC,British Columbia,1,ac,13.963,8.619,13.963,8.619,500,5.52,1949,2689,GM Shrum GS,BC_GMS_GSS,Peace Canyon GS,BC_PCN_GSS,NULL
6216,29572,5L005,BC Hydro,BC,British Columbia,1,ac,74.920,46.247,74.920,46.247,500,29.59,2550,3225,South Bank,BC_SBK_DSS,Peace Canyon GS,BC_PCN_GSS,NULL
6217,29573,5L006,BC Hydro,BC,British Columbia,1,ac,74.802,46.174,74.802,46.174,500,29.55,2550,3225,South Bank,BC_SBK_DSS,Peace Canyon GS,BC_PCN_GSS,NULL
6218,29574,5L007,BC Hydro,BC,British Columbia,1,ac,138.748,85.647,138.748,85.647,500,54.81,1949,2689,Kennedy,BC_KDS_DSS,Williston,BC_WSN_DSS,NULL
6219,29575,5L011,BC Hydro,BC,British Columbia,1,ac,330.078,203.752,330.078,203.752,500,130.38,1949,2588,Williston,BC_WSN_DSS,Kelly Lake,BC_KLY_DSS,NULL
6220,29576,5L012,BC Hydro,BC,British Columbia,1,ac,330.075,203.750,330.075,203.750,500,130.38,1949,2689,Williston,BC_WSN_DSS,Kelly Lake,BC_KLY_DSS,NULL
6221,29577,5L013,BC Hydro,BC,British Columbia,1,ac,330.139,203.789,330.139,203.789,500,130.40,2638,3560,Williston,BC_WSN_DSS,Kelly Lake,BC_KLY_DSS,NULL
6222,29578,5L029,BC Hydro,BC,British Columbia,1,ac,68.728,42.425,68.728,42.425,500,27.15,982,982,Malaspina,BC_MSA_DSS,Dunsmuir,BC_DMR_DSS,NULL
6223,29579,5L030,BC Hydro,BC,British Columbia,1,ac,80.143,49.471,80.143,49.471,500,31.66,2524,3041,Cheekye,BC_CKY_DSS,Malaspina,BC_MSA_DSS,NULL
6224,29580,5L031,BC Hydro,BC,British Columbia,1,ac,68.572,42.328,68.572,42.328,500,27.09,982,982,Malaspina,BC_MSA_DSS,Dunsmuir,BC_DMR_DSS,NULL
6225,29581,5L032,BC Hydro,BC,British Columbia,1,ac,80.364,49.607,80.364,49.607,500,31.74,2524,3041,Cheekye,BC_CKY_DSS,Malaspina,BC_MSA_DSS,NULL
6226,29582,5L040,BC Hydro,BC,British Columbia,1,ac,49.717,30.690,49.717,30.690,500,19.64,1945,2687,Clayburn,BC_CBN_DSS,Ingledow,BC_ING_DSS,NULL
6227,29583,5L041,BC Hydro,BC,British Columbia,1,ac,130.000,80.247,271.633,167.675,500,107.30,1949,2588,Kwoiek Creek GS,BC_KCH_GSS,Clayburn,BC_CBN_DSS,NULL
6228,29584,5L041,BC Hydro,BC,British Columbia,1,ac,141.633,87.428,271.633,167.675,500,107.30,1949,2588,Kelly Lake,BC_KLY_DSS,Kwoiek Creek GS,BC_KCH_GSS,NULL
6229,29585,5L042,BC Hydro,BC,British Columbia,1,ac,196.893,121.539,196.893,121.539,500,77.77,1676,2440,Kelly Lake,BC_KLY_DSS,Cheekye,BC_CKY_DSS,NULL
6230,29586,5L044,BC Hydro,BC,British Columbia,1,ac,19.523,12.051,19.523,12.051,500,7.71,1949,2705,Meridian,BC_MDN_DSS,Ingledow,BC_ING_DSS,NULL
6231,29587,5L045,BC Hydro,BC,British Columbia,1,ac,66.723,41.187,66.723,41.187,500,26.36,1676,2440,Cheekye,BC_CKY_DSS,Meridian,BC_MDN_DSS,NULL
6232,29588,5L051,BC Hydro,BC,British Columbia,1,ac,21.794,13.453,21.794,13.453,500,8.61,700,700,Ingledow,BC_ING_DSS,INT Ingledow BPA,XX_BCUS1_INT,NULL
6233,29589,5L052,BC Hydro,BC,British Columbia,1,ac,21.801,13.457,21.801,13.457,500,8.61,700,700,Ingledow,BC_ING_DSS,INT Ingledow BPA,XX_BCUS1_INT,NULL
6234,29590,5L061,BC Hydro,BC,British Columbia,1,ac,174.722,107.853,174.722,107.853,500,69.02,1559,2447,Williston,BC_WSN_DSS,Glenannan,BC_GLN_DSS,NULL
6235,29591,5L062,BC Hydro,BC,British Columbia,1,ac,130.726,80.695,130.726,80.695,500,51.64,1559,2447,Glenannan,BC_GLN_DSS,Telkwa,BC_TKW_DSS,NULL
6236,29592,5L063,BC Hydro,BC,British Columbia,1,ac,142.789,88.142,142.789,88.142,500,56.40,1559,2366,Telkwa,BC_TKW_DSS,Skeena,BC_SKA_DSS,NULL
6237,29593,5L071,BC Hydro,BC,British Columbia,1,ac,285.302,176.112,285.302,176.112,500,112.69,1765,2574,Mica GS,BC_MCA_GSS,Nicola TS,BC_NIC_TSS,NULL
6238,29594,5L072,BC Hydro,BC,British Columbia,1,ac,285.255,176.084,285.255,176.084,500,112.68,1765,2574,Mica GS,BC_MCA_GSS,Nicola TS,BC_NIC_TSS,NULL
6239,29595,5L075,BC Hydro,BC,British Columbia,1,ac,83.696,51.664,83.696,51.664,500,33.06,2237,2574,Revelstoke GS,BC_REV_GSS,Ashton Creek,BC_ACK_DSS,NULL
6240,29596,5L076,BC Hydro,BC,British Columbia,1,ac,117.776,72.701,117.776,72.701,500,46.52,1765,2574,Ashton Creek,BC_ACK_DSS,Nicola TS,BC_NIC_TSS,NULL
6241,29597,5L077,BC Hydro,BC,British Columbia,1,ac,83.732,51.686,83.732,51.686,500,33.07,1765,2574,Revelstoke GS,BC_REV_GSS,Ashton Creek,BC_ACK_DSS,NULL
6242,29598,5L079,BC Hydro,BC,British Columbia,1,ac,117.739,72.678,117.739,72.678,500,46.51,2729,3303,Ashton Creek,BC_ACK_DSS,Nicola TS,BC_NIC_TSS,NULL
6243,29599,5L081,BC Hydro,BC,British Columbia,1,ac,263.934,162.922,263.934,162.922,500,104.25,1678,2440,Nicola TS,BC_NIC_TSS,Ingledow,BC_ING_DSS,NULL
6244,29600,5L082,BC Hydro,BC,British Columbia,1,ac,248.189,153.203,248.189,153.203,500,98.03,1765,2574,Nicola TS,BC_NIC_TSS,Meridian,BC_MDN_DSS,NULL
6245,29601,5L083,BC Hydro,BC,British Columbia,1,ac,248.221,153.223,248.221,153.223,500,98.05,2900,3505,Nicola TS,BC_NIC_TSS,Meridian,BC_MDN_DSS,NULL
6246,29602,5L087,BC Hydro,BC,British Columbia,1,ac,145.962,90.100,145.962,90.100,500,57.65,2759,3339,Kelly Lake,BC_KLY_DSS,Nicola TS,BC_NIC_TSS,NULL
6247,29603,5L091,BC Hydro,BC,British Columbia,1,ac,223.062,137.692,223.062,137.692,500,88.11,1846,2606,Selkirk TS,BC_SEL_TSS,Ashton Creek,BC_ACK_DSS,NULL
6248,29604,5L092,BC Hydro,BC,British Columbia,1,ac,179.853,111.020,179.853,111.020,500,71.04,2237,2884,Selkirk TS,BC_SEL_TSS,Cranbrook,BC_CBK_DSS,NULL
6249,29605,5L094,BC Hydro,BC,British Columbia,1,ac,108.160,66.765,108.160,66.765,500,42.72,1599,2373,Cranbrook,BC_CBK_DSS,IPT Cranbrook Chapel Rock,PP_ABBC2_IPT,NULL
6250,29606,5L096,BC Hydro,BC,British Columbia,1,ac,162.873,100.539,162.873,100.539,500,64.33,2733,3306,Vaseux Lake TS,BC_VAS_TSS,Selkirk TS,BC_SEL_TSS,NULL
6251,29607,5L098,BC Hydro,BC,British Columbia,1,ac,139.111,85.871,139.111,85.871,500,54.95,2733,3306,Nicola TS,BC_NIC_TSS,Vaseux Lake TS,BC_VAS_TSS,NULL
6252,29608,60L,FortisBC,BC,British Columbia,1,ac,2.500,1.543,2.500,1.543,138,1.08,141,156,Benvoulin,BC_BEV_DSS,DG Bell TS,BC_DGB_TSS,NULL
6253,29609,60L001,BC Hydro,BC,British Columbia,1,ac,7.596,4.689,7.596,4.689,69,2.92,62,80,Como Lake,BC_COK_DSS,Barnard,BC_BND_DSS,NULL
6254,29610,60L002,BC Hydro,BC,British Columbia,1,ac,2.000,1.235,34.290,21.167,69,13.18,79,94,Coquitlam JCT,BC_CQM_JCT,Como Lake,BC_COK_DSS,NULL
6255,29611,60L002,BC Hydro,BC,British Columbia,1,ac,12.490,7.710,34.290,21.167,69,13.18,43,54,Maple Ridge JCT,BC_MRG_JCT,Coquitlam JCT,BC_CQM_JCT,NULL
6256,29612,60L002,BC Hydro,BC,British Columbia,1,ac,19.800,12.222,34.290,21.167,69,13.18,43,54,Stave Falls GS,BC_SFL_GSS,Maple Ridge JCT,BC_MRG_JCT,NULL
6257,29613,60L002CQM,BC Hydro,BC,British Columbia,1,ac,0.010,0.006,0.010,0.006,69,0.00,36,39,Coquitlam JCT,BC_CQM_JCT,Coquitlam,BC_CQM_DSS,NULL
6258,29614,60L002MRG,BC Hydro,BC,British Columbia,1,ac,0.048,0.029,0.048,0.029,69,0.02,36,39,Maple Ridge JCT,BC_MRG_JCT,Maple Ridge,BC_MRG_DSS,NULL
6259,29615,60L003,BC Hydro,BC,British Columbia,1,ac,15.530,9.586,19.530,12.056,69,7.51,62,80,Maple Ridge JCT,BC_MRG_JCT,Como Lake,BC_COK_DSS,NULL
6260,29616,60L003,BC Hydro,BC,British Columbia,1,ac,4.000,2.469,19.530,12.056,69,7.51,62,80,Haney,BC_HNY_DSS,Maple Ridge JCT,BC_MRG_JCT,NULL
6261,29617,60L003MRG,BC Hydro,BC,British Columbia,1,ac,0.022,0.014,0.022,0.014,69,0.01,36,39,Maple Ridge JCT,BC_MRG_JCT,Maple Ridge,BC_MRG_DSS,NULL
6262,29618,60L004,BC Hydro,BC,British Columbia,1,ac,15.118,9.332,15.118,9.332,69,5.81,43,54,Lake Buntzen GS,BC_LB1_GSS,Petro Canada Products,BC_PCP_ISS,NULL
6263,29619,60L005,BC Hydro,BC,British Columbia,1,ac,16.303,10.064,16.303,10.064,69,6.27,43,54,Lake Buntzen GS,BC_LB1_GSS,Shelburn,BC_SHL_DSS,NULL
6264,29620,60L006,BC Hydro,BC,British Columbia,1,ac,8.790,5.426,8.790,5.426,69,3.38,43,54,Lake Buntzen GS,BC_LB1_GSS,Ioco Esso Petroleum,BC_IOC_ISS,NULL
6265,29621,60L007,BC Hydro,BC,British Columbia,1,ac,8.345,5.151,38.955,24.046,69,14.97,23,31,Balfour JCT,BC_BAL_JCT,Balfour,BC_BAL_DSS,NULL
6266,29622,60L007,BC Hydro,BC,British Columbia,1,ac,7.000,4.321,38.955,24.046,69,14.97,79,94,Port Kells,BC_PKL_DSS,Balfour JCT,BC_BAL_JCT,NULL
6267,29623,60L007,BC Hydro,BC,British Columbia,1,ac,10.720,6.617,38.955,24.046,69,14.97,123,149,Balfour JCT,BC_BAL_JCT,McLellan,BC_MLN_DSS,NULL
6268,29624,60L007,BC Hydro,BC,British Columbia,1,ac,12.890,7.957,38.955,24.046,69,14.97,67,80,Balfour JCT,BC_BAL_JCT,Ruskin GS,BC_RUS_GSS,Line connection RUS to MLN assumed
6269,29625,60L008,BC Hydro,BC,British Columbia,1,ac,8.225,5.077,47.445,29.287,69,18.23,23,31,Balfour JCT,BC_BAL_JCT,Balfour,BC_BAL_DSS,NULL
6270,29626,60L008,BC Hydro,BC,British Columbia,1,ac,7.000,4.321,47.445,29.287,69,18.23,79,101,Port Kells,BC_PKL_DSS,Balfour JCT,BC_BAL_JCT,NULL
6271,29627,60L008,BC Hydro,BC,British Columbia,1,ac,1.000,0.617,47.445,29.287,69,18.23,53,64,Gloucester JCT,BC_GLT_JCT,Gloucester,BC_GLT_DSS,NULL
6272,29628,60L008,BC Hydro,BC,British Columbia,1,ac,7.560,4.667,47.445,29.287,69,18.23,77,93,Balfour JCT,BC_BAL_JCT,Gloucester JCT,BC_GLT_JCT,NULL
6273,29629,60L008,BC Hydro,BC,British Columbia,1,ac,10.720,6.617,47.445,29.287,69,18.23,123,149,Balfour JCT,BC_BAL_JCT,McLellan,BC_MLN_DSS,NULL
6274,29630,60L008,BC Hydro,BC,British Columbia,1,ac,12.940,7.988,47.445,29.287,69,18.23,67,80,Balfour JCT,BC_BAL_JCT,Ruskin GS,BC_RUS_GSS,Line connection RUS to MLN assumed
6275,29631,60L010,BC Hydro,BC,British Columbia,1,ac,25.790,15.920,90.790,56.043,69,34.89,47,60,Spuzzum,BC_SZM_DSS,Boston Bar,BC_BBR_DSS,NULL
6276,29632,60L010,BC Hydro,BC,British Columbia,1,ac,20.000,12.346,90.790,56.043,69,34.89,47,60,Wahleach Hope JCT,BC_WHO_JCT,Boston Bar JCT,BC_BBR_JCT,NULL
6277,29633,60L010,BC Hydro,BC,British Columbia,1,ac,35.000,21.605,90.790,56.043,69,34.89,47,60,Boston Bar JCT,BC_BBR_JCT,Spuzzum,BC_SZM_DSS,NULL
6278,29634,60L010,BC Hydro,BC,British Columbia,1,ac,10.000,6.173,90.790,56.043,69,34.89,47,60,Wahleach GS,BC_WAH_GSS,Wahleach Hope JCT,BC_WHO_JCT,NULL
6279,29635,60L010HOP,BC Hydro,BC,British Columbia,1,ac,3.105,1.917,3.105,1.917,69,1.19,47,60,Boston Bar JCT,BC_BBR_JCT,Hope,BC_HOP_DSS,NULL
6280,29636,60L010KEN,BC Hydro,BC,British Columbia,1,ac,13.890,8.574,13.890,8.574,69,5.34,47,60,Wahleach Hope JCT,BC_WHO_JCT,Kent,BC_KEN_DSS,NULL
6281,29637,60L011,BC Hydro,BC,British Columbia,1,ac,2.350,1.451,8.350,5.154,69,3.21,43,55,Simon Fraser University JCT,BC_SFU_JCT,Barnard,BC_BND_DSS,NULL
6282,29638,60L011,BC Hydro,BC,British Columbia,1,ac,6.000,3.704,8.350,5.154,69,3.21,43,55,Ioco Esso Petroleum,BC_IOC_ISS,Simon Fraser University JCT,BC_SFU_JCT,NULL
6283,29639,60L011SFU,BC Hydro,BC,British Columbia,1,ac,1.454,0.897,1.454,0.897,69,0.56,47,60,Simon Fraser University JCT,BC_SFU_JCT,Simon Fraser University,BC_SFU_DSS,NULL
6284,29640,60L012,BC Hydro,BC,British Columbia,1,ac,10.000,6.173,22.000,13.580,69,8.45,124,150,Mission JCT,BC_MIS_JCT,Clayburn,BC_CBN_DSS,NULL
6285,29641,60L012,BC Hydro,BC,British Columbia,1,ac,12.000,7.407,22.000,13.580,69,8.45,79,95,Stave Falls GS,BC_SFL_GSS,Mission JCT,BC_MIS_JCT,NULL
6286,29642,60L012MIS,BC Hydro,BC,British Columbia,1,ac,0.073,0.045,0.073,0.045,69,0.03,124,150,Mission JCT,BC_MIS_JCT,Mission,BC_MIS_DSS,NULL
6287,29643,60L013,BC Hydro,BC,British Columbia,1,ac,9.000,5.556,17.520,10.815,69,6.73,26,35,Alouette GS,BC_ALU_GSS,St Leon Creek JCT,BC_SLK_JCT,NULL
6288,29644,60L013,BC Hydro,BC,British Columbia,1,ac,8.520,5.259,17.520,10.815,69,6.73,26,35,St Leon Creek JCT,BC_SLK_JCT,Stave Falls GS,BC_SFL_GSS,NULL
6289,29645,60L013SLK,BC Hydro,BC,British Columbia,1,ac,0.037,0.023,0.037,0.023,69,0.01,36,39,St Leon Creek JCT,BC_SLK_JCT,St Leon Creek,BC_SLK_DSS,NULL
6290,29646,60L014,BC Hydro,BC,British Columbia,1,ac,9.000,5.556,12.830,7.920,69,4.93,124,150,Mission JCT,BC_MIS_JCT,Clayburn,BC_CBN_DSS,NULL
6291,29647,60L014,BC Hydro,BC,British Columbia,1,ac,3.830,2.364,12.830,7.920,69,4.93,124,150,Silverdale,BC_SVD_DSS,Mission JCT,BC_MIS_JCT,NULL
6292,29648,60L014MIS,BC Hydro,BC,British Columbia,1,ac,0.993,0.613,0.993,0.613,69,0.38,124,150,Mission JCT,BC_MIS_JCT,Mission,BC_MIS_DSS,NULL
6293,29649,60L015,BC Hydro,BC,British Columbia,1,ac,6.636,4.096,6.636,4.096,69,2.55,71,85,Stave Falls GS,BC_SFL_GSS,Ruskin GS,BC_RUS_GSS,NULL
6294,29650,60L016,BC Hydro,BC,British Columbia,1,ac,1.000,0.617,1.000,0.617,69,0.38,43,55,Lake Buntzen GS,BC_LB1_GSS,Lake Buntzen #2,BC_LB2_GSS,NULL
6295,29651,60L017,BC Hydro,BC,British Columbia,1,ac,6.000,3.704,7.660,4.728,69,2.94,62,80,New Westminster JCT,BC_NWR_JCT,Barnard,BC_BND_DSS,NULL
6296,29652,60L017,BC Hydro,BC,British Columbia,1,ac,1.660,1.025,7.660,4.728,69,2.94,89,110,Como Lake,BC_COK_DSS,New Westminster JCT,BC_NWR_JCT,NULL
6297,29653,60L017GSP,BC Hydro,BC,British Columbia,1,ac,0.014,0.009,0.014,0.009,69,0.01,36,39,GVRD Sapperton Pumps JCT,BC_GSP_JCT,GVRD Sapperton Pumps,BC_GSP_DSS,NULL
6298,29654,60L017NRG,BC Hydro,BC,British Columbia,1,ac,0.278,0.171,0.278,0.171,69,0.11,36,39,Newstech Recycling JCT,BC_NRG_JCT,Newstech Recycling,BC_NRG_ISS,NULL
6299,29655,60L017NWR,BC Hydro,BC,British Columbia,1,ac,2.000,1.235,12.340,7.617,69,4.74,53,75,Newstech Recycling JCT,BC_NRG_JCT,GVRD Sapperton Pumps JCT,BC_GSP_JCT,NULL
6300,29656,60L017NWR,BC Hydro,BC,British Columbia,1,ac,3.340,2.062,12.340,7.617,69,4.74,47,60,GVRD Sapperton Pumps JCT,BC_GSP_JCT,New Westminster,BC_NWR_DSS,NULL
6301,29657,60L017NWR,BC Hydro,BC,British Columbia,1,ac,7.000,4.321,12.340,7.617,69,4.74,53,75,New Westminster JCT,BC_NWR_JCT,Newstech Recycling JCT,BC_NRG_JCT,NULL
6302,29658,60L018,BC Hydro,BC,British Columbia,1,ac,2.000,1.235,19.490,12.031,69,7.49,62,80,Coquitlam JCT,BC_CQM_JCT,Como Lake,BC_COK_DSS,NULL
6303,29659,60L018,BC Hydro,BC,British Columbia,1,ac,2.000,1.235,19.490,12.031,69,7.49,62,80,Esco Foundry JCT,BC_ESC_JCT,Coquitlam JCT,BC_CQM_JCT,NULL
6304,29660,60L018,BC Hydro,BC,British Columbia,1,ac,11.490,7.093,19.490,12.031,69,7.49,45,55,Maple Ridge JCT,BC_MRG_JCT,Esco Foundry JCT,BC_ESC_JCT,NULL
6305,29661,60L018,BC Hydro,BC,British Columbia,1,ac,4.000,2.469,19.490,12.031,69,7.49,43,55,Haney,BC_HNY_DSS,Maple Ridge JCT,BC_MRG_JCT,NULL
6306,29662,60L018CQM,BC Hydro,BC,British Columbia,1,ac,0.006,0.004,0.006,0.004,69,0.00,36,39,Coquitlam JCT,BC_CQM_JCT,Coquitlam,BC_CQM_DSS,NULL
6307,29663,60L018ESC,BC Hydro,BC,British Columbia,1,ac,0.140,0.087,0.140,0.087,69,0.05,36,39,Esco Foundry JCT,BC_ESC_JCT,Esco Foundry,BC_ESC_ISS,NULL
6308,29664,60L018MRG,BC Hydro,BC,British Columbia,1,ac,0.063,0.039,0.063,0.039,69,0.02,36,39,Maple Ridge JCT,BC_MRG_JCT,Maple Ridge,BC_MRG_DSS,NULL
6309,29665,60L019,BC Hydro,BC,British Columbia,1,ac,14.902,9.199,14.902,9.199,69,5.73,79,94,Stave Falls GS,BC_SFL_GSS,Haney,BC_HNY_DSS,NULL
6310,29666,60L020,BC Hydro,BC,British Columbia,1,ac,23.000,14.198,74.240,45.827,69,28.53,43,56,Continental Lime Limited JCT,BC_CLL_JCT,Carquille,BC_CRQ_DSS,NULL
6311,29667,60L020,BC Hydro,BC,British Columbia,1,ac,11.000,6.790,74.240,45.827,69,28.53,43,56,Pavilion JCT,BC_PAV_JCT,Continental Lime Limited JCT,BC_CLL_JCT,NULL
6312,29668,60L020,BC Hydro,BC,British Columbia,1,ac,40.240,24.840,74.240,45.827,69,28.53,43,56,Seton Lake GS,BC_SON_GSS,Pavilion JCT,BC_PAV_JCT,NULL
6313,29669,60L020CLL,BC Hydro,BC,British Columbia,1,ac,0.140,0.086,0.140,0.086,69,0.05,52,63,Continental Lime Limited JCT,BC_CLL_JCT,Continental Lime Limited,BC_CLL_ISS,NULL
6314,29670,60L020PAV,BC Hydro,BC,British Columbia,1,ac,0.108,0.066,0.108,0.066,69,0.04,12,22,Pavilion JCT,BC_PAV_JCT,Pavilion,BC_PAV_DSS,NULL
6315,29671,60L021,BC Hydro,BC,British Columbia,1,ac,23.770,14.673,26.770,16.525,69,10.29,53,63,Walden North JCT,BC_WDN_JCT,Bridge River 1 GS,BC_BR1_GSS,NULL
6316,29672,60L021,BC Hydro,BC,British Columbia,1,ac,3.000,1.852,26.770,16.525,69,10.29,53,63,Seton Lake GS,BC_SON_GSS,Walden North JCT,BC_WDN_JCT,NULL
6317,29673,60L021WDN,BC Hydro,BC,British Columbia,1,ac,1.314,0.811,1.314,0.811,69,0.51,66,74,Walden North JCT,BC_WDN_JCT,Walden North GS,BC_WDN_GSS,NULL
6318,29674,60L022,BC Hydro,BC,British Columbia,1,ac,49.740,30.704,59.740,36.877,69,22.96,41,69,Tyax Lake JCT,BC_TXL_JCT,Bridge River 1 GS,BC_BR1_GSS,NULL
6319,29675,60L022,BC Hydro,BC,British Columbia,1,ac,10.000,6.173,59.740,36.877,69,22.96,41,69,Lajoie GS,BC_LAJ_GSS,Tyax Lake JCT,BC_TXL_JCT,NULL
6320,29676,60L022TXL,BC Hydro,BC,British Columbia,1,ac,0.065,0.040,0.065,0.040,69,0.03,41,69,Tyax Lake JCT,BC_TXL_JCT,Tyax Lake,BC_TXL_DSS,NULL
6321,29677,60L023,BC Hydro,BC,British Columbia,1,ac,14.777,9.122,14.777,9.122,69,5.68,62,80,Stave Falls GS,BC_SFL_GSS,Haney,BC_HNY_DSS,NULL
6322,29678,60L025,BC Hydro,BC,British Columbia,1,ac,6.943,4.286,6.943,4.286,69,2.67,36,39,Murrin,BC_MUR_DSS,Sperling,BC_SPG_DSS,NULL
6323,29679,60L026,BC Hydro,BC,British Columbia,1,ac,7.605,4.695,7.605,4.695,69,2.92,62,80,Como Lake,BC_COK_DSS,Barnard,BC_BND_DSS,NULL
6324,29680,60L027,BC Hydro,BC,British Columbia,1,ac,7.967,4.918,7.967,4.918,69,3.06,76,81,Kidd #1,BC_KI1_DSS,Sperling,BC_SPG_DSS,NULL
6325,29681,60L028,BC Hydro,BC,British Columbia,1,ac,2.740,1.691,2.740,1.691,69,1.05,72,77,George Dickie,BC_GDK_DSS,Sperling,BC_SPG_DSS,NULL
6326,29682,60L029,BC Hydro,BC,British Columbia,1,ac,5.000,3.086,59.640,36.815,69,22.92,46,65,Cache Creek JCT,BC_CCW_JCT,Ashcroft JCT,BC_AFT_JCT,NULL
6327,29683,60L029,BC Hydro,BC,British Columbia,1,ac,15.000,9.259,59.640,36.815,69,22.92,46,65,Carquille,BC_CRQ_DSS,Cache Creek JCT,BC_CCW_JCT,NULL
6328,29684,60L029,BC Hydro,BC,British Columbia,1,ac,39.640,24.469,59.640,36.815,69,22.92,46,65,Ashcroft JCT,BC_AFT_JCT,Spences Bridge,BC_SBR_DSS,NULL
6329,29685,60L029AFT,BC Hydro,BC,British Columbia,1,ac,2.000,1.235,2.000,1.235,69,0.77,53,67,Ashcroft JCT,BC_AFT_JCT,Ashcroft,BC_AFT_DSS,NULL
6330,29686,60L029CCW,BC Hydro,BC,British Columbia,1,ac,0.500,0.309,0.500,0.309,69,0.19,53,67,Cache Creek JCT,BC_CCW_JCT,Cache Creek,BC_CCW_DSS,NULL
6331,29687,60L030,BC Hydro,BC,British Columbia,1,ac,5.080,3.136,5.080,3.136,69,1.95,72,77,Kidd #1,BC_KI1_DSS,George Dickie,BC_GDK_DSS,NULL
6332,29688,60L031,BC Hydro,BC,British Columbia,1,ac,1.000,0.617,7.320,4.519,69,2.81,53,55,Tree Island Industries JCT,BC_TII_JCT,Annacis Island JCT,BC_ANN_JCT,NULL
6333,29689,60L031,BC Hydro,BC,British Columbia,1,ac,1.500,0.926,7.320,4.519,69,2.81,87,101,Annacis Island JCT,BC_ANN_JCT,Annacis Island Wastewater Treatment Plant JCT,BC_AWT_JCT,NULL
6334,29690,60L031,BC Hydro,BC,British Columbia,1,ac,3.320,2.049,7.320,4.519,69,2.81,87,101,Annacis Island Wastewater Treatment Plant JCT,BC_AWT_JCT,Ingledow,BC_ING_DSS,NULL
6335,29691,60L031,BC Hydro,BC,British Columbia,1,ac,1.500,0.926,7.320,4.519,69,2.81,54,56,Big Bend,BC_BBS_DSS,Tree Island Industries JCT,BC_TII_JCT,NULL
6336,29692,60L031ANN,BC Hydro,BC,British Columbia,1,ac,0.031,0.019,0.031,0.019,69,0.01,36,39,Annacis Island JCT,BC_ANN_JCT,Annacis Island,BC_ANN_DSS,NULL
6337,29693,60L031AWT,BC Hydro,BC,British Columbia,1,ac,1.559,0.962,1.559,0.962,69,0.60,54,65,Annacis Island Wastewater Treatment Plant JCT,BC_AWT_JCT,Annacis Island Wastewater Treatment Plant,BC_AWT_ISS,NULL
6338,29694,60L031IPM,BC Hydro,BC,British Columbia,1,ac,0.880,0.543,0.880,0.543,69,0.34,87,101,Annacis Island Wastewater Treatment Plant JCT,BC_AWT_JCT,Island Paper Mill,BC_IPM_ISS,NULL
6339,29695,60L031TII,BC Hydro,BC,British Columbia,1,ac,1.501,0.927,1.501,0.927,69,0.58,54,56,Tree Island Industries JCT,BC_TII_JCT,Tree Island Industries,BC_TII_DSS,NULL
6340,29696,60L032,BC Hydro,BC,British Columbia,1,ac,8.430,5.204,9.430,5.821,69,3.62,69,74,Westcoast Cellufibre JCT,BC_WCF_JCT,Big Bend,BC_BBS_DSS,NULL
6341,29697,60L032,BC Hydro,BC,British Columbia,1,ac,1.000,0.617,9.430,5.821,69,3.62,81,104,Kidd #1,BC_KI1_DSS,Westcoast Cellufibre JCT,BC_WCF_JCT,NULL
6342,29698,60L032WCF,BC Hydro,BC,British Columbia,1,ac,0.027,0.016,0.027,0.016,69,0.01,36,39,Westcoast Cellufibre JCT,BC_WCF_JCT,Westcoast Cellufibre,BC_WCF_ISS,NULL
6343,29699,60L033,BC Hydro,BC,British Columbia,1,ac,0.012,0.007,0.012,0.007,69,0.00,81,103,Sea Island,BC_SEA_DSS,Vancouver International Airport,BC_YVR_ISS,NULL
6344,29700,60L035,BC Hydro,BC,British Columbia,1,ac,7.615,4.701,10.400,6.420,69,4.00,81,103,Newell,BC_NEL_DSS,Barnard,BC_BND_DSS,NULL
6345,29701,60L035,BC Hydro,BC,British Columbia,1,ac,2.785,1.719,10.400,6.420,69,4.00,91,110,Newell,BC_NEL_DSS,New Westminster,BC_NWR_DSS,NULL
6346,29702,60L036,BC Hydro,BC,British Columbia,1,ac,7.642,4.717,7.642,4.717,69,2.94,68,87,Newell,BC_NEL_DSS,Barnard,BC_BND_DSS,NULL
6347,29703,60L037,BC Hydro,BC,British Columbia,1,ac,0.728,0.449,0.728,0.449,69,0.28,94,113,Kidd #2,BC_KI2_DSS,Kidd #1,BC_KI2_DSS,NULL
6348,29704,60L038,BC Hydro,BC,British Columbia,1,ac,0.723,0.446,0.723,0.446,69,0.28,94,113,Kidd #2,BC_KI2_DSS,Kidd #1,BC_KI1_DSS,NULL
6349,29705,60L039,BC Hydro,BC,British Columbia,1,ac,4.000,2.469,9.040,5.580,69,3.47,79,101,Bingham JCT,BC_BMP_JCT,Barnard,BC_BND_DSS,NULL
6350,29706,60L039,BC Hydro,BC,British Columbia,1,ac,1.000,0.617,9.040,5.580,69,3.47,81,104,Lougheed JCT,BC_LOH_JCT,Bingham JCT,BC_BMP_JCT,NULL
6351,29707,60L039,BC Hydro,BC,British Columbia,1,ac,4.040,2.494,9.040,5.580,69,3.47,81,104,Horne Payne,BC_HPN_DSS,Lougheed JCT,BC_LOH_JCT,NULL
6352,29708,60L039BMP,BC Hydro,BC,British Columbia,1,ac,1.740,1.074,1.740,1.074,69,0.67,47,60,Bingham JCT,BC_BMP_JCT,Bingham,BC_BMP_DSS,NULL
6353,29709,60L039LOH,BC Hydro,BC,British Columbia,1,ac,0.040,0.025,0.040,0.025,69,0.02,36,39,Lougheed JCT,BC_LOH_JCT,Lougheed,BC_LOH_DSS,NULL
6354,29710,60L040,BC Hydro,BC,British Columbia,1,ac,5.000,3.086,9.010,5.562,69,3.46,79,101,Lougheed JCT,BC_LOH_JCT,Barnard,BC_BND_DSS,NULL
6355,29711,60L040,BC Hydro,BC,British Columbia,1,ac,4.010,2.475,9.010,5.562,69,3.46,81,104,Horne Payne,BC_HPN_DSS,Lougheed JCT,BC_LOH_JCT,NULL
6356,29712,60L040LOH,BC Hydro,BC,British Columbia,1,ac,0.010,0.006,0.010,0.006,69,0.00,36,39,Lougheed JCT,BC_LOH_JCT,Lougheed,BC_LOH_DSS,NULL
6357,29713,60L041,BC Hydro,BC,British Columbia,1,ac,3.136,1.936,3.136,1.936,69,1.21,18,18,Kidd #1,BC_KI1_DSS,Richmond Steel Recycling,BC_RSR_ISS,NULL
6358,29714,60L042,BC Hydro,BC,British Columbia,1,ac,12.807,7.906,12.807,7.906,69,4.92,47,60,Kidd #2,BC_KI2_DSS,Lafarge #1,BC_LF1_ISS,NULL
6359,29715,60L043,BC Hydro,BC,British Columbia,1,ac,3.950,2.438,4.950,3.056,69,1.90,81,104,Sea Island JCT,BC_SEA_JCT,Richmond,BC_RIM_DSS,NULL
6360,29716,60L043,BC Hydro,BC,British Columbia,1,ac,1.000,0.617,4.950,3.056,69,1.90,125,162,Kidd #2,BC_KI2_DSS,Sea Island JCT,BC_SEA_JCT,NULL
6361,29717,60L043SEA,BC Hydro,BC,British Columbia,1,ac,2.756,1.701,2.756,1.701,69,1.06,65,71,Sea Island JCT,BC_SEA_JCT,Sea Island,BC_SEA_DSS,NULL
6362,29718,60L044,BC Hydro,BC,British Columbia,1,ac,3.950,2.438,4.950,3.056,69,1.90,81,104,Sea Island JCT,BC_SEA_JCT,Richmond,BC_RIM_DSS,NULL
6363,29719,60L044,BC Hydro,BC,British Columbia,1,ac,1.000,0.617,4.950,3.056,69,1.90,125,162,Kidd #2,BC_KI2_DSS,Sea Island JCT,BC_SEA_JCT,NULL
6364,29720,60L044SEA,BC Hydro,BC,British Columbia,1,ac,2.610,1.611,2.610,1.611,69,1.00,65,71,Sea Island JCT,BC_SEA_JCT,Sea Island,BC_SEA_DSS,NULL
6365,29721,60L045,BC Hydro,BC,British Columbia,1,ac,0.729,0.450,0.729,0.450,69,0.28,94,113,Kidd #2,BC_KI2_DSS,Kidd #1,BC_KI1_DSS,NULL
6366,29722,60L046,BC Hydro,BC,British Columbia,1,ac,0.719,0.444,0.719,0.444,69,0.28,94,113,Kidd #2,BC_KI2_DSS,Kidd #1,BC_KI1_DSS,NULL
6367,29723,60L047,BC Hydro,BC,British Columbia,1,ac,2.040,1.259,32.040,19.778,69,12.31,79,101,Sumas Way JCT,BC_SMW_JCT,Abbotsford,BC_ABB_DSS,NULL
6368,29724,60L047,BC Hydro,BC,British Columbia,1,ac,20.000,12.346,32.040,19.778,69,12.31,79,101,Trans Mountain JCT,BC_TMO_JCT,Sumas Way JCT,BC_SMW_JCT,NULL
6369,29725,60L047,BC Hydro,BC,British Columbia,1,ac,10.000,6.173,32.040,19.778,69,12.31,97,128,Atchelitz,BC_ALZ_DSS,Trans Mountain JCT,BC_TMO_JCT,NULL
6370,29726,60L047SMW,BC Hydro,BC,British Columbia,1,ac,0.036,0.022,0.036,0.022,69,0.01,36,39,Sumas Way JCT,BC_SMW_JCT,Sumas Way,BC_SMW_DSS,NULL
6371,29727,60L047TMO,BC Hydro,BC,British Columbia,1,ac,6.791,4.192,6.791,4.192,69,2.61,47,60,Trans Mountain JCT,BC_TMO_JCT,Trans Mountain,BC_TMO_DSS,NULL
6372,29728,60L048,BC Hydro,BC,British Columbia,1,ac,2.040,1.259,32.040,19.778,69,12.31,81,103,Sumas Way JCT,BC_SMW_JCT,Abbotsford,BC_ABB_DSS,NULL
6373,29729,60L048,BC Hydro,BC,British Columbia,1,ac,20.000,12.346,32.040,19.778,69,12.31,81,103,Trans Mountain JCT,BC_TMO_JCT,Sumas Way JCT,BC_SMW_JCT,NULL
6374,29730,60L048,BC Hydro,BC,British Columbia,1,ac,10.000,6.173,32.040,19.778,69,12.31,97,128,Atchelitz,BC_ALZ_DSS,Trans Mountain JCT,BC_TMO_JCT,NULL
6375,29731,60L048SMW,BC Hydro,BC,British Columbia,1,ac,0.068,0.042,0.068,0.042,69,0.03,36,39,Sumas Way JCT,BC_SMW_JCT,Sumas Way,BC_SMW_DSS,NULL
6376,29732,60L048TMO,BC Hydro,BC,British Columbia,1,ac,6.791,4.192,6.791,4.192,69,2.61,36,39,Trans Mountain JCT,BC_TMO_JCT,Trans Mountain,BC_TMO_DSS,NULL
6377,29733,60L050,BC Hydro,BC,British Columbia,1,ac,2.423,1.495,2.423,1.495,69,0.93,48,52,Murrin,BC_MUR_DSS,Dal Grauer,BC_DGR_DSS,NULL
6378,29734,60L051,BC Hydro,BC,British Columbia,1,ac,2.456,1.516,2.456,1.516,69,0.94,48,52,Murrin,BC_MUR_DSS,Dal Grauer,BC_DGR_DSS,NULL
6379,29735,60L052,BC Hydro,BC,British Columbia,1,ac,2.606,1.609,2.606,1.609,69,1.00,48,52,Murrin,BC_MUR_DSS,Dal Grauer,BC_DGR_DSS,NULL
6380,29736,60L053,BC Hydro,BC,British Columbia,1,ac,2.459,1.518,2.459,1.518,69,0.94,48,52,Murrin,BC_MUR_DSS,Dal Grauer,BC_DGR_DSS,NULL
6381,29737,60L054,BC Hydro,BC,British Columbia,1,ac,0.680,0.420,2.680,1.654,69,1.03,47,60,Simon Fraser University JCT,BC_SFU_JCT,Petro Canada Products,BC_PCP_ISS,NULL
6382,29738,60L054,BC Hydro,BC,British Columbia,1,ac,2.000,1.235,2.680,1.654,69,1.03,43,55,Barnard,BC_BND_DSS,Simon Fraser University JCT,BC_SFU_JCT,NULL
6383,29739,60L054SFU,BC Hydro,BC,British Columbia,1,ac,1.476,0.911,1.476,0.911,69,0.57,54,65,Simon Fraser University JCT,BC_SFU_JCT,Simon Fraser University,BC_SFU_DSS,NULL
6384,29740,60L055,BC Hydro,BC,British Columbia,1,ac,18.705,11.546,18.705,11.546,69,7.19,56,64,Jamie Creek GS,BC_JME_GSS,Lajoie GS,BC_LAJ_GSS,NULL
6385,29741,60L056,BC Hydro,BC,British Columbia,1,ac,8.410,5.191,8.410,5.191,69,3.23,63,66,Sperling,BC_SPG_DSS,University of BC,BC_UNY_DSS,NULL
6386,29742,60L057,BC Hydro,BC,British Columbia,1,ac,2.000,1.235,5.950,3.673,69,2.29,72,77,Sperling,BC_SPG_DSS,Camosun,BC_CSN_DSS,NULL
6387,29743,60L057,BC Hydro,BC,British Columbia,1,ac,2.000,1.235,5.950,3.673,69,2.29,91,109,Camosun,BC_CSN_DSS,South Campus JCT,BC_UNS_JCT,NULL
6388,29744,60L057,BC Hydro,BC,British Columbia,1,ac,1.950,1.204,5.950,3.673,69,2.29,50,53,South Campus JCT,BC_UNS_JCT,University of BC,BC_UNY_DSS,NULL
6389,29745,60L057UNS,BC Hydro,BC,British Columbia,1,ac,0.412,0.254,0.412,0.254,69,0.16,47,60,South Campus JCT,BC_UNS_JCT,South Campus,BC_UNS_DSS,NULL
6390,29746,60L058,BC Hydro,BC,British Columbia,1,ac,4.000,2.469,8.000,4.938,69,3.07,79,101,Tsawassen JCT,BC_TSW_JCT,Delta Port Terminal JCT,BC_DPT_JCT,NULL
6391,29747,60L058,BC Hydro,BC,British Columbia,1,ac,4.000,2.469,8.000,4.938,69,3.07,79,101,Arnott,BC_ARN_DSS,Tsawassen JCT,BC_TSW_JCT,NULL
6392,29748,60L058DPT,BC Hydro,BC,British Columbia,1,ac,1.000,0.617,1.000,0.617,69,0.38,63,66,Delta Port Terminal JCT,BC_DPT_JCT,Delta Port Terminal,BC_DPT_DSS,NULL
6393,29749,60L058TSW,BC Hydro,BC,British Columbia,1,ac,2.000,1.235,2.000,1.235,69,0.77,79,101,Tsawassen JCT,BC_TSW_JCT,Tsawassen,BC_TSW_DSS,NULL
6394,29750,60L058WTL,BC Hydro,BC,British Columbia,1,ac,1.204,0.743,1.204,0.743,69,0.46,79,101,Delta Port Terminal JCT,BC_DPT_JCT,Westshore Terminals,BC_WTL_ISS,NULL
6395,29751,60L059,BC Hydro,BC,British Columbia,1,ac,6.000,3.704,17.750,10.957,69,6.82,91,109,Canadian Auto Parts Toyota JCT,BC_CAN_JCT,Arnott,BC_ARN_DSS,NULL
6396,29752,60L059,BC Hydro,BC,British Columbia,1,ac,0.400,0.247,17.750,10.957,69,6.82,91,109,Tilbury JCT,BC_TLB_JCT,Canadian Auto Parts Toyota JCT,BC_CAN_JCT,NULL
6397,29753,60L059,BC Hydro,BC,British Columbia,1,ac,4.000,2.469,17.750,10.957,69,6.82,79,101,Tsawassen JCT,BC_TSW_JCT,Delta Port Terminal JCT,BC_DPT_JCT,NULL
6398,29754,60L059,BC Hydro,BC,British Columbia,1,ac,0.500,0.309,17.750,10.957,69,6.82,47,60,Lantic Real Property JCT,BC_LRP_JCT,Lehigh Heidelberg JCT,BC_LNH_JCT,NULL
6399,29755,60L059,BC Hydro,BC,British Columbia,1,ac,1.100,0.679,17.750,10.957,69,6.82,91,109,Lehigh Heidelberg JCT,BC_LNH_JCT,Tilbury JCT,BC_TLB_JCT,NULL
6400,29756,60L059,BC Hydro,BC,British Columbia,1,ac,5.750,3.549,17.750,10.957,69,6.82,79,101,Arnott,BC_ARN_DSS,Tsawassen JCT,BC_TSW_JCT,NULL
6401,29757,60L059BCI,BC Hydro,BC,British Columbia,1,ac,0.400,0.247,0.400,0.247,69,0.15,47,60,Buckeye,BC_BCI_ISS,Lantic Real Property JCT,BC_LRP_JCT,NULL
6402,29758,60L059CAN,BC Hydro,BC,British Columbia,1,ac,0.010,0.006,0.010,0.006,69,0.00,91,109,Canadian Auto Parts Toyota JCT,BC_CAN_JCT,Canadian Auto Parts Toyota,BC_CAN_ISS,NULL
6403,29759,60L059LNH,BC Hydro,BC,British Columbia,1,ac,0.200,0.123,0.200,0.123,69,0.08,47,60,Lehigh Heidelberg JCT,BC_LNH_JCT,Lehigh Heidelberg,BC_LNH_ISS,NULL
6404,29760,60L059LRP,BC Hydro,BC,British Columbia,1,ac,0.020,0.012,0.020,0.012,69,0.01,47,60,Lantic Real Property JCT,BC_LRP_JCT,Lantic Real Property,BC_LRP_ISS,NULL
6405,29761,60L059TLB,BC Hydro,BC,British Columbia,1,ac,0.500,0.309,0.500,0.309,69,0.19,91,109,Tilbury JCT,BC_TLB_JCT,Tilbury,BC_TLB_ISS,NULL
6406,29762,60L059TSW,BC Hydro,BC,British Columbia,1,ac,3.000,1.852,3.000,1.852,69,1.15,79,101,Tsawassen JCT,BC_TSW_JCT,Tsawassen,BC_TSW_DSS,NULL
6407,29763,60L060,BC Hydro,BC,British Columbia,1,ac,4.166,2.572,4.166,2.572,69,1.60,79,95,Newell,BC_NEL_DSS,New Westminster,BC_NWR_DSS,NULL
6408,29764,60L061,BC Hydro,BC,British Columbia,1,ac,3.111,1.920,3.111,1.920,69,1.20,91,110,Walters,BC_WLT_DSS,North Vancouver,BC_NVR_DSS,NULL
6409,29765,60L062,BC Hydro,BC,British Columbia,1,ac,2.390,1.475,3.390,2.093,69,1.30,91,110,Walters,BC_WLT_DSS,Neptune Bulk Terminal JCT,BC_LCS_JCT,NULL
6410,29766,60L062,BC Hydro,BC,British Columbia,1,ac,0.500,0.309,3.390,2.093,69,1.30,91,110,Saskatchewan Wheat Pool JCT,BC_SWP_JCT,North Vancouver,BC_NVR_DSS,NULL
6411,29767,60L062,BC Hydro,BC,British Columbia,1,ac,0.500,0.309,3.390,2.093,69,1.30,91,110,Neptune Bulk Terminal JCT,BC_LCS_JCT,Saskatchewan Wheat Pool JCT,BC_SWP_JCT,NULL
6412,29768,60L062LCS,BC Hydro,BC,British Columbia,1,ac,0.121,0.075,0.121,0.075,69,0.05,53,65,Neptune Bulk Terminal JCT,BC_LCS_JCT,Neptune Bulk Terminal,BC_LCS_ISS,NULL
6413,29769,60L062SWP,BC Hydro,BC,British Columbia,1,ac,0.426,0.263,0.426,0.263,69,0.16,79,101,Saskatchewan Wheat Pool JCT,BC_SWP_JCT,Saskatchewan Wheat Pool,BC_SWP_ISS,NULL
6414,29770,60L063,BC Hydro,BC,British Columbia,1,ac,1.000,0.617,4.880,3.012,69,1.88,94,113,North Vancouver,BC_NVR_DSS,James Richardson JCT,BC_JRI_JCT,NULL
6415,29771,60L063,BC Hydro,BC,British Columbia,1,ac,1.000,0.617,4.880,3.012,69,1.88,94,113,Vancouver Shipyards JCT,BC_VSY_JCT,Northgate,BC_NOR_DSS,NULL
6416,29772,60L063,BC Hydro,BC,British Columbia,1,ac,1.000,0.617,4.880,3.012,69,1.88,94,113,James Richardson JCT,BC_JRI_JCT,Vancouver Dry Dock JCT,BC_VDK_JCT,NULL
6417,29773,60L063,BC Hydro,BC,British Columbia,1,ac,1.880,1.160,4.880,3.012,69,1.88,94,113,Vancouver Dry Dock JCT,BC_VDK_JCT,Vancouver Shipyards JCT,BC_VSY_JCT,NULL
6418,29774,60L063JRI,BC Hydro,BC,British Columbia,1,ac,0.418,0.258,0.418,0.258,69,0.16,54,63,James Richardson JCT,BC_JRI_JCT,James Richardson,BC_JRI_DSS,NULL
6419,29775,60L063VDK,BC Hydro,BC,British Columbia,1,ac,0.388,0.240,0.388,0.240,69,0.15,36,39,Vancouver Dry Dock JCT,BC_VDK_JCT,Vancouver Dry Dock,BC_VDK_ISS,NULL
6420,29776,60L063VSY,BC Hydro,BC,British Columbia,1,ac,0.098,0.060,0.098,0.060,69,0.04,36,39,Vancouver Shipyards JCT,BC_VSY_JCT,Vancouver Shipyards,BC_VSY _ISS,NULL
6421,29777,60L064,BC Hydro,BC,British Columbia,1,ac,8.853,5.465,8.853,5.465,69,3.40,84,104,Capilano,BC_CAP_DSS,Walters,BC_WLT_DSS,NULL
6422,29778,60L065,BC Hydro,BC,British Columbia,1,ac,2.000,1.235,7.540,4.654,69,2.90,118,162,Hillcrest JCT,BC_HCT_JCT,Cypress,BC_CYP_DSS,NULL
6423,29779,60L065,BC Hydro,BC,British Columbia,1,ac,5.540,3.420,7.540,4.654,69,2.90,79,101,John Lawson,BC_JLN_DSS,Hillcrest JCT,BC_HCT_JCT,NULL
6424,29780,60L065HCT,BC Hydro,BC,British Columbia,1,ac,0.017,0.011,0.017,0.011,69,0.01,36,39,Hillcrest JCT,BC_HCT_JCT,Hillcrest,BC_HCT_DSS,NULL
6425,29781,60L066,BC Hydro,BC,British Columbia,1,ac,4.784,2.953,9.567,5.906,69,3.68,79,101,Capilano,BC_CAP_DSS,Capilano Pumps JCT,BC_CPS_JCT,NULL
6426,29782,60L066,BC Hydro,BC,British Columbia,1,ac,4.784,2.953,9.567,5.906,69,3.68,79,101,Capilano Pumps JCT,BC_CPS_JCT,Glenmore BCH,BC_GLR_DSS,NULL
6427,29783,60L066CPS,BC Hydro,BC,British Columbia,1,ac,0.510,0.315,0.510,0.315,69,0.20,58,61,Capilano Pumps JCT,BC_CPS_JCT,Capilano Pumps,BC_CPS_DSS,NULL
6428,29784,60L067,BC Hydro,BC,British Columbia,1,ac,5.790,3.574,11.581,7.149,69,4.45,79,95,Newell,BC_NEL_DSS,Kruger Products JCT,BC_SCP_JCT,NULL
6429,29785,60L067,BC Hydro,BC,British Columbia,1,ac,5.790,3.574,11.581,7.149,69,4.45,91,110,Kruger Products JCT,BC_SCP_JCT,Royal 2,BC_RO2_DSS,NULL
6430,29786,60L067SCP,BC Hydro,BC,British Columbia,1,ac,0.038,0.023,0.038,0.023,69,0.01,36,39,Kruger Products JCT,BC_SCP_JCT,Kruger Products,BC_SCP_ISS,NULL
6431,29787,60L068,BC Hydro,BC,British Columbia,1,ac,6.490,4.006,11.490,7.093,69,4.42,91,110,Cheekye,BC_CKY_DSS,Mamquam JCT,BC_MAM_JCT,NULL
6432,29788,60L068,BC Hydro,BC,British Columbia,1,ac,3.000,1.852,11.490,7.093,69,4.42,47,60,Upper Mamquam JCT,BC_UMH_JCT,Squamish,BC_SQH_DSS,NULL
6433,29789,60L068,BC Hydro,BC,British Columbia,1,ac,2.000,1.235,11.490,7.093,69,4.42,91,110,Mamquam JCT,BC_MAM_JCT,Upper Mamquam JCT,BC_UMH_JCT,NULL
6434,29790,60L069,BC Hydro,BC,British Columbia,1,ac,14.500,8.951,44.500,27.469,69,17.10,91,110,Squamish,BC_SQH_DSS,Britannia JCT,BC_BTA_JCT,NULL
6435,29791,60L069,BC Hydro,BC,British Columbia,1,ac,1.000,0.617,44.500,27.469,69,17.10,54,65,Furry Creek JCT,BC_FRC_JCT,Furry Creek GS JCT,BC_FRI_JCT,NULL
6436,29792,60L069,BC Hydro,BC,British Columbia,1,ac,4.000,2.469,44.500,27.469,69,17.10,91,110,Britannia JCT,BC_BTA_JCT,Furry Creek JCT,BC_FRC_JCT,NULL
6437,29793,60L069,BC Hydro,BC,British Columbia,1,ac,15.000,9.259,44.500,27.469,69,17.10,54,65,Lions Bay JCT,BC_LBY_JCT,Horsheshoe Bay,BC_HSB_DSS,NULL
6438,29794,60L069,BC Hydro,BC,British Columbia,1,ac,7.000,4.321,44.500,27.469,69,17.10,54,65,Porteau Cove JCT,BC_PTO_JCT,Lions Bay JCT,BC_LBY_JCT,NULL
6439,29795,60L069,BC Hydro,BC,British Columbia,1,ac,3.000,1.852,44.500,27.469,69,17.10,54,65,Furry Creek GS JCT,BC_FRI_JCT,Porteau Cove JCT,BC_PTO_JCT,NULL
6440,29796,60L069BTA,BC Hydro,BC,British Columbia,1,ac,0.176,0.109,0.176,0.109,69,0.07,46,55,Britannia JCT,BC_BTA_JCT,Britannia,BC_BTA_DSS,NULL
6441,29797,60L069FRC,BC Hydro,BC,British Columbia,1,ac,0.048,0.030,0.048,0.030,69,0.02,36,39,Furry Creek JCT,BC_FRC_JCT,Furry Creek,BC_FRC_DSS,NULL
6442,29798,60L069FRI,BC Hydro,BC,British Columbia,1,ac,0.048,0.030,0.048,0.030,69,0.02,29,48,Furry Creek GS JCT,BC_FRI_JCT,Furry Creek GS,BC_FRI_GSS,NULL
6443,29799,60L069LBY,BC Hydro,BC,British Columbia,1,ac,0.026,0.016,0.026,0.016,69,0.01,36,39,Lions Bay JCT,BC_LBY_JCT,Lions Bay,BC_LBY_DSS,NULL
6444,29800,60L069PTO,BC Hydro,BC,British Columbia,1,ac,0.014,0.008,0.014,0.008,69,0.01,36,39,Porteau Cove JCT,BC_PTO_JCT,Porteau Cove,BC_PTO_DSS,NULL
6445,29801,60L070,BC Hydro,BC,British Columbia,1,ac,7.020,4.333,12.020,7.420,69,4.62,79,101,Cheekye,BC_CKY_DSS,Mamquam JCT,BC_MAM_JCT,NULL
6446,29802,60L070,BC Hydro,BC,British Columbia,1,ac,3.000,1.852,12.020,7.420,69,4.62,47,60,Upper Mamquam JCT,BC_UMH_JCT,Squamish,BC_SQH_DSS,NULL
6447,29803,60L070,BC Hydro,BC,British Columbia,1,ac,2.000,1.235,12.020,7.420,69,4.62,79,101,Mamquam JCT,BC_MAM_JCT,Upper Mamquam JCT,BC_UMH_JCT,NULL
6448,29804,60L071,BC Hydro,BC,British Columbia,1,ac,4.300,2.654,7.320,4.519,69,2.81,87,101,Big Bend,BC_BBS_DSS,Annacis Island JCT,BC_ANN_JCT,NULL
6449,29805,60L071,BC Hydro,BC,British Columbia,1,ac,0.200,0.123,7.320,4.519,69,2.81,87,101,Annacis Island JCT,BC_ANN_JCT,Annacis Island Wastewater Treatment Plant JCT,BC_AWT_JCT,NULL
6450,29806,60L071,BC Hydro,BC,British Columbia,1,ac,2.820,1.741,7.320,4.519,69,2.81,87,101,Annacis Island Wastewater Treatment Plant JCT,BC_AWT_JCT,Ingledow,BC_ING_DSS,NULL
6451,29807,60L071ANN,BC Hydro,BC,British Columbia,1,ac,0.054,0.034,0.054,0.034,69,0.02,87,101,Annacis Island JCT,BC_ANN_JCT,Annacis Island,BC_ANN_DSS,NULL
6452,29808,60L071AWT,BC Hydro,BC,British Columbia,1,ac,1.547,0.955,1.547,0.955,69,0.59,54,65,Annacis Island Wastewater Treatment Plant JCT,BC_AWT_JCT,Annacis Island Wastewater Treatment Plant,BC_AWT_ISS,NULL
6453,29809,60L072,BC Hydro,BC,British Columbia,1,ac,1.000,0.617,1.000,0.617,69,0.38,47,80,Mamquam JCT,BC_MAM_JCT,Mamquam GS,BC_MAM_GSS,NULL
6454,29810,60L073,BC Hydro,BC,British Columbia,1,ac,6.040,3.728,19.040,11.753,69,7.32,113,140,Ingledow,BC_ING_DSS,Surrey JCT,BC_SRY_JCT,NULL
6455,29811,60L073,BC Hydro,BC,British Columbia,1,ac,13.000,8.025,19.040,11.753,69,7.32,98,103,Surrey JCT,BC_SRY_JCT,White Rock,BC_WRK_DSS,NULL
6456,29812,60L073SRY,BC Hydro,BC,British Columbia,1,ac,2.456,1.516,2.456,1.516,69,0.94,23,31,Surrey JCT,BC_SRY_JCT,Surrey,BC_SRY_DSS,NULL
6457,29813,60L074,BC Hydro,BC,British Columbia,1,ac,9.000,5.556,15.040,9.284,69,5.78,91,110,Surrey JCT,BC_SRY_JCT,Nicomekl JCT,BC_NKL_JCT,NULL
6458,29814,60L074,BC Hydro,BC,British Columbia,1,ac,6.040,3.728,15.040,9.284,69,5.78,113,140,Ingledow,BC_ING_DSS,Surrey JCT,BC_SRY_JCT,NULL
6459,29815,60L074NKL,BC Hydro,BC,British Columbia,1,ac,0.026,0.016,0.026,0.016,69,0.01,86,109,Nicomekl JCT,BC_NKL_JCT,Nicomekl,BC_NKL_DSS,NULL
6460,29816,60L074SRY,BC Hydro,BC,British Columbia,1,ac,2.446,1.510,2.446,1.510,69,0.94,23,31,Surrey JCT,BC_SRY_JCT,Surrey,BC_SRY_DSS,NULL
6461,29817,60L075,BC Hydro,BC,British Columbia,1,ac,1.960,1.210,1.960,1.210,69,0.75,47,60,Chevron,BC_CVN_ISS,Shelburn,BC_SHL_DSS,NULL
6462,29818,60L076,BC Hydro,BC,British Columbia,1,ac,6.172,3.810,6.172,3.810,69,2.37,43,55,Horne Payne,BC_HPN_DSS,Chevron,BC_CVN_ISS,NULL
6463,29819,60L077,BC Hydro,BC,British Columbia,1,ac,3.225,1.991,3.225,1.991,69,1.24,79,101,New Westminster,BC_NWR_DSS,Royal 2,BC_RO2_DSS,NULL
6464,29820,60L078,BC Hydro,BC,British Columbia,1,ac,1.000,0.617,1.000,0.617,69,0.38,47,80,Upper Mamquam JCT,BC_UMH_JCT,Upper Mamquam GS,BC_UMH_GSS,NULL
6465,29821,60L079,BC Hydro,BC,British Columbia,1,ac,13.000,8.025,18.010,11.117,69,6.92,79,95,Scott JCT,BC_SCT_JCT,Harvie Road JCT,BC_HRD_JCT,NULL
6466,29822,60L079,BC Hydro,BC,British Columbia,1,ac,4.010,2.475,18.010,11.117,69,6.92,79,95,Harvie Road JCT,BC_HRD_JCT,Port Kells JCT,BC_PKL_JCT,NULL
6467,29823,60L079,BC Hydro,BC,British Columbia,1,ac,1.000,0.617,18.010,11.117,69,6.92,115,139,Ingledow,BC_ING_DSS,Scott JCT,BC_SCT_JCT,NULL
6468,29824,60L079HRD,BC Hydro,BC,British Columbia,1,ac,1.000,0.617,1.000,0.617,69,0.38,36,39,Harvie Road JCT,BC_HRD_JCT,Harvie Road,BC_HRD_DSS,NULL
6469,29825,60L079SCT,BC Hydro,BC,British Columbia,1,ac,2.980,1.840,2.980,1.840,69,1.15,36,39,Scott JCT,BC_SCT_JCT,Scott,BC_SCT_DSS,NULL
6470,29826,60L080,BC Hydro,BC,British Columbia,1,ac,2.000,1.235,18.920,11.679,69,7.27,79,95,Port Kells Pumping JCT,BC_PKP_JCT,Port Kells JCT,BC_PKL_JCT,NULL
6471,29827,60L080,BC Hydro,BC,British Columbia,1,ac,15.920,9.827,18.920,11.679,69,7.27,79,95,Scott JCT,BC_SCT_JCT,Port Kells Pumping JCT,BC_PKP_JCT,NULL
6472,29828,60L080,BC Hydro,BC,British Columbia,1,ac,1.000,0.617,18.920,11.679,69,7.27,115,139,Ingledow,BC_ING_DSS,Scott JCT,BC_SCT_JCT,NULL
6473,29829,60L080PKP,BC Hydro,BC,British Columbia,1,ac,0.368,0.227,0.368,0.227,69,0.14,36,39,Port Kells Pumping JCT,BC_PKP_JCT,Port Kells Pumping,BC_PKP_DSS,NULL
6474,29830,60L080SCT,BC Hydro,BC,British Columbia,1,ac,3.013,1.860,3.013,1.860,69,1.16,36,39,Scott JCT,BC_SCT_JCT,Scott,BC_SCT_DSS,NULL
6475,29831,60L082,BC Hydro,BC,British Columbia,1,ac,8.881,5.482,8.881,5.482,69,3.41,79,95,Ruskin GS,BC_RUS_GSS,Silverdale,BC_SVD_DSS,NULL
6476,29832,60L083,BC Hydro,BC,British Columbia,1,ac,8.891,5.488,8.891,5.488,69,3.42,68,88,Keating,BC_KTG_DSS,Sidney,BC_SNY_DSS,NULL
6477,29833,60L085,BC Hydro,BC,British Columbia,1,ac,9.415,5.812,9.415,5.812,69,3.62,81,104,Kidd #1,BC_KI1_DSS,Big Bend,BC_BBS_DSS,NULL
6478,29834,60L087,BC Hydro,BC,British Columbia,1,ac,8.874,5.478,8.874,5.478,69,3.41,69,88,Keating,BC_KTG_DSS,Sidney,BC_SNY_DSS,NULL
6479,29835,60L089,BC Hydro,BC,British Columbia,1,ac,5.340,3.296,5.340,3.296,69,2.05,40,51,Cypress,BC_CYP_DSS,Horsheshoe Bay,BC_HSB_DSS,NULL
6480,29836,60L090,BC Hydro,BC,British Columbia,1,ac,0.450,0.278,3.580,2.210,69,1.38,146,177,Walters,BC_WLT_DSS,Canexus Corporation JCT,BC_NXC_JCT,NULL
6481,29837,60L090,BC Hydro,BC,British Columbia,1,ac,3.000,1.852,3.580,2.210,69,1.38,115,139,Canexus Corporation JCT,BC_NXC_JCT,Deep Cove,BC_DCV_DSS,NULL
6482,29838,60L090,BC Hydro,BC,British Columbia,1,ac,0.130,0.080,3.580,2.210,69,1.38,115,139,Erco Worldwide JCT,BC_ERW_JCT,Erco Worldwide,BC_ERW_ISS,NULL
6483,29839,60L090NXC,BC Hydro,BC,British Columbia,1,ac,0.150,0.093,0.950,0.586,69,0.37,115,139,Erco Worldwide JCT,BC_ERW_JCT,Canexus Corporation,BC_NXC_ISS,NULL
6484,29840,60L090NXC,BC Hydro,BC,British Columbia,1,ac,0.800,0.494,0.950,0.586,69,0.37,115,139,Canexus Corporation JCT,BC_NXC_JCT,Erco Worldwide JCT,BC_ERW_JCT,NULL
6485,29841,60L091,BC Hydro,BC,British Columbia,1,ac,2.110,1.303,2.110,1.303,69,0.81,91,109,Walters,BC_WLT_DSS,Canexus Corporation,BC_NXC_ISS,NULL
6486,29842,60L092,BC Hydro,BC,British Columbia,1,ac,3.942,2.433,3.942,2.433,69,1.51,79,101,Walters,BC_WLT_DSS,Deep Cove,BC_DCV_DSS,NULL
6487,29843,60L093,BC Hydro,BC,British Columbia,1,ac,3.000,1.852,8.700,5.370,69,3.34,79,101,Wahleach JCT,BC_WAH_JCT,Chilliwack,BC_CHK_DSS,NULL
6488,29844,60L093,BC Hydro,BC,British Columbia,1,ac,5.700,3.519,8.700,5.370,69,3.34,79,101,Atchelitz,BC_ALZ_DSS,Wahleach JCT,BC_WAH_JCT,NULL
6489,29845,60L093KEN,BC Hydro,BC,British Columbia,1,ac,10.712,6.613,10.712,6.613,69,4.12,47,60,Kent JCT,BC_KEN_JCT,Kent,BC_KEN_DSS,NULL
6490,29846,60L093WAH,BC Hydro,BC,British Columbia,1,ac,15.000,9.259,25.000,15.432,69,9.61,66,84,Wahleach JCT,BC_WAH_JCT,Kent JCT,BC_KEN_JCT,NULL
6491,29847,60L093WAH,BC Hydro,BC,British Columbia,1,ac,4.000,2.469,25.000,15.432,69,9.61,66,84,Wahleach Pumping Station JCT,BC_WHP_JCT,Wahleach GS,BC_WAH_GSS,NULL
6492,29848,60L093WAH,BC Hydro,BC,British Columbia,1,ac,6.000,3.704,25.000,15.432,69,9.61,66,84,Kent JCT,BC_KEN_JCT,Wahleach Pumping Station JCT,BC_WHP_JCT,NULL
6493,29849,60L093WHP,BC Hydro,BC,British Columbia,1,ac,0.425,0.262,0.425,0.262,69,0.16,36,39,Wahleach Pumping Station JCT,BC_WHP_JCT,Wahleach Pumping Station,BC_WHP_DSS,NULL
6494,29850,60L094,BC Hydro,BC,British Columbia,1,ac,8.686,5.362,8.686,5.362,69,3.34,79,101,Atchelitz,BC_ALZ_DSS,Chilliwack,BC_CHK_DSS,NULL
6495,29851,60L095,BC Hydro,BC,British Columbia,1,ac,1.000,0.617,28.650,17.685,69,11.01,79,101,Hope Pumping Station JCT,BC_HPS_JCT,Hope,BC_HOP_DSS,NULL
6496,29852,60L095,BC Hydro,BC,British Columbia,1,ac,27.650,17.068,28.650,17.685,69,11.01,79,101,Wahleach GS,BC_WAH_GSS,Hope Pumping Station JCT,BC_HPS_JCT,NULL
6497,29853,60L095HPS,BC Hydro,BC,British Columbia,1,ac,0.297,0.183,0.297,0.183,69,0.11,36,39,Hope Pumping Station JCT,BC_HPS_JCT,Hope Pumping Station,BC_HPS_DSS,NULL
6498,29854,60L097,BC Hydro,BC,British Columbia,1,ac,3.402,2.100,3.402,2.100,69,1.31,81,103,Northgate,BC_NOR_DSS,John Lawson,BC_JLN_DSS,NULL
6499,29855,60L098,BC Hydro,BC,British Columbia,1,ac,13.706,8.461,13.706,8.461,69,5.27,65,65,Culliton Creek GS,BC_CTN_GSS,Cheekye,BC_CKY_DSS,NULL
6500,29856,60L099,BC Hydro,BC,British Columbia,1,ac,7.396,4.566,14.793,9.131,69,5.68,79,101,Hillcrest JCT,BC_HCT_JCT,Glenmore BCH,BC_GLR_DSS,NULL
6501,29857,60L099,BC Hydro,BC,British Columbia,1,ac,7.396,4.566,14.793,9.131,69,5.68,120,155,Cypress,BC_CYP_DSS,Hillcrest JCT,BC_HCT_JCT,NULL
6502,29858,60L099HCT,BC Hydro,BC,British Columbia,1,ac,1.465,0.905,1.465,0.905,69,0.56,79,101,Hillcrest JCT,BC_HCT_JCT,Hillcrest,BC_HCT_DSS,NULL
6503,29859,60L100,BC Hydro,BC,British Columbia,1,ac,1.000,0.617,15.602,9.631,69,6.00,98,103,Nicomekl JCT,BC_NKL_JCT,Nicomekl,BC_NKL_DSS,NULL
6504,29860,60L100,BC Hydro,BC,British Columbia,1,ac,14.602,9.013,15.602,9.631,69,6.00,124,149,McLellan,BC_MLN_DSS,Nicomekl JCT,BC_NKL_JCT,NULL
6505,29861,60L107,BC Hydro,BC,British Columbia,1,ac,2.490,1.537,2.490,1.537,69,0.96,86,109,Nicomekl JCT,BC_NKL_JCT,White Rock,BC_WRK_DSS,NULL
6506,29862,60L128,BC Hydro,BC,British Columbia,1,ac,30.013,18.526,30.013,18.526,69,11.53,36,41,Prevost,BC_PVO_DSS,Lake Cowichan,BC_LCW_DSS,NULL
6507,29863,60L129,BC Hydro,BC,British Columbia,1,ac,6.000,3.704,79.380,49.000,69,30.50,54,65,Marion 3 Creek JCT,BC_M3C_JCT,Canoe Creek JCT,BC_CNK_JCT,NULL
6508,29864,60L129,BC Hydro,BC,British Columbia,1,ac,25.000,15.432,79.380,49.000,69,30.50,54,65,Great Central,BC_GCL_DSS,Doran Taylor JCT,BC_DTR_JCT,NULL
6509,29865,60L129,BC Hydro,BC,British Columbia,1,ac,6.000,3.704,79.380,49.000,69,30.50,54,65,Taylor River Rest Area JCT,BC_TRR_JCT,Haa-Ak-Suuk JCT,BC_HAS_JCT,NULL
6510,29866,60L129,BC Hydro,BC,British Columbia,1,ac,29.380,18.136,79.380,49.000,69,30.50,54,65,Canoe Creek JCT,BC_CNK_JCT,Long Beach,BC_LBH_DSS,NULL
6511,29867,60L129,BC Hydro,BC,British Columbia,1,ac,6.000,3.704,79.380,49.000,69,30.50,54,65,Haa-Ak-Suuk JCT,BC_HAS_JCT,Marion 3 Creek JCT,BC_M3C_JCT,NULL
6512,29868,60L129,BC Hydro,BC,British Columbia,1,ac,6.000,3.704,79.380,49.000,69,30.50,54,65,Doran Taylor JCT,BC_DTR_JCT,South Sutton JCT,BC_SSH_JCT,NULL
6513,29869,60L129,BC Hydro,BC,British Columbia,1,ac,1.000,0.617,79.380,49.000,69,30.50,54,65,South Sutton JCT,BC_SSH_JCT,Taylor River Rest Area JCT,BC_TRR_JCT,NULL
6514,29870,60L129CNK,BC Hydro,BC,British Columbia,1,ac,0.100,0.061,0.100,0.061,69,0.04,36,39,Canoe Creek JCT,BC_CNK_JCT,Canoe Creek GS,BC_CNK_GSS,NULL
6515,29871,60L129DTR,BC Hydro,BC,British Columbia,1,ac,0.036,0.022,0.036,0.022,69,0.01,36,39,Doran Taylor JCT,BC_DTR_JCT,Doran Taylor GS,BC_DTR_GSS,NULL
6516,29872,60L129HAS,BC Hydro,BC,British Columbia,1,ac,0.193,0.119,0.193,0.119,69,0.07,36,39,Haa-Ak-Suuk JCT,BC_HAS_JCT,Haa-Ak-Suuk GS,BC_HAS_GSS,NULL
6517,29873,60L129M3C,BC Hydro,BC,British Columbia,1,ac,0.169,0.105,0.169,0.105,69,0.07,36,39,Marion 3 Creek JCT,BC_M3C_JCT,Marion 3 Creek GS,BC_M3C_GSS,NULL
6518,29874,60L129SSH,BC Hydro,BC,British Columbia,1,ac,0.522,0.322,0.522,0.322,69,0.20,36,39,South Sutton JCT,BC_SSH_JCT,South Sutton GS,BC_SSH_GSS,NULL
6519,29875,60L129TRR,BC Hydro,BC,British Columbia,1,ac,0.015,0.009,0.015,0.009,69,0.01,36,39,Taylor River Rest Area JCT,BC_TRR_JCT,Taylor River Rest Area,BC_TRR_DSS,NULL
6520,29876,60L208,BC Hydro,BC,British Columbia,1,ac,8.040,4.963,68.040,42.000,69,26.15,25,45,Westwold JCT,BC_WWD_JCT,Monte Lake,BC_MTE_DSS,NULL
6521,29877,60L208,BC Hydro,BC,British Columbia,1,ac,60.000,37.037,68.040,42.000,69,26.15,25,45,Vernon TS,BC_VNT_TSS,Westwold JCT,BC_WWD_JCT,NULL
6522,29878,60L208WWD,BC Hydro,BC,British Columbia,1,ac,0.005,0.003,0.005,0.003,69,0.00,36,39,Westwold JCT,BC_WWD_JCT,Westwold,BC_WWD_DSS,NULL
6523,29879,60L209,BC Hydro,BC,British Columbia,1,ac,5.000,3.086,30.710,18.957,69,11.80,26,41,Salmon Arm,BC_SAM_DSS,Canoe Forest Products Ltd JCT,BC_FCO_JCT,NULL
6524,29880,60L209,BC Hydro,BC,British Columbia,1,ac,25.710,15.870,30.710,18.957,69,11.80,28,39,Canoe Forest Products Ltd JCT,BC_FCO_JCT,Sicamous,BC_SCM_DSS,NULL
6525,29881,60L209FCO,BC Hydro,BC,British Columbia,1,ac,0.286,0.176,0.286,0.176,69,0.11,36,39,Canoe Forest Products Ltd JCT,BC_FCO_JCT,Canoe Forest Products Ltd,BC_FCO_ISS,NULL
6526,29882,60L210,BC Hydro,BC,British Columbia,1,ac,51.190,31.599,101.190,62.463,69,38.89,19,34,New Denver JCT,BC_NDR_JCT,New Denver,BC_NDR_DSS,NULL
6527,29883,60L210,BC Hydro,BC,British Columbia,1,ac,50.000,30.864,101.190,62.463,69,38.89,19,34,Monashee,BC_MON_DSS,New Denver JCT,BC_NDR_JCT,NULL
6528,29884,60L210NDR,BC Hydro,BC,British Columbia,1,ac,2.333,1.440,2.333,1.440,69,0.90,19,34,New Denver JCT,BC_NDR_JCT,Nakusp,BC_NAK_DSS,NULL
6529,29885,60L218,BC Hydro,BC,British Columbia,1,ac,25.534,15.761,25.534,15.761,69,9.81,89,114,Illecillewaet,BC_ILL_DSS,Walter Hardman GS,BC_WHN_GSS,NULL
6530,29886,60L219,BC Hydro,BC,British Columbia,1,ac,23.550,14.537,24.550,15.154,69,9.43,89,114,South Cranberry JCT,BC_SCB_JCT,Pingston GS,BC_PIN_GSS,NULL
6531,29887,60L219,BC Hydro,BC,British Columbia,1,ac,1.000,0.617,24.550,15.154,69,9.43,89,114,Walter Hardman GS,BC_WHN_GSS,South Cranberry JCT,BC_SCB_JCT,NULL
6532,29888,60L219SCB,BC Hydro,BC,British Columbia,1,ac,0.200,0.123,0.200,0.123,69,0.08,89,114,South Cranberry JCT,BC_SCB_JCT,South Cranberry GS,BC_SCB_GSS,NULL
6533,29889,60L223,BC Hydro,BC,British Columbia,1,ac,34.680,21.407,64.680,39.926,69,24.86,53,67,Mica GS,BC_MCA_GSS,Goldstream JCT,BC_GST_JCT,NULL
6534,29890,60L223,BC Hydro,BC,British Columbia,1,ac,20.000,12.346,64.680,39.926,69,24.86,53,67,McCulloch Creek JCT,BC_MCK_JCT,Goldstream Mine,BC_GSM_ISS,NULL
6535,29891,60L223,BC Hydro,BC,British Columbia,1,ac,10.000,6.173,64.680,39.926,69,24.86,53,67,Goldstream JCT,BC_GST_JCT,McCulloch Creek JCT,BC_MCK_JCT,NULL
6536,29892,60L223MCK,BC Hydro,BC,British Columbia,1,ac,1.000,0.617,1.000,0.617,69,0.38,36,39,McCulloch Creek JCT,BC_MCK_JCT,McCulloch Creek,BC_MCK_DSS,NULL
6537,29893,60L270,BC Hydro,BC,British Columbia,1,ac,30.000,18.519,130.610,80.623,69,50.19,38,49,Fairmont JCT,BC_FMT_JCT,Athalmer JCT,BC_ATH_JCT,NULL
6538,29894,60L270,BC Hydro,BC,British Columbia,1,ac,3.000,1.852,130.610,80.623,69,50.19,38,49,Crestbrook Canal Flats JCT,BC_CRC_JCT,Canal Flats JCT,BC_CNL_JCT,NULL
6539,29895,60L270,BC Hydro,BC,British Columbia,1,ac,30.000,18.519,130.610,80.623,69,50.19,38,49,Skookumchuck JCT,BC_SKU_JCT,Crestbrook Canal Flats JCT,BC_CRC_JCT,NULL
6540,29896,60L270,BC Hydro,BC,British Columbia,1,ac,27.000,16.667,130.610,80.623,69,50.19,38,49,Canal Flats JCT,BC_CNL_JCT,Fairmont JCT,BC_FMT_JCT,NULL
6541,29897,60L270,BC Hydro,BC,British Columbia,1,ac,10.610,6.549,130.610,80.623,69,50.19,38,49,Athalmer JCT,BC_ATH_JCT,Invermere,BC_INV_DSS,NULL
6542,29898,60L270,BC Hydro,BC,British Columbia,1,ac,30.000,18.519,130.610,80.623,69,50.19,38,49,Kimberley,BC_KBY_DSS,Skookumchuck JCT,BC_SKU_JCT,NULL
6543,29899,60L270ATH,BC Hydro,BC,British Columbia,1,ac,0.143,0.088,0.143,0.088,69,0.06,89,108,Athalmer JCT,BC_ATH_JCT,Athalmer,BC_ATH_DSS,NULL
6544,29900,60L270CNL,BC Hydro,BC,British Columbia,1,ac,0.026,0.016,0.026,0.016,69,0.01,53,63,Canal Flats JCT,BC_CNL_JCT,Canal Flats,BC_CNL_DSS,NULL
6545,29901,60L270CRC,BC Hydro,BC,British Columbia,1,ac,0.073,0.045,0.073,0.045,69,0.03,25,41,Crestbrook Canal Flats JCT,BC_CRC_JCT,Crestbrook Canal Flats,BC_CRC_DSS,NULL
6546,29902,60L270CRS,BC Hydro,BC,British Columbia,1,ac,0.024,0.015,0.024,0.015,69,0.01,39,47,Skookumchuck,BC_SKU_DSS,Crestbrook Skookumchuck,BC_CRS_DSS,NULL
6547,29903,60L270FMT,BC Hydro,BC,British Columbia,1,ac,0.044,0.027,0.044,0.027,69,0.02,46,55,Fairmont JCT,BC_FMT_JCT,Fairmont,BC_FMT_DSS,NULL
6548,29904,60L270SKU,BC Hydro,BC,British Columbia,1,ac,0.077,0.048,0.077,0.048,69,0.03,25,41,Skookumchuck JCT,BC_SKU_JCT,Skookumchuck,BC_SKU_DSS,NULL
6549,29905,60L271,BC Hydro,BC,British Columbia,1,ac,12.520,7.728,127.520,78.716,69,49.00,68,103,Invermere,BC_INV_DSS,Athalmer JCT,BC_ATH_JCT,NULL
6550,29906,60L271,BC Hydro,BC,British Columbia,1,ac,30.000,18.519,127.520,78.716,69,49.00,43,61,Parson JCT,BC_PSN_JCT,Golden,BC_GDN_DSS,NULL
6551,29907,60L271,BC Hydro,BC,British Columbia,1,ac,25.000,15.432,127.520,78.716,69,49.00,43,61,Spillimacheen JCT,BC_SPN_JCT,Parson JCT,BC_PSN_JCT,NULL
6552,29908,60L271,BC Hydro,BC,British Columbia,1,ac,15.000,9.259,127.520,78.716,69,49.00,68,103,Athalmer JCT,BC_ATH_JCT,Radium JCT,BC_RDM_JCT,NULL
6553,29909,60L271,BC Hydro,BC,British Columbia,1,ac,45.000,27.778,127.520,78.716,69,49.00,43,61,Radium JCT,BC_RDM_JCT,Spillimacheen JCT,BC_SPN_JCT,NULL
6554,29910,60L271ATH,BC Hydro,BC,British Columbia,1,ac,0.139,0.086,0.139,0.086,69,0.05,47,89,Athalmer JCT,BC_ATH_JCT,Athalmer,BC_ATH_DSS,NULL
6555,29911,60L271PSN,BC Hydro,BC,British Columbia,1,ac,0.576,0.356,0.576,0.356,69,0.22,29,53,Parson JCT,BC_PSN_JCT,Parson,BC_PSN_DSS,NULL
6556,29912,60L271RDM,BC Hydro,BC,British Columbia,1,ac,0.054,0.033,0.054,0.033,69,0.02,29,53,Radium JCT,BC_RDM_JCT,Radium,BC_RDM_DSS,NULL
6557,29913,60L271SPN,BC Hydro,BC,British Columbia,1,ac,3.780,2.334,3.780,2.334,69,1.45,29,53,Spillimacheen JCT,BC_SPN_JCT,Spillimacheen GS,BC_SPN_GSS,NULL
6558,29914,60L272,BC Hydro,BC,British Columbia,1,ac,3.088,1.906,3.088,1.906,69,1.19,79,95,Kicking Horse,BC_KHS_DSS,Golden,BC_GDN_DSS,NULL
6559,29915,60L281,BC Hydro,BC,British Columbia,1,ac,2.000,1.235,30.930,19.093,69,11.89,47,88,Sparwood JCT,BC_SPD_JCT,Natal,BC_NTL_DSS,NULL
6560,29916,60L281,BC Hydro,BC,British Columbia,1,ac,28.930,17.858,30.930,19.093,69,11.89,47,88,Fernie,BC_FNE_DSS,Sparwood JCT,BC_SPD_JCT,NULL
6561,29917,60L281SPD,BC Hydro,BC,British Columbia,1,ac,0.345,0.213,0.345,0.213,69,0.13,47,88,Sparwood JCT,BC_SPD_JCT,Sparwood,BC_SPD_DSS,NULL
6562,29918,60L283,BC Hydro,BC,British Columbia,1,ac,15.000,9.259,37.560,23.185,69,14.43,47,88,Cranbrook,BC_CBK_DSS,Fort Steele JCT,BC_FST_JCT,NULL
6563,29919,60L283,BC Hydro,BC,British Columbia,1,ac,2.000,1.235,37.560,23.185,69,14.43,47,88,Marysville JCT,BC_MVL_JCT,Kimberley,BC_KBY_DSS,NULL
6564,29920,60L283,BC Hydro,BC,British Columbia,1,ac,20.560,12.691,37.560,23.185,69,14.43,47,88,Fort Steele JCT,BC_FST_JCT,Marysville JCT,BC_MVL_JCT,NULL
6565,29921,60L283FST,BC Hydro,BC,British Columbia,1,ac,0.078,0.048,0.078,0.048,69,0.03,29,52,Fort Steele JCT,BC_FST_JCT,Fort Steele,BC_FST_DSS,NULL
6566,29922,60L283MVL,BC Hydro,BC,British Columbia,1,ac,0.072,0.045,0.072,0.045,69,0.03,47,88,Marysville JCT,BC_MVL_JCT,Marysville,BC_MVL_DSS,NULL
6567,29923,60L284,BC Hydro,BC,British Columbia,1,ac,12.000,7.407,12.000,7.407,69,4.61,59,112,Cranbrook,BC_CBK_DSS,Moyie JCT,BC_MYE_JCT,NULL
6568,29924,60L284MYE,BC Hydro,BC,British Columbia,1,ac,27.390,16.907,27.390,16.907,69,10.53,15,27,Moyie JCT,BC_MYE_JCT,Moyie,BC_MYE_DSS,NULL
6569,29925,60L285,BC Hydro,BC,British Columbia,1,ac,4.218,2.604,4.218,2.604,69,1.62,47,88,Natal,BC_NTL_DSS,Sparwood,BC_SPD_DSS,NULL
6570,29926,60L287,BC Hydro,BC,British Columbia,1,ac,1.180,0.728,1.180,0.728,69,0.45,19,34,Elko GS,BC_ELK_GSS,Crestbrook,BC_CFE_DSS,NULL
6571,29927,60L288,BC Hydro,BC,British Columbia,1,ac,2.469,1.524,2.469,1.524,69,0.95,37,43,Natal,BC_NTL_DSS,Elkview Coal,BC_EV1_ISS,NULL
6572,29928,60L289,BC Hydro,BC,British Columbia,1,ac,1.000,0.617,16.460,10.160,69,6.33,29,52,Wardner,BC_WAR_DSS,Aberfeldie GS,BC_ABN_GSS,NULL
6573,29929,60L289,BC Hydro,BC,British Columbia,1,ac,14.460,8.926,16.460,10.160,69,6.33,29,52,Cranbrook,BC_CBK_DSS,Bull River Mineral JCT,BC_BRM_JCT,NULL
6574,29930,60L289,BC Hydro,BC,British Columbia,1,ac,1.000,0.617,16.460,10.160,69,6.33,29,52,Bull River Mineral JCT,BC_BRM_JCT,Wardner,BC_WAR_DSS,NULL
6575,29931,60L289BRM,BC Hydro,BC,British Columbia,1,ac,1.000,0.617,1.000,0.617,69,0.38,36,39,Bull River Mineral JCT,BC_BRM_JCT,Bull River Mineral,BC_BRM_ISS,NULL
6576,29932,60L290,BC Hydro,BC,British Columbia,1,ac,3.852,2.378,3.852,2.378,69,1.48,16,29,Elko GS,BC_ELK_GSS,Windsor,BC_WIN_DSS,NULL
6577,29933,60L292,BC Hydro,BC,British Columbia,1,ac,10.000,6.173,16.600,10.247,69,6.38,29,52,Natal,BC_NTL_DSS,Coal Mountain JCT,BC_CMO_JCT,NULL
6578,29934,60L292,BC Hydro,BC,British Columbia,1,ac,3.600,2.222,16.600,10.247,69,6.38,12,22,Crowsnest TransCanada JCT,BC_CNT_JCT,Crowsnest Pass GS,BC_CRW_GSS,NULL
6579,29935,60L292,BC Hydro,BC,British Columbia,1,ac,3.000,1.852,16.600,10.247,69,6.38,12,22,Coal Mountain JCT,BC_CMO_JCT,Crowsnest TransCanada JCT,BC_CNT_JCT,NULL
6580,29936,60L292CMO,BC Hydro,BC,British Columbia,1,ac,24.351,15.032,24.351,15.032,69,9.36,29,52,Coal Mountain JCT,BC_CMO_JCT,Coal Mountain,BC_CMO_DSS,NULL
6581,29937,60L292CNT,BC Hydro,BC,British Columbia,1,ac,2.000,1.235,2.000,1.235,69,0.77,36,39,Crowsnest TransCanada JCT,BC_CNT_JCT,Crowsnest TransCanada,BC_CNT_ISS,NULL
6582,29938,60L294,BC Hydro,BC,British Columbia,1,ac,32.087,19.807,64.174,39.614,69,24.66,29,52,Windsor JCT,BC_WIN_JCT,Aberfeldie GS,BC_ABN_GSS,NULL
6583,29939,60L294,BC Hydro,BC,British Columbia,1,ac,32.087,19.807,64.174,39.614,69,24.66,29,52,Elko GS,BC_ELK_GSS,Windsor JCT,BC_WIN_JCT,NULL
6584,29940,60L294WIN,BC Hydro,BC,British Columbia,1,ac,3.000,1.852,3.000,1.852,69,1.15,29,52,Windsor JCT,BC_WIN_JCT,Windsor,BC_WIN_DSS,NULL
6585,29941,60L295,BC Hydro,BC,British Columbia,1,ac,11.600,7.161,11.950,7.377,69,4.59,47,88,Steeples JCT,BC_SPL_JCT,Joseph Creek,BC_JOE_DSS,NULL
6586,29942,60L295,BC Hydro,BC,British Columbia,1,ac,0.350,0.216,11.950,7.377,69,4.59,59,112,Steeples JCT,BC_SPL_JCT,Steeples,BC_SPL_DSS,NULL
6587,29943,60L298,BC Hydro,BC,British Columbia,1,ac,21.766,13.436,21.766,13.436,69,8.36,47,88,Joseph Creek,BC_JOE_DSS,Kimberley,BC_KBY_DSS,NULL
6588,29944,60L299,BC Hydro,BC,British Columbia,1,ac,18.220,11.247,18.220,11.247,69,7.00,59,112,Cranbrook,BC_CBK_DSS,Joseph Creek,BC_JOE_DSS,NULL
6589,29945,60L300,BC Hydro,BC,British Columbia,1,ac,20.150,12.438,51.300,31.667,69,19.71,25,41,West Fraser Quesnel Plywood JCT,BC_WQL_JCT,Barlow,BC_BLW_DSS,NULL
6590,29946,60L300,BC Hydro,BC,British Columbia,1,ac,1.000,0.617,51.300,31.667,69,19.71,91,109,Marguerite JCT,BC_MGT_JCT,Gibraltar Wells JCT,BC_GBW_JCT,NULL
6591,29947,60L300,BC Hydro,BC,British Columbia,1,ac,5.000,3.086,51.300,31.667,69,19.71,91,109,Mount Polley Mining JCT,BC_MTP_JCT,Marguerite JCT,BC_MGT_JCT,NULL
6592,29948,60L300,BC Hydro,BC,British Columbia,1,ac,5.000,3.086,51.300,31.667,69,19.71,91,104,Soda Creek,BC_SCK_DSS,Mount Polley Mining JCT,BC_MTP_JCT,NULL
6593,29949,60L300,BC Hydro,BC,British Columbia,1,ac,20.150,12.438,51.300,31.667,69,19.71,25,41,Gibraltar Wells JCT,BC_GBW_JCT,West Fraser Quesnel Plywood JCT,BC_WQL_JCT,NULL
6594,29950,60L300GBW,BC Hydro,BC,British Columbia,1,ac,0.044,0.027,0.044,0.027,69,0.02,48,82,Gibraltar Wells JCT,BC_GBW_JCT,Gibraltar Wells,BC_GBW_ISS,NULL
6595,29951,60L300GVL,BC Hydro,BC,British Columbia,1,ac,0.020,0.012,0.020,0.012,69,0.01,53,67,Gavin Lake JCT,BC_GVL_JCT,Gavin Lake,BC_GVL_DSS,NULL
6596,29952,60L300MGT,BC Hydro,BC,British Columbia,1,ac,0.259,0.160,0.259,0.160,69,0.10,25,41,Marguerite JCT,BC_MGT_JCT,Marguerite,BC_MGT_DSS,NULL
6597,29953,60L300MTP,BC Hydro,BC,British Columbia,1,ac,50.000,30.864,58.500,36.111,69,22.48,91,110,Mount Polley Mining JCT,BC_MTP_JCT,Gavin Lake JCT,BC_GVL_JCT,NULL
6598,29954,60L300MTP,BC Hydro,BC,British Columbia,1,ac,8.500,5.247,58.500,36.111,69,22.48,91,110,Gavin Lake JCT,BC_GVL_JCT,Mount Polley Mining,BC_MTP_DSS,NULL
6599,29955,60L300WQL,BC Hydro,BC,British Columbia,1,ac,0.960,0.593,0.960,0.593,69,0.37,30,48,West Fraser Quesnel Plywood JCT,BC_WQL_JCT,West Fraser Quesnel Plywood,BC_WQL_ISS,NULL
6600,29956,60L301,BC Hydro,BC,British Columbia,1,ac,40.000,24.691,101.240,62.494,69,38.91,29,47,Seventy Mile House JCT,BC_SMH_JCT,Ainsworth JCT,BC_AWL_JCT,NULL
6601,29957,60L301,BC Hydro,BC,British Columbia,1,ac,30.000,18.519,101.240,62.494,69,38.91,29,47,Carquille,BC_CRQ_DSS,Clinton JCT,BC_CLN_JCT,NULL
6602,29958,60L301,BC Hydro,BC,British Columbia,1,ac,1.240,0.765,101.240,62.494,69,38.91,29,47,Ainsworth JCT,BC_AWL_JCT,Hundred Mile House,BC_HMH_DSS,NULL
6603,29959,60L301,BC Hydro,BC,British Columbia,1,ac,30.000,18.519,101.240,62.494,69,38.91,29,47,Clinton JCT,BC_CLN_JCT,Seventy Mile House JCT,BC_SMH_JCT,NULL
6604,29960,60L301AWL,BC Hydro,BC,British Columbia,1,ac,1.000,0.617,1.000,0.617,69,0.38,34,41,Ainsworth JCT,BC_AWL_JCT,Ainsworth,BC_AWL_DSS,NULL
6605,29961,60L301CLN,BC Hydro,BC,British Columbia,1,ac,0.970,0.599,0.970,0.599,69,0.37,29,47,Clinton JCT,BC_CLN_JCT,Clinton,BC_CLN_DSS,NULL
6606,29962,60L301SMH,BC Hydro,BC,British Columbia,1,ac,0.111,0.069,0.111,0.069,69,0.04,29,47,Seventy Mile House JCT,BC_SMH_JCT,Seventy Mile House,BC_SMH_DSS,NULL
6607,29963,60L302,BC Hydro,BC,British Columbia,1,ac,18.000,11.111,21.730,13.414,69,8.35,48,82,Soda Creek,BC_SCK_DSS,Timber West JCT,BC_TWT_JCT,NULL
6608,29964,60L302,BC Hydro,BC,British Columbia,1,ac,1.730,1.068,21.730,13.414,69,8.35,48,82,West Fraser Williams Lake JCT,BC_WWL_JCT,Tolko Lignum JCT,BC_LGW_JCT,NULL
6609,29965,60L302,BC Hydro,BC,British Columbia,1,ac,1.000,0.617,21.730,13.414,69,8.35,48,82,Timber West JCT,BC_TWT_JCT,West Fraser Williams Lake JCT,BC_WWL_JCT,NULL
6610,29966,60L302,BC Hydro,BC,British Columbia,1,ac,1.000,0.617,21.730,13.414,69,8.35,48,82,Tolko Lignum JCT,BC_LGW_JCT,Williams Lake,BC_WLM_DSS,NULL
6611,29967,60L302LGW,BC Hydro,BC,British Columbia,1,ac,1.658,1.023,1.658,1.023,69,0.64,36,39,Tolko Lignum JCT,BC_LGW_JCT,Tolko Lignum,BC_LGW_DSS,NULL
6612,29968,60L302TWT,BC Hydro,BC,British Columbia,1,ac,0.009,0.005,0.009,0.005,69,0.00,36,39,Timber West JCT,BC_TWT_JCT,Timber West,BC_TWT_DSS,NULL
6613,29969,60L302WWL,BC Hydro,BC,British Columbia,1,ac,0.055,0.034,0.055,0.034,69,0.02,36,39,West Fraser Williams Lake JCT,BC_WWL_JCT,West Fraser Williams Lake,BC_WWL_ISS,NULL
6614,29970,60L303,BC Hydro,BC,British Columbia,1,ac,3.000,1.852,6.700,4.136,69,2.57,91,110,West Pine JCT,BC_WPN_JCT,Barlow,BC_BLW_DSS,NULL
6615,29971,60L303,BC Hydro,BC,British Columbia,1,ac,1.000,0.617,6.700,4.136,69,2.57,62,89,Quesnel,BC_QNL_DSS,Cariboo Pulp JCT,BC_CBP_JCT,NULL
6616,29972,60L303,BC Hydro,BC,British Columbia,1,ac,2.700,1.667,6.700,4.136,69,2.57,73,103,Cariboo Pulp JCT,BC_CBP_JCT,West Pine JCT,BC_WPN_JCT,NULL
6617,29973,60L303CBP,BC Hydro,BC,British Columbia,1,ac,0.490,0.302,0.490,0.302,69,0.19,36,39,Cariboo Pulp JCT,BC_CBP_JCT,Cariboo Pulp GS,BC_CBP_GSS,NULL
6618,29974,60L303WPN,BC Hydro,BC,British Columbia,1,ac,5.661,3.495,5.661,3.495,69,2.18,36,39,West Pine JCT,BC_WPN_JCT,West Pine,BC_WPN_DSS,NULL
6619,29975,60L306,BC Hydro,BC,British Columbia,1,ac,5.660,3.494,6.660,4.111,69,2.56,91,110,West Fraser Quesnel JCT,BC_WFQ_JCT,Barlow JCT,BC_BLW_JCT,NULL
6620,29976,60L306,BC Hydro,BC,British Columbia,1,ac,1.000,0.617,6.660,4.111,69,2.56,91,110,Quesnel,BC_QNL_DSS,West Fraser Quesnel JCT,BC_WFQ_JCT,NULL
6621,29977,60L306BLW,BC Hydro,BC,British Columbia,1,ac,5.660,3.494,5.660,3.494,69,2.18,91,110,Barlow JCT,BC_BLW_JCT,Barlow,BC_BLW_DSS,NULL
6622,29978,60L306WFQ,BC Hydro,BC,British Columbia,1,ac,0.130,0.080,0.130,0.080,69,0.05,53,67,West Fraser Quesnel JCT,BC_WFQ_JCT,West Fraser Quesnel,BC_WFQ_ISS,NULL
6623,29979,60L308,BC Hydro,BC,British Columbia,1,ac,26.830,16.562,26.830,16.562,69,10.31,49,84,Soda Creek,BC_SCK_DSS,Williams Lake,BC_WLM_DSS,NULL
6624,29980,60L309,BC Hydro,BC,British Columbia,1,ac,6.382,3.940,6.382,3.940,69,2.45,89,108,North West Energy,BC_NWE_ISS,Williams Lake,BC_WLM_DSS,NULL
6625,29981,60L310,BC Hydro,BC,British Columbia,1,ac,30.000,18.519,31.190,19.253,69,11.99,89,114,Soda Creek,BC_SCK_DSS,Gibraltar Capacitor JCT,BC_GBC_JCT,NULL
6626,29982,60L310,BC Hydro,BC,British Columbia,1,ac,1.190,0.735,31.190,19.253,69,11.99,89,114,Gibraltar Capacitor JCT,BC_GBC_JCT,Gibraltar Mine,BC_GBR_ISS,NULL
6627,29983,60L310GBC,BC Hydro,BC,British Columbia,1,ac,1.000,0.617,1.000,0.617,69,0.38,36,39,Gibraltar Capacitor JCT,BC_GBC_JCT,Gibraltar Capacitor,BC_GBC_DSS,NULL
6628,29984,60L327,BC Hydro,BC,British Columbia,1,ac,14.800,9.136,14.800,9.136,69,5.69,48,82,Williston,BC_WSN_DSS,Beaverley,BC_BVY_DSS,NULL
6629,29985,60L329,BC Hydro,BC,British Columbia,1,ac,2.000,1.235,22.000,13.580,69,8.45,37,52,Tachick JCT,BC_TAC_JCT,Nechako Lumber JCT,BC_NLV_JCT,NULL
6630,29986,60L329,BC Hydro,BC,British Columbia,1,ac,19.000,11.728,22.000,13.580,69,8.45,43,61,Canfor JCT,BC_PLT_JCT,Tachick JCT,BC_TAC_JCT,NULL
6631,29987,60L329,BC Hydro,BC,British Columbia,1,ac,1.000,0.617,22.000,13.580,69,8.45,37,52,Nechako Lumber JCT,BC_NLV_JCT,Vanderhoof JCT,BC_VDF_JCT,NULL
6632,29988,60L329NLV,BC Hydro,BC,British Columbia,1,ac,0.058,0.036,0.058,0.036,69,0.02,53,67,Nechako Lumber JCT,BC_NLV_JCT,Nechako Lumber,BC_NLV_DSS,NULL
6633,29989,60L329PLT,BC Hydro,BC,British Columbia,1,ac,0.289,0.178,0.289,0.178,69,0.11,43,61,Canfor,BC_PLT_ISS,Canfor JCT,BC_PLT_JCT,NULL
6634,29990,60L329TAC,BC Hydro,BC,British Columbia,1,ac,1.736,1.072,1.736,1.072,69,0.67,89,114,Tachick JCT,BC_TAC_JCT,Tachick,BC_TAC_DSS,NULL
6635,29991,60L329VDF,BC Hydro,BC,British Columbia,1,ac,0.014,0.009,0.014,0.009,69,0.01,37,52,Vanderhoof JCT,BC_VDF_JCT,Vanderhoof,BC_VDF_DSS,NULL
6636,29992,60L330,BC Hydro,BC,British Columbia,1,ac,6.232,3.847,6.232,3.847,69,2.39,48,82,Williston,BC_WSN_DSS,Pineview,BC_PVW_DSS,NULL
6637,29993,60L331,BC Hydro,BC,British Columbia,1,ac,14.598,9.011,14.598,9.011,69,5.61,91,110,Williston,BC_WSN_DSS,Patricia,BC_PCA_DSS,NULL
6638,29994,60L332,BC Hydro,BC,British Columbia,1,ac,5.000,3.086,17.410,10.747,69,6.69,91,110,Pineview JCT,BC_PVW_JCT,Canfor Rustad Division JCT,BC_NOS_JCT,NULL
6639,29995,60L332,BC Hydro,BC,British Columbia,1,ac,6.000,3.704,17.410,10.747,69,6.69,91,110,Canfor Rustad Division JCT,BC_NOS_JCT,Patricia,BC_PCA_DSS,NULL
6640,29996,60L332,BC Hydro,BC,British Columbia,1,ac,6.410,3.957,17.410,10.747,69,6.69,91,110,Williston,BC_WSN_DSS,Pineview JCT,BC_PVW_JCT,NULL
6641,29997,60L332NOS,BC Hydro,BC,British Columbia,1,ac,0.016,0.010,0.016,0.010,69,0.01,36,39,Canfor Rustad Division JCT,BC_NOS_JCT,Canfor Rustad Division,BC_NOS_ISS,NULL
6642,29998,60L332PVW,BC Hydro,BC,British Columbia,1,ac,0.102,0.063,0.102,0.063,69,0.04,36,39,Pineview JCT,BC_PVW_JCT,Pineview,BC_PVW_DSS,NULL
6643,29999,60L336,BC Hydro,BC,British Columbia,1,ac,13.000,8.025,14.240,8.790,69,5.47,91,110,Williston,BC_WSN_DSS,BC Chemical JCT,BC_BCM_JCT,NULL
6644,30000,60L336,BC Hydro,BC,British Columbia,1,ac,0.240,0.148,14.240,8.790,69,5.47,91,110,FMC Prince George JCT,BC_FMC_JCT,Canreed,BC_CRD_DSS,NULL
6645,30001,60L336,BC Hydro,BC,British Columbia,1,ac,1.000,0.617,14.240,8.790,69,5.47,91,110,BC Chemical JCT,BC_BCM_JCT,FMC Prince George JCT,BC_FMC_JCT,NULL
6646,30002,60L336BCM,BC Hydro,BC,British Columbia,1,ac,0.037,0.023,0.037,0.023,69,0.01,91,110,BC Chemical JCT,BC_BCM_JCT,BC Chemical,BC_BCM_ISS,NULL
6647,30003,60L336FMC,BC Hydro,BC,British Columbia,1,ac,1.158,0.715,1.158,0.715,69,0.44,54,65,FMC Prince George JCT,BC_FMC_JCT,FMC Prince George,BC_FMC_ISS,NULL
6648,30004,60L337,BC Hydro,BC,British Columbia,1,ac,38.160,23.556,68.160,42.074,69,26.19,30,48,Williston,BC_WSN_DSS,Canadian National JCT,BC_CNG_JCT,NULL
6649,30005,60L337,BC Hydro,BC,British Columbia,1,ac,30.000,18.519,68.160,42.074,69,26.19,30,48,Canadian National JCT,BC_CNG_JCT,Upper Fraser,BC_UFR_DSS,NULL
6650,30006,60L337CNG,BC Hydro,BC,British Columbia,1,ac,0.106,0.066,0.106,0.066,69,0.04,36,39,Canadian National JCT,BC_CNG_JCT,Canadian National,BC_CNG_ISS,NULL
6651,30007,60L338,BC Hydro,BC,British Columbia,1,ac,13.500,8.333,14.970,9.241,69,5.75,91,110,Williston,BC_WSN_DSS,BC Chemical JCT,BC_BCM_JCT,NULL
6652,30008,60L338,BC Hydro,BC,British Columbia,1,ac,0.270,0.167,14.970,9.241,69,5.75,91,110,FMC Prince George JCT,BC_FMC_JCT,Canreed,BC_CRD_DSS,NULL
6653,30009,60L338,BC Hydro,BC,British Columbia,1,ac,0.600,0.370,14.970,9.241,69,5.75,91,110,Prince George Pulp JCT,BC_HCR_JCT,FMC Prince George JCT,BC_FMC_JCT,NULL
6654,30010,60L338,BC Hydro,BC,British Columbia,1,ac,0.600,0.370,14.970,9.241,69,5.75,91,110,BC Chemical JCT,BC_BCM_JCT,Prince George Pulp JCT,BC_HCR_JCT,NULL
6655,30011,60L338BCM,BC Hydro,BC,British Columbia,1,ac,0.050,0.031,0.050,0.031,69,0.02,91,110,BC Chemical JCT,BC_BCM_JCT,BC Chemical,BC_BCM_ISS,NULL
6656,30012,60L338FMC,BC Hydro,BC,British Columbia,1,ac,1.153,0.711,1.153,0.711,69,0.44,54,65,FMC Prince George JCT,BC_FMC_JCT,FMC Prince George,BC_FMC_ISS,NULL
6657,30013,60L338HCR,BC Hydro,BC,British Columbia,1,ac,0.212,0.131,0.212,0.131,69,0.08,53,67,Prince George Pulp JCT,BC_HCR_JCT,Prince George Pulp,BC_HCR_ISS,NULL
6658,30014,60L339,BC Hydro,BC,British Columbia,1,ac,36.850,22.747,106.850,65.957,69,41.06,30,48,Dunkley Lumber JCT,BC_DKY_JCT,Barlow,BC_BLW_DSS,NULL
6659,30015,60L339,BC Hydro,BC,British Columbia,1,ac,12.000,7.407,106.850,65.957,69,41.06,33,54,Pinnacle Pellets Meadowbank JCT,BC_PMB_JCT,Colebank JCT,BC_CLB_JCT,NULL
6660,30016,60L339,BC Hydro,BC,British Columbia,1,ac,3.000,1.852,106.850,65.957,69,41.06,33,54,Colebank JCT,BC_CLB_JCT,Dunkley Lumber JCT,BC_DKY_JCT,NULL
6661,30017,60L339,BC Hydro,BC,British Columbia,1,ac,55.000,33.951,106.850,65.957,69,41.06,33,54,Williston,BC_WSN_DSS,Pinnacle Pellets Meadowbank JCT,BC_PMB_JCT,NULL
6662,30018,60L339CLB,BC Hydro,BC,British Columbia,1,ac,0.067,0.041,0.067,0.041,69,0.03,36,39,Colebank JCT,BC_CLB_JCT,Colebank,BC_CLB_DSS,NULL
6663,30019,60L339DKY,BC Hydro,BC,British Columbia,1,ac,0.284,0.176,0.284,0.176,69,0.11,36,39,Dunkley Lumber JCT,BC_DKY_JCT,Dunkley Lumber,BC_DKY_ISS,NULL
6664,30020,60L339PMB,BC Hydro,BC,British Columbia,1,ac,0.024,0.015,0.024,0.015,69,0.01,36,39,Pinnacle Pellets Meadowbank JCT,BC_PMB_JCT,Pinnacle Pellets Meadowbank,BC_PMB_ISS,NULL
6665,30021,60L340,BC Hydro,BC,British Columbia,1,ac,7.682,4.742,7.682,4.742,69,2.95,89,109,Canreed,BC_CRD_DSS,Northwood,BC_NWP_ISS,NULL
6666,30022,60L341,BC Hydro,BC,British Columbia,1,ac,33.580,20.728,49.580,30.605,69,19.05,30,48,Fraser Lake Sawmill JCT,BC_FSS_JCT,Canfor JCT,BC_PLT_JCT,NULL
6667,30023,60L341,BC Hydro,BC,British Columbia,1,ac,9.000,5.556,49.580,30.605,69,19.05,30,48,Glenannan,BC_GLN_DSS,Fraser Lake JCT,BC_FSR_JCT,NULL
6668,30024,60L341,BC Hydro,BC,British Columbia,1,ac,7.000,4.321,49.580,30.605,69,19.05,30,48,Fraser Lake JCT,BC_FSR_JCT,Fraser Lake Sawmill JCT,BC_FSS_JCT,NULL
6669,30025,60L341FSR,BC Hydro,BC,British Columbia,1,ac,0.098,0.060,0.098,0.060,69,0.04,36,39,Fraser Lake JCT,BC_FSR_JCT,Fraser Lake,BC_FSR_DSS,NULL
6670,30026,60L341FSS,BC Hydro,BC,British Columbia,1,ac,0.126,0.078,0.126,0.078,69,0.05,36,39,Fraser Lake Sawmill JCT,BC_FSS_JCT,Fraser Lake Sawmill,BC_FSS_ISS,NULL
6671,30027,60L344,BC Hydro,BC,British Columbia,1,ac,61.119,37.728,61.119,37.728,69,23.49,30,48,Tachick,BC_TAC_DSS,Fort St James,BC_FM2_DSS,NULL
6672,30028,60L351,BC Hydro,BC,British Columbia,1,ac,15.065,9.299,15.065,9.299,69,5.79,48,82,Williston,BC_WSN_DSS,Beaverley,BC_BVY_DSS,NULL
6673,30029,60L352,BC Hydro,BC,British Columbia,1,ac,8.110,5.006,8.110,5.006,69,3.12,78,99,Glenannan,BC_GLN_DSS,Endako,BC_EKO_DSS,NULL
6674,30030,60L354,BC Hydro,BC,British Columbia,1,ac,12.630,7.796,22.630,13.969,69,8.70,48,82,Foothills JCT,BC_FHS_JCT,Chief Lake,BC_CHF_DSS,NULL
6675,30031,60L354,BC Hydro,BC,British Columbia,1,ac,10.000,6.173,22.630,13.969,69,8.70,48,82,Beaverley,BC_BVY_DSS,Foothills JCT,BC_FHS_JCT,NULL
6676,30032,60L354FHS,BC Hydro,BC,British Columbia,1,ac,1.416,0.874,1.416,0.874,69,0.54,48,82,Foothills JCT,BC_FHS_JCT,Foothills,BC_FHS_DSS,NULL
6677,30033,60L357,BC Hydro,BC,British Columbia,1,ac,1.780,1.099,11.780,7.272,69,4.53,113,128,Patricia JCT,BC_PCA_JCT,Patricia,BC_PCA_DSS,NULL
6678,30034,60L357,BC Hydro,BC,British Columbia,1,ac,10.000,6.173,11.780,7.272,69,4.53,89,114,Beaverley,BC_BVY_DSS,Patricia JCT,BC_PCA_JCT,NULL
6679,30035,60L357FHS,BC Hydro,BC,British Columbia,1,ac,2.237,1.381,2.237,1.381,69,0.86,113,128,Patricia JCT,BC_PCA_JCT,Foothills,BC_FHS_DSS,NULL
6680,30036,60L358,BC Hydro,BC,British Columbia,1,ac,28.510,17.599,88.510,54.636,69,34.01,30,48,Beaverley,BC_BVY_DSS,Isle Pierre JCT,BC_IPR_JCT,NULL
6681,30037,60L358,BC Hydro,BC,British Columbia,1,ac,60.000,37.037,88.510,54.636,69,34.01,30,48,Isle Pierre JCT,BC_IPR_JCT,Vanderhoof JCT,BC_VDF_JCT,NULL
6682,30038,60L358IPR,BC Hydro,BC,British Columbia,1,ac,1.000,0.617,1.000,0.617,69,0.38,36,39,Isle Pierre JCT,BC_IPR_JCT,Isle Pierre,BC_IPR_DSS,NULL
6683,30039,60L359,BC Hydro,BC,British Columbia,1,ac,5.000,3.086,5.000,3.086,69,1.92,39,58,Fort St James,BC_FM2_DSS,Apollo Forest Products JCT,BC_AFP_JCT,NULL
6684,30040,60L359AFP,BC Hydro,BC,British Columbia,1,ac,2.373,1.465,4.747,2.930,69,1.82,36,39,Apollo Forest Products JCT,BC_AFP_JCT,Apollo Forest Products,BC_AFP_ISS,NULL
6685,30041,60L359AFP,BC Hydro,BC,British Columbia,1,ac,2.373,1.465,4.747,2.930,69,1.82,36,39,Apollo Forest Products JCT,BC_AFP_JCT,Fort St James Green Energy GS,BC_FGE_GSS,NULL
6686,30042,60L359TFP,BC Hydro,BC,British Columbia,1,ac,2.350,1.451,2.350,1.451,69,0.90,39,58,Apollo Forest Products JCT,BC_AFP_JCT,Takla Forest Products,BC_TFP_DSS,NULL
6687,30043,60L383,BC Hydro,BC,British Columbia,1,ac,4.000,2.469,13.530,8.352,69,5.20,30,48,Terrace Skeena Cellulose,BC_TSC_DSS,Kalum,BC_KAL_DSS,NULL
6688,30044,60L383,BC Hydro,BC,British Columbia,1,ac,5.000,3.086,13.530,8.352,69,5.20,48,82,Skeena,BC_SKA_DSS,Terrace,BC_TER_DSS,NULL
6689,30045,60L383,BC Hydro,BC,British Columbia,1,ac,4.530,2.796,13.530,8.352,69,5.20,30,48,Terrace,BC_TER_DSS,Terrace Skeena Cellulose,BC_TSC_DSS,NULL
6690,30046,60L389,BC Hydro,BC,British Columbia,1,ac,21.549,13.302,21.549,13.302,69,8.28,36,39,Skeena,BC_SKA_DSS,Dasque Creek GS,BC_DSQ_GSS,NULL
6691,30047,60L390,BC Hydro,BC,British Columbia,1,ac,22.000,13.580,30.610,18.895,69,11.76,25,41,Green River JCT,BC_GRR_JCT,Brown Lake JCT,BC_BRL_JCT,NULL
6692,30048,60L390,BC Hydro,BC,British Columbia,1,ac,4.000,2.469,30.610,18.895,69,11.76,25,41,Rupert,BC_RUP_DSS,Diana Lake JCT,BC_DIL_JCT,NULL
6693,30049,60L390,BC Hydro,BC,British Columbia,1,ac,2.000,1.235,30.610,18.895,69,11.76,25,41,Brown Lake JCT,BC_BRL_JCT,Falls River GS,BC_FLS_GSS,NULL
6694,30050,60L390,BC Hydro,BC,British Columbia,1,ac,2.610,1.611,30.610,18.895,69,11.76,25,41,Diana Lake JCT,BC_DIL_JCT,Green River JCT,BC_GRR_JCT,NULL
6695,30051,60L390BRL,BC Hydro,BC,British Columbia,1,ac,0.069,0.042,0.069,0.042,69,0.03,37,37,Brown Lake JCT,BC_BRL_JCT,Brown Lake GS,BC_BRL_GSS,NULL
6696,30052,60L390DIL,BC Hydro,BC,British Columbia,1,ac,0.014,0.009,0.014,0.009,69,0.01,36,39,Diana Lake JCT,BC_DIL_JCT,Diana Lake,BC_DIL_DSS,NULL
6697,30053,60L390GRR,BC Hydro,BC,British Columbia,1,ac,0.013,0.008,0.013,0.008,69,0.00,36,39,Green River JCT,BC_GRR_JCT,Green River,BC_GRR_DSS,NULL
6698,30054,60L391,BC Hydro,BC,British Columbia,1,ac,8.000,4.938,11.110,6.858,69,4.27,46,80,Rupert,BC_RUP_DSS,Fareview Container Terminal JCT,BC_PRT_JCT,NULL
6699,30055,60L391,BC Hydro,BC,British Columbia,1,ac,3.110,1.920,11.110,6.858,69,4.27,46,80,Fareview Container Terminal JCT,BC_PRT_JCT,Oldfield,BC_OFD_DSS,NULL
6700,30056,60L391PRT,BC Hydro,BC,British Columbia,1,ac,4.424,2.731,4.424,2.731,69,1.70,36,39,Fareview Container Terminal JCT,BC_PRT_JCT,Fareview Container Terminal,BC_PRT_ISS,NULL
6701,30057,60L392,BC Hydro,BC,British Columbia,1,ac,3.000,1.852,10.710,6.611,69,4.12,48,82,Rupert,BC_RUP_DSS,Port Edward JCT,BC_PED_JCT,NULL
6702,30058,60L392,BC Hydro,BC,British Columbia,1,ac,3.000,1.852,10.710,6.611,69,4.12,48,82,Skeena Cellulose JCT,BC_SKL_JCT,Prince Rupert Grain JCT,BC_PRG_JCT,NULL
6703,30059,60L392,BC Hydro,BC,British Columbia,1,ac,1.710,1.056,10.710,6.611,69,4.12,48,82,Prince Rupert Grain JCT,BC_PRG_JCT,Ridley Terminals Inc,BC_RTI_ISS,NULL
6704,30060,60L392,BC Hydro,BC,British Columbia,1,ac,3.000,1.852,10.710,6.611,69,4.12,48,82,Port Edward JCT,BC_PED_JCT,Skeena Cellulose JCT,BC_SKL_JCT,NULL
6705,30061,60L392PED,BC Hydro,BC,British Columbia,1,ac,0.778,0.480,0.778,0.480,69,0.30,48,82,Port Edward JCT,BC_PED_JCT,Port Edward,BC_PED_DSS,NULL
6706,30062,60L392PRG,BC Hydro,BC,British Columbia,1,ac,0.019,0.012,0.019,0.012,69,0.01,48,82,Prince Rupert Grain JCT,BC_PRG_JCT,Prince Rupert Grain,BC_PRG_ISS,NULL
6707,30063,60L392SKL,BC Hydro,BC,British Columbia,1,ac,0.613,0.379,0.613,0.379,69,0.24,49,84,Skeena Cellulose JCT,BC_SKL_JCT,Skeena Cellulose,BC_SKL_ISS,NULL
6708,30064,60L393,BC Hydro,BC,British Columbia,1,ac,10.780,6.655,10.780,6.655,69,4.14,46,80,Rupert,BC_RUP_DSS,Oldfield,BC_OFD_DSS,NULL
6709,30065,60L394,BC Hydro,BC,British Columbia,1,ac,10.726,6.621,10.726,6.621,69,4.12,42,70,Skeena,BC_SKA_DSS,Kalum,BC_KAL_DSS,NULL
6710,30066,60L395,BC Hydro,BC,British Columbia,1,ac,0.474,0.293,0.474,0.293,69,0.18,81,102,Rupert Gas,BC_RPG_GSS,Rupert,BC_RUP_DSS,NULL
6711,30067,61L,FortisBC,BC,British Columbia,1,ac,5.000,3.086,5.000,3.086,138,2.17,141,156,Duck Lake,BC_DUC_DSS,Ellison,BC_ELL_DSS,NULL
6712,30068,62L,FortisBC,BC,British Columbia,1,ac,1.000,0.617,1.000,0.617,63,0.38,30,33,Warfield TS,BC_WTS_TSS,Emerald SWS,BC_ESS_SWS,NULL
6713,30069,66L,FortisBC,BC,British Columbia,1,ac,20.000,12.346,20.000,12.346,63,7.60,30,33,Bentley TS,BC_BEN_TSS,NkMip,BC_NKM_DSS,NULL
6714,30070,68L,FortisBC,BC,British Columbia,1,ac,1.000,0.617,1.000,0.617,63,0.38,30,33,Bentley TS,BC_BEN_TSS,Oliver TS,BC_OLI_TSS,NULL
6715,30071,69L,FortisBC,BC,British Columbia,1,ac,1.000,0.617,1.000,0.617,63,0.38,30,33,Bentley TS,BC_BEN_TSS,Oliver TS,BC_OLI_TSS,NULL
6716,30072,6L,FortisBC,BC,British Columbia,1,ac,5.000,3.086,18.500,11.420,63,7.03,30,33,Ootischenia,BC_OOT_DSS,Blueberry,BC_BLB_DSS,BLB used for Blueberry  to avoid confusion with BLU - Blue River
6717,30073,6L,FortisBC,BC,British Columbia,1,ac,1.000,0.617,18.500,11.420,63,7.03,30,33,Brilliant SWS,BC_BSS_SWS,Blueberry JCT,BC_BLB_JCT,BLB used for Blueberry  to avoid confusion with BLU - Blue River
6718,30074,6L,FortisBC,BC,British Columbia,1,ac,2.000,1.235,18.500,11.420,63,7.03,30,33,Blueberry JCT,BC_BLB_JCT,Castlegar,BC_CAS_DSS,BLB used for Blueberry  to avoid confusion with BLU - Blue River
6719,30075,6L,FortisBC,BC,British Columbia,1,ac,5.500,3.395,18.500,11.420,63,7.03,30,33,Castlegar,BC_CAS_DSS,Kraft GS,BC_KRA_GSS,Kraft refers to Celgar Green Energy
6720,30076,6L,FortisBC,BC,British Columbia,1,ac,2.500,1.543,18.500,11.420,63,7.03,30,33,Blueberry JCT,BC_BLB_JCT,Ootischenia,BC_OOT_DSS,BLB used for Blueberry  to avoid confusion with BLU - Blue River
6721,30077,6L,FortisBC,BC,British Columbia,1,ac,2.500,1.543,18.500,11.420,63,7.03,30,33,Kraft GS,BC_KRA_GSS,Westar,BC_WST_DSS,NULL
6722,30078,71L 2L277,FortisBC,BC,British Columbia,1,ac,1.000,0.617,21.000,12.963,230,10.08,450,450,Nelway,BC_NLY_DSS,INT Nelway BPA,XX_BCUS2_INT,NULL
6723,30079,71L 2L277,FortisBC,BC,British Columbia,1,ac,20.000,12.346,21.000,12.963,230,10.08,402,435,Waneta TS,BC_WHS_TSS,Nelway,BC_NLY_DSS,NULL
6724,30080,72L 2L263,FortisBC,BC,British Columbia,1,ac,42.500,26.235,42.500,26.235,230,20.40,402,435,FA Lee TS,BC_LEE_TSS,Vernon TS,BC_VNT_TSS,NULL
6725,30081,73L,FortisBC,BC,British Columbia,1,ac,15.000,9.259,57.500,35.494,230,27.60,402,435,FA Lee TS,BC_LEE_TSS,DG Bell TS,BC_DGB_TSS,NULL
6726,30082,73L,FortisBC,BC,British Columbia,1,ac,42.500,26.235,57.500,35.494,230,27.60,402,435,DG Bell TS,BC_DGB_TSS,RG Anderson TS,BC_RGA_TSS,NULL
6727,30083,74L 2L264,FortisBC,BC,British Columbia,1,ac,42.500,26.235,42.500,26.235,230,20.40,402,435,FA Lee TS,BC_LEE_TSS,Vernon TS,BC_VNT_TSS,NULL
6728,30084,75L,FortisBC,BC,British Columbia,1,ac,25.000,15.432,25.000,15.432,230,12.00,402,435,RG Anderson TS,BC_RGA_TSS,Vaseux Lake TS,BC_VAS_TSS,NULL
6729,30085,76L,FortisBC,BC,British Columbia,1,ac,25.000,15.432,25.000,15.432,230,12.00,402,435,RG Anderson TS,BC_RGA_TSS,Vaseux Lake TS,BC_VAS_TSS,NULL
6730,30086,77L,FortisBC,BC,British Columbia,1,ac,25.000,15.432,25.000,15.432,230,12.00,402,435,Warfield TS,BC_WTS_TSS,Brilliant TS,BC_BTS_TSS,NULL
6731,30087,79L 2L288,FortisBC,BC,British Columbia,1,ac,15.000,9.259,15.000,9.259,230,7.20,402,435,Brilliant TS,BC_BTS_TSS,Kootenay Canal GS,BC_KCL_GSS,NULL
6732,30088,7L,FortisBC,BC,British Columbia,1,ac,1.000,0.617,2.000,1.235,63,0.76,30,33,Brilliant SWS,BC_BSS_SWS,Brilliant GS,BC_BRD_GSS,NULL
6733,30089,7L,FortisBC,BC,British Columbia,1,ac,1.000,0.617,2.000,1.235,63,0.76,30,33,Brilliant TS,BC_BTS_TSS,Brilliant SWS,BC_BSS_SWS,NULL
6734,30090,81L 2L290,FortisBC,BC,British Columbia,1,ac,15.000,9.259,15.000,9.259,230,7.20,402,435,Arrow Lakes GS,BC_ALH_GSS,Brilliant TS,BC_BTS_TSS,NULL
6735,30091,82L 2L289,FortisBC,BC,British Columbia,1,ac,35.000,21.605,35.000,21.605,230,16.80,402,435,Brilliant TS,BC_BTS_TSS,Selkirk TS,BC_SEL_TSS,NULL
6736,30092,83L,FortisBC,BC,British Columbia,1,ac,3.000,1.852,3.000,1.852,230,1.44,402,435,Brilliant TS,BC_BTS_TSS,Brilliant Expansion GS,BC_BRX_GSS,NULL
6737,30093,8L,FortisBC,BC,British Columbia,1,ac,1.000,0.617,2.000,1.235,63,0.76,30,33,Brilliant SWS,BC_BSS_SWS,Brilliant GS,BC_BRD_GSS,NULL
6738,30094,8L,FortisBC,BC,British Columbia,1,ac,1.000,0.617,2.000,1.235,63,0.76,30,33,Brilliant TS,BC_BTS_TSS,Brilliant SWS,BC_BSS_SWS,NULL
6739,30095,9EL,FortisBC,BC,British Columbia,1,ac,1.000,0.617,53.500,33.025,63,20.33,30,33,Cascade JCT,BC_CSC_JCT,Cascade,BC_CSC_DSS,NULL
6740,30096,9EL,FortisBC,BC,British Columbia,1,ac,32.500,20.062,53.500,33.025,63,20.33,30,33,Christina Lake JCT,BC_CHR_JCT,Cascade JCT,BC_CSC_JCT,NULL
6741,30097,9EL,FortisBC,BC,British Columbia,1,ac,17.500,10.802,53.500,33.025,63,20.33,30,33,Ruckles JCT,BC_RUC_JCT,Christina Lake JCT,BC_CHR_JCT,NULL
6742,30098,9EL,FortisBC,BC,British Columbia,1,ac,2.500,1.543,53.500,33.025,63,20.33,30,33,Grand Forks TS,BC_GFT_TSS,Ruckles JCT,BC_RUC_JCT,NULL
6743,30099,9ELCHR,FortisBC,BC,British Columbia,1,ac,2.000,1.235,2.000,1.235,63,0.76,30,33,Christina Lake JCT,BC_CHR_JCT,Christina Lake,BC_CHR_DSS,NULL
6744,30100,9ELRUC,FortisBC,BC,British Columbia,1,ac,1.000,0.617,2.500,1.543,63,0.95,30,33,Ruckles JCT,BC_RUC_JCT,Bradford,BC_BRA_ISS,NULL
6745,30101,9ELRUC,FortisBC,BC,British Columbia,1,ac,1.500,0.926,2.500,1.543,63,0.95,30,33,Bradford,BC_BRA_ISS,Ruckles,BC_RUC_DSS,NULL
6746,30102,9L,FortisBC,BC,British Columbia,1,ac,7.500,4.630,7.500,4.630,63,2.85,30,33,Cascade JCT,BC_CSC_JCT,Warfield TS,BC_WTS_TSS,NULL
